session,budget_year,expenditure_area,expenditure_area_name,actor,proposal_type,proposed_msek,approved_budget_msek,amendments_msek,outturn_msek,outturn_minus_proposal_msek,proposal_source_url,outturn_source_url
2016/17,2017,1,Rikets styrelse,C,party_motion,12923,13592.676,47.2,13654.491512609999,731.4915126099986,https://data.riksdagen.se/dokument/H401FiU1.html,https://www.statskontoret.se/analys-och-statistik/oppna-data/arsutfall/
2016/17,2017,2,Samhällsekonomi och finansförvaltning,C,party_motion,14757,15009.626999999999,25.0,15004.768431769999,247.76843176999864,https://data.riksdagen.se/dokument/H401FiU1.html,https://www.statskontoret.se/analys-och-statistik/oppna-data/arsutfall/
2016/17,2017,3,"Skatt, tull och exekution",C,party_motion,10880,10985.563999999998,38.0,11011.37116155,131.37116154999967,https://data.riksdagen.se/dokument/H401FiU1.html,https://www.statskontoret.se/analys-och-statistik/oppna-data/arsutfall/
2016/17,2017,4,Rättsväsendet,C,party_motion,42982,42461.197,1408.0,44058.545762689995,1076.5457626899952,https://data.riksdagen.se/dokument/H401FiU1.html,https://www.statskontoret.se/analys-och-statistik/oppna-data/arsutfall/
2016/17,2017,5,Internationell samverkan,C,party_motion,1901,1913.291,250.20000000000002,1953.3613348200001,52.36133482000014,https://data.riksdagen.se/dokument/H401FiU1.html,https://www.statskontoret.se/analys-och-statistik/oppna-data/arsutfall/
2016/17,2017,6,Försvar och samhällets krisberedskap,C,party_motion,50249,50194.967000000004,485.0,50323.41789323999,74.41789323998819,https://data.riksdagen.se/dokument/H401FiU1.html,https://www.statskontoret.se/analys-och-statistik/oppna-data/arsutfall/
2016/17,2017,7,Internationellt bistånd,C,party_motion,35490,34990.005,1784.554,36706.67201382999,1216.6720138299934,https://data.riksdagen.se/dokument/H401FiU1.html,https://www.statskontoret.se/analys-och-statistik/oppna-data/arsutfall/
2016/17,2017,8,Migration,C,party_motion,32556,32580.319,6841.0,40033.513119949996,7477.513119949996,https://data.riksdagen.se/dokument/H401FiU1.html,https://www.statskontoret.se/analys-och-statistik/oppna-data/arsutfall/
2016/17,2017,9,"Hälsovård, sjukvård och social omsorg",C,party_motion,63532,68496.16400000002,1948.0,67411.13500985001,3879.1350098500116,https://data.riksdagen.se/dokument/H401FiU1.html,https://www.statskontoret.se/analys-och-statistik/oppna-data/arsutfall/
2016/17,2017,10,Ekonomisk trygghet vid sjukdom och funktionsnedsättning,C,party_motion,103097,107051.80500000001,120.0,101868.16484805,-1228.8351519499993,https://data.riksdagen.se/dokument/H401FiU1.html,https://www.statskontoret.se/analys-och-statistik/oppna-data/arsutfall/
2016/17,2017,11,Ekonomisk trygghet vid ålderdom,C,party_motion,34355,34774.450999999994,0.0,34657.67373785,302.67373784999654,https://data.riksdagen.se/dokument/H401FiU1.html,https://www.statskontoret.se/analys-och-statistik/oppna-data/arsutfall/
2016/17,2017,12,Ekonomisk trygghet för familjer och barn,C,party_motion,87227,89491.39799999999,-104.563,88659.9255322,1432.9255321999954,https://data.riksdagen.se/dokument/H401FiU1.html,https://www.statskontoret.se/analys-och-statistik/oppna-data/arsutfall/
2016/17,2017,13,Jämställdhet och nyanlända invandrares etablering,C,party_motion,32781,26255.493000000002,22.0,18575.778093289995,-14205.221906710005,https://data.riksdagen.se/dokument/H401FiU1.html,https://www.statskontoret.se/analys-och-statistik/oppna-data/arsutfall/
2016/17,2017,14,Arbetsmarknad och arbetsliv,C,party_motion,68395,82036.40100000003,60.5,76914.21546636001,8519.215466360009,https://data.riksdagen.se/dokument/H401FiU1.html,https://www.statskontoret.se/analys-och-statistik/oppna-data/arsutfall/
2016/17,2017,15,Studiestöd,C,party_motion,21391,22433.998999999996,0.0,19670.73538058,-1720.2646194199988,https://data.riksdagen.se/dokument/H401FiU1.html,https://www.statskontoret.se/analys-och-statistik/oppna-data/arsutfall/
2016/17,2017,16,Utbildning och universitetsforskning,C,party_motion,69657,72386.70700000001,676.45,71104.11209991004,1447.1120999100385,https://data.riksdagen.se/dokument/H401FiU1.html,https://www.statskontoret.se/analys-och-statistik/oppna-data/arsutfall/
2016/17,2017,17,"Kultur, medier, trossamfund och fritid",C,party_motion,13919,14521.253999999999,0.0,14475.495515710001,556.4955157100012,https://data.riksdagen.se/dokument/H401FiU1.html,https://www.statskontoret.se/analys-och-statistik/oppna-data/arsutfall/
2016/17,2017,18,"Samhällsplanering, bostadsförsörjning och byggande samt konsumentpolitik",C,party_motion,1231,6764.5599999999995,40.0,3802.6354355000003,2571.6354355000003,https://data.riksdagen.se/dokument/H401FiU1.html,https://www.statskontoret.se/analys-och-statistik/oppna-data/arsutfall/
2016/17,2017,19,Regional tillväxt,C,party_motion,3575,3595.4809999999998,0.0,2808.29513749,-766.7048625100001,https://data.riksdagen.se/dokument/H401FiU1.html,https://www.statskontoret.se/analys-och-statistik/oppna-data/arsutfall/
2016/17,2017,20,Allmän miljö- och naturvård,C,party_motion,6266,8403.539,509.0,7780.1020456,1514.1020455999997,https://data.riksdagen.se/dokument/H401FiU1.html,https://www.statskontoret.se/analys-och-statistik/oppna-data/arsutfall/
2016/17,2017,21,Energi,C,party_motion,3021,2936.295,203.0,3051.663969999999,30.663969999999154,https://data.riksdagen.se/dokument/H401FiU1.html,https://www.statskontoret.se/analys-och-statistik/oppna-data/arsutfall/
2016/17,2017,22,Kommunikationer,C,party_motion,54232,55039.651999999995,43.0,53223.35690792,-1008.6430920799976,https://data.riksdagen.se/dokument/H401FiU1.html,https://www.statskontoret.se/analys-och-statistik/oppna-data/arsutfall/
2016/17,2017,23,"Areella näringar, landsbygd och livsmedel",C,party_motion,17259,17189.401,1052.5,17225.16740526,-33.832594740000786,https://data.riksdagen.se/dokument/H401FiU1.html,https://www.statskontoret.se/analys-och-statistik/oppna-data/arsutfall/
2016/17,2017,24,Näringsliv,C,party_motion,6045,6456.0199999999995,400.0,6415.597453350001,370.59745335000116,https://data.riksdagen.se/dokument/H401FiU1.html,https://www.statskontoret.se/analys-och-statistik/oppna-data/arsutfall/
2016/17,2017,25,Allmänna bidrag till kommuner,C,party_motion,105697,105554.92,11.236,105565.837046,-131.16295399999944,https://data.riksdagen.se/dokument/H401FiU1.html,https://www.statskontoret.se/analys-och-statistik/oppna-data/arsutfall/
2016/17,2017,26,Statsskuldsräntor m.m.,C,party_motion,16468,16467.79,0.0,10568.71727342,-5899.282726580001,https://data.riksdagen.se/dokument/H401FiU1.html,https://www.statskontoret.se/analys-och-statistik/oppna-data/arsutfall/
2016/17,2017,27,Avgiften till Europeiska unionen,C,party_motion,29586,29586.305,0.0,24224.47935722,-5361.52064278,https://data.riksdagen.se/dokument/H401FiU1.html,https://www.statskontoret.se/analys-och-statistik/oppna-data/arsutfall/
2016/17,2017,1,Rikets styrelse,GOV,government,13268,13592.676,47.2,13654.491512609999,386.4915126099986,https://data.riksdagen.se/dokument/H401FiU1.html,https://www.statskontoret.se/analys-och-statistik/oppna-data/arsutfall/
2016/17,2017,2,Samhällsekonomi och finansförvaltning,GOV,government,15259,15009.626999999999,25.0,15004.768431769999,-254.23156823000136,https://data.riksdagen.se/dokument/H401FiU1.html,https://www.statskontoret.se/analys-och-statistik/oppna-data/arsutfall/
2016/17,2017,3,"Skatt, tull och exekution",GOV,government,10986,10985.563999999998,38.0,11011.37116155,25.37116154999967,https://data.riksdagen.se/dokument/H401FiU1.html,https://www.statskontoret.se/analys-och-statistik/oppna-data/arsutfall/
2016/17,2017,4,Rättsväsendet,GOV,government,42467,42461.197,1408.0,44058.545762689995,1591.5457626899952,https://data.riksdagen.se/dokument/H401FiU1.html,https://www.statskontoret.se/analys-och-statistik/oppna-data/arsutfall/
2016/17,2017,5,Internationell samverkan,GOV,government,1913,1913.291,250.20000000000002,1953.3613348200001,40.36133482000014,https://data.riksdagen.se/dokument/H401FiU1.html,https://www.statskontoret.se/analys-och-statistik/oppna-data/arsutfall/
2016/17,2017,6,Försvar och samhällets krisberedskap,GOV,government,50254,50194.967000000004,485.0,50323.41789323999,69.41789323998819,https://data.riksdagen.se/dokument/H401FiU1.html,https://www.statskontoret.se/analys-och-statistik/oppna-data/arsutfall/
2016/17,2017,7,Internationellt bistånd,GOV,government,34990,34990.005,1784.554,36706.67201382999,1716.6720138299934,https://data.riksdagen.se/dokument/H401FiU1.html,https://www.statskontoret.se/analys-och-statistik/oppna-data/arsutfall/
2016/17,2017,8,Migration,GOV,government,32580,32580.319,6841.0,40033.513119949996,7453.513119949996,https://data.riksdagen.se/dokument/H401FiU1.html,https://www.statskontoret.se/analys-och-statistik/oppna-data/arsutfall/
2016/17,2017,9,"Hälsovård, sjukvård och social omsorg",GOV,government,68496,68496.16400000002,1948.0,67411.13500985001,-1084.8649901499884,https://data.riksdagen.se/dokument/H401FiU1.html,https://www.statskontoret.se/analys-och-statistik/oppna-data/arsutfall/
2016/17,2017,10,Ekonomisk trygghet vid sjukdom och funktionsnedsättning,GOV,government,107052,107051.80500000001,120.0,101868.16484805,-5183.835151949999,https://data.riksdagen.se/dokument/H401FiU1.html,https://www.statskontoret.se/analys-och-statistik/oppna-data/arsutfall/
2016/17,2017,11,Ekonomisk trygghet vid ålderdom,GOV,government,34774,34774.450999999994,0.0,34657.67373785,-116.32626215000346,https://data.riksdagen.se/dokument/H401FiU1.html,https://www.statskontoret.se/analys-och-statistik/oppna-data/arsutfall/
2016/17,2017,12,Ekonomisk trygghet för familjer och barn,GOV,government,89491,89491.39799999999,-104.563,88659.9255322,-831.0744678000046,https://data.riksdagen.se/dokument/H401FiU1.html,https://www.statskontoret.se/analys-och-statistik/oppna-data/arsutfall/
2016/17,2017,13,Jämställdhet och nyanlända invandrares etablering,GOV,government,32635,26255.493000000002,22.0,18575.778093289995,-14059.221906710005,https://data.riksdagen.se/dokument/H401FiU1.html,https://www.statskontoret.se/analys-och-statistik/oppna-data/arsutfall/
2016/17,2017,14,Arbetsmarknad och arbetsliv,GOV,government,75657,82036.40100000003,60.5,76914.21546636001,1257.2154663600086,https://data.riksdagen.se/dokument/H401FiU1.html,https://www.statskontoret.se/analys-och-statistik/oppna-data/arsutfall/
2016/17,2017,15,Studiestöd,GOV,government,22434,22433.998999999996,0.0,19670.73538058,-2763.264619419999,https://data.riksdagen.se/dokument/H401FiU1.html,https://www.statskontoret.se/analys-och-statistik/oppna-data/arsutfall/
2016/17,2017,16,Utbildning och universitetsforskning,GOV,government,72381,72386.70700000001,676.45,71104.11209991004,-1276.8879000899615,https://data.riksdagen.se/dokument/H401FiU1.html,https://www.statskontoret.se/analys-och-statistik/oppna-data/arsutfall/
2016/17,2017,17,"Kultur, medier, trossamfund och fritid",GOV,government,14521,14521.253999999999,0.0,14475.495515710001,-45.5044842899988,https://data.riksdagen.se/dokument/H401FiU1.html,https://www.statskontoret.se/analys-och-statistik/oppna-data/arsutfall/
2016/17,2017,18,"Samhällsplanering, bostadsförsörjning och byggande samt konsumentpolitik",GOV,government,6765,6764.5599999999995,40.0,3802.6354355000003,-2962.3645644999997,https://data.riksdagen.se/dokument/H401FiU1.html,https://www.statskontoret.se/analys-och-statistik/oppna-data/arsutfall/
2016/17,2017,19,Regional tillväxt,GOV,government,3595,3595.4809999999998,0.0,2808.29513749,-786.7048625100001,https://data.riksdagen.se/dokument/H401FiU1.html,https://www.statskontoret.se/analys-och-statistik/oppna-data/arsutfall/
2016/17,2017,20,Allmän miljö- och naturvård,GOV,government,8404,8403.539,509.0,7780.1020456,-623.8979544000003,https://data.riksdagen.se/dokument/H401FiU1.html,https://www.statskontoret.se/analys-och-statistik/oppna-data/arsutfall/
2016/17,2017,21,Energi,GOV,government,2877,2936.295,203.0,3051.663969999999,174.66396999999915,https://data.riksdagen.se/dokument/H401FiU1.html,https://www.statskontoret.se/analys-och-statistik/oppna-data/arsutfall/
2016/17,2017,22,Kommunikationer,GOV,government,55115,55039.651999999995,43.0,53223.35690792,-1891.6430920799976,https://data.riksdagen.se/dokument/H401FiU1.html,https://www.statskontoret.se/analys-och-statistik/oppna-data/arsutfall/
2016/17,2017,23,"Areella näringar, landsbygd och livsmedel",GOV,government,17189,17189.401,1052.5,17225.16740526,36.167405259999214,https://data.riksdagen.se/dokument/H401FiU1.html,https://www.statskontoret.se/analys-och-statistik/oppna-data/arsutfall/
2016/17,2017,24,Näringsliv,GOV,government,6456,6456.0199999999995,400.0,6415.597453350001,-40.40254664999884,https://data.riksdagen.se/dokument/H401FiU1.html,https://www.statskontoret.se/analys-och-statistik/oppna-data/arsutfall/
2016/17,2017,25,Allmänna bidrag till kommuner,GOV,government,105555,105554.92,11.236,105565.837046,10.837046000000555,https://data.riksdagen.se/dokument/H401FiU1.html,https://www.statskontoret.se/analys-och-statistik/oppna-data/arsutfall/
2016/17,2017,26,Statsskuldsräntor m.m.,GOV,government,16468,16467.79,0.0,10568.71727342,-5899.282726580001,https://data.riksdagen.se/dokument/H401FiU1.html,https://www.statskontoret.se/analys-och-statistik/oppna-data/arsutfall/
2016/17,2017,27,Avgiften till Europeiska unionen,GOV,government,29586,29586.305,0.0,24224.47935722,-5361.52064278,https://data.riksdagen.se/dokument/H401FiU1.html,https://www.statskontoret.se/analys-och-statistik/oppna-data/arsutfall/
2016/17,2017,1,Rikets styrelse,KD,party_motion,12864,13592.676,47.2,13654.491512609999,790.4915126099986,https://data.riksdagen.se/dokument/H401FiU1.html,https://www.statskontoret.se/analys-och-statistik/oppna-data/arsutfall/
2016/17,2017,2,Samhällsekonomi och finansförvaltning,KD,party_motion,15089,15009.626999999999,25.0,15004.768431769999,-84.23156823000136,https://data.riksdagen.se/dokument/H401FiU1.html,https://www.statskontoret.se/analys-och-statistik/oppna-data/arsutfall/
2016/17,2017,3,"Skatt, tull och exekution",KD,party_motion,10939,10985.563999999998,38.0,11011.37116155,72.37116154999967,https://data.riksdagen.se/dokument/H401FiU1.html,https://www.statskontoret.se/analys-och-statistik/oppna-data/arsutfall/
2016/17,2017,4,Rättsväsendet,KD,party_motion,43076,42461.197,1408.0,44058.545762689995,982.5457626899952,https://data.riksdagen.se/dokument/H401FiU1.html,https://www.statskontoret.se/analys-och-statistik/oppna-data/arsutfall/
2016/17,2017,5,Internationell samverkan,KD,party_motion,1913,1913.291,250.20000000000002,1953.3613348200001,40.36133482000014,https://data.riksdagen.se/dokument/H401FiU1.html,https://www.statskontoret.se/analys-och-statistik/oppna-data/arsutfall/
2016/17,2017,6,Försvar och samhällets krisberedskap,KD,party_motion,50294,50194.967000000004,485.0,50323.41789323999,29.41789323998819,https://data.riksdagen.se/dokument/H401FiU1.html,https://www.statskontoret.se/analys-och-statistik/oppna-data/arsutfall/
2016/17,2017,7,Internationellt bistånd,KD,party_motion,34990,34990.005,1784.554,36706.67201382999,1716.6720138299934,https://data.riksdagen.se/dokument/H401FiU1.html,https://www.statskontoret.se/analys-och-statistik/oppna-data/arsutfall/
2016/17,2017,8,Migration,KD,party_motion,34586,32580.319,6841.0,40033.513119949996,5447.513119949996,https://data.riksdagen.se/dokument/H401FiU1.html,https://www.statskontoret.se/analys-och-statistik/oppna-data/arsutfall/
2016/17,2017,9,"Hälsovård, sjukvård och social omsorg",KD,party_motion,73075,68496.16400000002,1948.0,67411.13500985001,-5663.864990149988,https://data.riksdagen.se/dokument/H401FiU1.html,https://www.statskontoret.se/analys-och-statistik/oppna-data/arsutfall/
2016/17,2017,10,Ekonomisk trygghet vid sjukdom och funktionsnedsättning,KD,party_motion,104404,107051.80500000001,120.0,101868.16484805,-2535.8351519499993,https://data.riksdagen.se/dokument/H401FiU1.html,https://www.statskontoret.se/analys-och-statistik/oppna-data/arsutfall/
2016/17,2017,11,Ekonomisk trygghet vid ålderdom,KD,party_motion,36072,34774.450999999994,0.0,34657.67373785,-1414.3262621500035,https://data.riksdagen.se/dokument/H401FiU1.html,https://www.statskontoret.se/analys-och-statistik/oppna-data/arsutfall/
2016/17,2017,12,Ekonomisk trygghet för familjer och barn,KD,party_motion,92459,89491.39799999999,-104.563,88659.9255322,-3799.0744678000046,https://data.riksdagen.se/dokument/H401FiU1.html,https://www.statskontoret.se/analys-och-statistik/oppna-data/arsutfall/
2016/17,2017,13,Jämställdhet och nyanlända invandrares etablering,KD,party_motion,31333,26255.493000000002,22.0,18575.778093289995,-12757.221906710005,https://data.riksdagen.se/dokument/H401FiU1.html,https://www.statskontoret.se/analys-och-statistik/oppna-data/arsutfall/
2016/17,2017,14,Arbetsmarknad och arbetsliv,KD,party_motion,69198,82036.40100000003,60.5,76914.21546636001,7716.215466360009,https://data.riksdagen.se/dokument/H401FiU1.html,https://www.statskontoret.se/analys-och-statistik/oppna-data/arsutfall/
2016/17,2017,15,Studiestöd,KD,party_motion,18954,22433.998999999996,0.0,19670.73538058,716.7353805800012,https://data.riksdagen.se/dokument/H401FiU1.html,https://www.statskontoret.se/analys-och-statistik/oppna-data/arsutfall/
2016/17,2017,16,Utbildning och universitetsforskning,KD,party_motion,73025,72386.70700000001,676.45,71104.11209991004,-1920.8879000899615,https://data.riksdagen.se/dokument/H401FiU1.html,https://www.statskontoret.se/analys-och-statistik/oppna-data/arsutfall/
2016/17,2017,17,"Kultur, medier, trossamfund och fritid",KD,party_motion,13966,14521.253999999999,0.0,14475.495515710001,509.4955157100012,https://data.riksdagen.se/dokument/H401FiU1.html,https://www.statskontoret.se/analys-och-statistik/oppna-data/arsutfall/
2016/17,2017,18,"Samhällsplanering, bostadsförsörjning och byggande samt konsumentpolitik",KD,party_motion,1161,6764.5599999999995,40.0,3802.6354355000003,2641.6354355000003,https://data.riksdagen.se/dokument/H401FiU1.html,https://www.statskontoret.se/analys-och-statistik/oppna-data/arsutfall/
2016/17,2017,19,Regional tillväxt,KD,party_motion,3599,3595.4809999999998,0.0,2808.29513749,-790.7048625100001,https://data.riksdagen.se/dokument/H401FiU1.html,https://www.statskontoret.se/analys-och-statistik/oppna-data/arsutfall/
2016/17,2017,20,Allmän miljö- och naturvård,KD,party_motion,5449,8403.539,509.0,7780.1020456,2331.1020455999997,https://data.riksdagen.se/dokument/H401FiU1.html,https://www.statskontoret.se/analys-och-statistik/oppna-data/arsutfall/
2016/17,2017,21,Energi,KD,party_motion,2764,2936.295,203.0,3051.663969999999,287.66396999999915,https://data.riksdagen.se/dokument/H401FiU1.html,https://www.statskontoret.se/analys-och-statistik/oppna-data/arsutfall/
2016/17,2017,22,Kommunikationer,KD,party_motion,55467,55039.651999999995,43.0,53223.35690792,-2243.6430920799976,https://data.riksdagen.se/dokument/H401FiU1.html,https://www.statskontoret.se/analys-och-statistik/oppna-data/arsutfall/
2016/17,2017,23,"Areella näringar, landsbygd och livsmedel",KD,party_motion,17241,17189.401,1052.5,17225.16740526,-15.832594740000786,https://data.riksdagen.se/dokument/H401FiU1.html,https://www.statskontoret.se/analys-och-statistik/oppna-data/arsutfall/
2016/17,2017,24,Näringsliv,KD,party_motion,5280,6456.0199999999995,400.0,6415.597453350001,1135.5974533500012,https://data.riksdagen.se/dokument/H401FiU1.html,https://www.statskontoret.se/analys-och-statistik/oppna-data/arsutfall/
2016/17,2017,25,Allmänna bidrag till kommuner,KD,party_motion,94725,105554.92,11.236,105565.837046,10840.837046,https://data.riksdagen.se/dokument/H401FiU1.html,https://www.statskontoret.se/analys-och-statistik/oppna-data/arsutfall/
2016/17,2017,26,Statsskuldsräntor m.m.,KD,party_motion,16468,16467.79,0.0,10568.71727342,-5899.282726580001,https://data.riksdagen.se/dokument/H401FiU1.html,https://www.statskontoret.se/analys-och-statistik/oppna-data/arsutfall/
2016/17,2017,27,Avgiften till Europeiska unionen,KD,party_motion,29586,29586.305,0.0,24224.47935722,-5361.52064278,https://data.riksdagen.se/dokument/H401FiU1.html,https://www.statskontoret.se/analys-och-statistik/oppna-data/arsutfall/
2016/17,2017,1,Rikets styrelse,L,party_motion,13242,13592.676,47.2,13654.491512609999,412.4915126099986,https://data.riksdagen.se/dokument/H401FiU1.html,https://www.statskontoret.se/analys-och-statistik/oppna-data/arsutfall/
2016/17,2017,2,Samhällsekonomi och finansförvaltning,L,party_motion,15096,15009.626999999999,25.0,15004.768431769999,-91.23156823000136,https://data.riksdagen.se/dokument/H401FiU1.html,https://www.statskontoret.se/analys-och-statistik/oppna-data/arsutfall/
2016/17,2017,3,"Skatt, tull och exekution",L,party_motion,11005,10985.563999999998,38.0,11011.37116155,6.37116154999967,https://data.riksdagen.se/dokument/H401FiU1.html,https://www.statskontoret.se/analys-och-statistik/oppna-data/arsutfall/
2016/17,2017,4,Rättsväsendet,L,party_motion,43279,42461.197,1408.0,44058.545762689995,779.5457626899952,https://data.riksdagen.se/dokument/H401FiU1.html,https://www.statskontoret.se/analys-och-statistik/oppna-data/arsutfall/
2016/17,2017,5,Internationell samverkan,L,party_motion,1913,1913.291,250.20000000000002,1953.3613348200001,40.36133482000014,https://data.riksdagen.se/dokument/H401FiU1.html,https://www.statskontoret.se/analys-och-statistik/oppna-data/arsutfall/
2016/17,2017,6,Försvar och samhällets krisberedskap,L,party_motion,52221,50194.967000000004,485.0,50323.41789323999,-1897.5821067600118,https://data.riksdagen.se/dokument/H401FiU1.html,https://www.statskontoret.se/analys-och-statistik/oppna-data/arsutfall/
2016/17,2017,7,Internationellt bistånd,L,party_motion,35454,34990.005,1784.554,36706.67201382999,1252.6720138299934,https://data.riksdagen.se/dokument/H401FiU1.html,https://www.statskontoret.se/analys-och-statistik/oppna-data/arsutfall/
2016/17,2017,8,Migration,L,party_motion,32111,32580.319,6841.0,40033.513119949996,7922.513119949996,https://data.riksdagen.se/dokument/H401FiU1.html,https://www.statskontoret.se/analys-och-statistik/oppna-data/arsutfall/
2016/17,2017,9,"Hälsovård, sjukvård och social omsorg",L,party_motion,67974,68496.16400000002,1948.0,67411.13500985001,-562.8649901499884,https://data.riksdagen.se/dokument/H401FiU1.html,https://www.statskontoret.se/analys-och-statistik/oppna-data/arsutfall/
2016/17,2017,10,Ekonomisk trygghet vid sjukdom och funktionsnedsättning,L,party_motion,102095,107051.80500000001,120.0,101868.16484805,-226.83515194999927,https://data.riksdagen.se/dokument/H401FiU1.html,https://www.statskontoret.se/analys-och-statistik/oppna-data/arsutfall/
2016/17,2017,11,Ekonomisk trygghet vid ålderdom,L,party_motion,35073,34774.450999999994,0.0,34657.67373785,-415.32626215000346,https://data.riksdagen.se/dokument/H401FiU1.html,https://www.statskontoret.se/analys-och-statistik/oppna-data/arsutfall/
2016/17,2017,12,Ekonomisk trygghet för familjer och barn,L,party_motion,89496,89491.39799999999,-104.563,88659.9255322,-836.0744678000046,https://data.riksdagen.se/dokument/H401FiU1.html,https://www.statskontoret.se/analys-och-statistik/oppna-data/arsutfall/
2016/17,2017,13,Jämställdhet och nyanlända invandrares etablering,L,party_motion,33229,26255.493000000002,22.0,18575.778093289995,-14653.221906710005,https://data.riksdagen.se/dokument/H401FiU1.html,https://www.statskontoret.se/analys-och-statistik/oppna-data/arsutfall/
2016/17,2017,14,Arbetsmarknad och arbetsliv,L,party_motion,69105,82036.40100000003,60.5,76914.21546636001,7809.215466360009,https://data.riksdagen.se/dokument/H401FiU1.html,https://www.statskontoret.se/analys-och-statistik/oppna-data/arsutfall/
2016/17,2017,15,Studiestöd,L,party_motion,21153,22433.998999999996,0.0,19670.73538058,-1482.2646194199988,https://data.riksdagen.se/dokument/H401FiU1.html,https://www.statskontoret.se/analys-och-statistik/oppna-data/arsutfall/
2016/17,2017,16,Utbildning och universitetsforskning,L,party_motion,71744,72386.70700000001,676.45,71104.11209991004,-639.8879000899615,https://data.riksdagen.se/dokument/H401FiU1.html,https://www.statskontoret.se/analys-och-statistik/oppna-data/arsutfall/
2016/17,2017,17,"Kultur, medier, trossamfund och fritid",L,party_motion,13923,14521.253999999999,0.0,14475.495515710001,552.4955157100012,https://data.riksdagen.se/dokument/H401FiU1.html,https://www.statskontoret.se/analys-och-statistik/oppna-data/arsutfall/
2016/17,2017,18,"Samhällsplanering, bostadsförsörjning och byggande samt konsumentpolitik",L,party_motion,1172,6764.5599999999995,40.0,3802.6354355000003,2630.6354355000003,https://data.riksdagen.se/dokument/H401FiU1.html,https://www.statskontoret.se/analys-och-statistik/oppna-data/arsutfall/
2016/17,2017,19,Regional tillväxt,L,party_motion,3507,3595.4809999999998,0.0,2808.29513749,-698.7048625100001,https://data.riksdagen.se/dokument/H401FiU1.html,https://www.statskontoret.se/analys-och-statistik/oppna-data/arsutfall/
2016/17,2017,20,Allmän miljö- och naturvård,L,party_motion,6103,8403.539,509.0,7780.1020456,1677.1020455999997,https://data.riksdagen.se/dokument/H401FiU1.html,https://www.statskontoret.se/analys-och-statistik/oppna-data/arsutfall/
2016/17,2017,21,Energi,L,party_motion,2571,2936.295,203.0,3051.663969999999,480.66396999999915,https://data.riksdagen.se/dokument/H401FiU1.html,https://www.statskontoret.se/analys-och-statistik/oppna-data/arsutfall/
2016/17,2017,22,Kommunikationer,L,party_motion,54463,55039.651999999995,43.0,53223.35690792,-1239.6430920799976,https://data.riksdagen.se/dokument/H401FiU1.html,https://www.statskontoret.se/analys-och-statistik/oppna-data/arsutfall/
2016/17,2017,23,"Areella näringar, landsbygd och livsmedel",L,party_motion,16978,17189.401,1052.5,17225.16740526,247.1674052599992,https://data.riksdagen.se/dokument/H401FiU1.html,https://www.statskontoret.se/analys-och-statistik/oppna-data/arsutfall/
2016/17,2017,24,Näringsliv,L,party_motion,5514,6456.0199999999995,400.0,6415.597453350001,901.5974533500012,https://data.riksdagen.se/dokument/H401FiU1.html,https://www.statskontoret.se/analys-och-statistik/oppna-data/arsutfall/
2016/17,2017,25,Allmänna bidrag till kommuner,L,party_motion,99621,105554.92,11.236,105565.837046,5944.837046000001,https://data.riksdagen.se/dokument/H401FiU1.html,https://www.statskontoret.se/analys-och-statistik/oppna-data/arsutfall/
2016/17,2017,26,Statsskuldsräntor m.m.,L,party_motion,16468,16467.79,0.0,10568.71727342,-5899.282726580001,https://data.riksdagen.se/dokument/H401FiU1.html,https://www.statskontoret.se/analys-och-statistik/oppna-data/arsutfall/
2016/17,2017,27,Avgiften till Europeiska unionen,L,party_motion,29586,29586.305,0.0,24224.47935722,-5361.52064278,https://data.riksdagen.se/dokument/H401FiU1.html,https://www.statskontoret.se/analys-och-statistik/oppna-data/arsutfall/
2016/17,2017,1,Rikets styrelse,M,party_motion,13070,13592.676,47.2,13654.491512609999,584.4915126099986,https://data.riksdagen.se/dokument/H401FiU1.html,https://www.statskontoret.se/analys-och-statistik/oppna-data/arsutfall/
2016/17,2017,2,Samhällsekonomi och finansförvaltning,M,party_motion,15089,15009.626999999999,25.0,15004.768431769999,-84.23156823000136,https://data.riksdagen.se/dokument/H401FiU1.html,https://www.statskontoret.se/analys-och-statistik/oppna-data/arsutfall/
2016/17,2017,3,"Skatt, tull och exekution",M,party_motion,10974,10985.563999999998,38.0,11011.37116155,37.37116154999967,https://data.riksdagen.se/dokument/H401FiU1.html,https://www.statskontoret.se/analys-och-statistik/oppna-data/arsutfall/
2016/17,2017,4,Rättsväsendet,M,party_motion,43523,42461.197,1408.0,44058.545762689995,535.5457626899952,https://data.riksdagen.se/dokument/H401FiU1.html,https://www.statskontoret.se/analys-och-statistik/oppna-data/arsutfall/
2016/17,2017,5,Internationell samverkan,M,party_motion,1913,1913.291,250.20000000000002,1953.3613348200001,40.36133482000014,https://data.riksdagen.se/dokument/H401FiU1.html,https://www.statskontoret.se/analys-och-statistik/oppna-data/arsutfall/
2016/17,2017,6,Försvar och samhällets krisberedskap,M,party_motion,50254,50194.967000000004,485.0,50323.41789323999,69.41789323998819,https://data.riksdagen.se/dokument/H401FiU1.html,https://www.statskontoret.se/analys-och-statistik/oppna-data/arsutfall/
2016/17,2017,7,Internationellt bistånd,M,party_motion,33592,34990.005,1784.554,36706.67201382999,3114.6720138299934,https://data.riksdagen.se/dokument/H401FiU1.html,https://www.statskontoret.se/analys-och-statistik/oppna-data/arsutfall/
2016/17,2017,8,Migration,M,party_motion,32072,32580.319,6841.0,40033.513119949996,7961.513119949996,https://data.riksdagen.se/dokument/H401FiU1.html,https://www.statskontoret.se/analys-och-statistik/oppna-data/arsutfall/
2016/17,2017,9,"Hälsovård, sjukvård och social omsorg",M,party_motion,68060,68496.16400000002,1948.0,67411.13500985001,-648.8649901499884,https://data.riksdagen.se/dokument/H401FiU1.html,https://www.statskontoret.se/analys-och-statistik/oppna-data/arsutfall/
2016/17,2017,10,Ekonomisk trygghet vid sjukdom och funktionsnedsättning,M,party_motion,102369,107051.80500000001,120.0,101868.16484805,-500.8351519499993,https://data.riksdagen.se/dokument/H401FiU1.html,https://www.statskontoret.se/analys-och-statistik/oppna-data/arsutfall/
2016/17,2017,11,Ekonomisk trygghet vid ålderdom,M,party_motion,34972,34774.450999999994,0.0,34657.67373785,-314.32626215000346,https://data.riksdagen.se/dokument/H401FiU1.html,https://www.statskontoret.se/analys-och-statistik/oppna-data/arsutfall/
2016/17,2017,12,Ekonomisk trygghet för familjer och barn,M,party_motion,88784,89491.39799999999,-104.563,88659.9255322,-124.07446780000464,https://data.riksdagen.se/dokument/H401FiU1.html,https://www.statskontoret.se/analys-och-statistik/oppna-data/arsutfall/
2016/17,2017,13,Jämställdhet och nyanlända invandrares etablering,M,party_motion,32546,26255.493000000002,22.0,18575.778093289995,-13970.221906710005,https://data.riksdagen.se/dokument/H401FiU1.html,https://www.statskontoret.se/analys-och-statistik/oppna-data/arsutfall/
2016/17,2017,14,Arbetsmarknad och arbetsliv,M,party_motion,72028,82036.40100000003,60.5,76914.21546636001,4886.215466360009,https://data.riksdagen.se/dokument/H401FiU1.html,https://www.statskontoret.se/analys-och-statistik/oppna-data/arsutfall/
2016/17,2017,15,Studiestöd,M,party_motion,22583,22433.998999999996,0.0,19670.73538058,-2912.264619419999,https://data.riksdagen.se/dokument/H401FiU1.html,https://www.statskontoret.se/analys-och-statistik/oppna-data/arsutfall/
2016/17,2017,16,Utbildning och universitetsforskning,M,party_motion,72392,72386.70700000001,676.45,71104.11209991004,-1287.8879000899615,https://data.riksdagen.se/dokument/H401FiU1.html,https://www.statskontoret.se/analys-och-statistik/oppna-data/arsutfall/
2016/17,2017,17,"Kultur, medier, trossamfund och fritid",M,party_motion,14042,14521.253999999999,0.0,14475.495515710001,433.4955157100012,https://data.riksdagen.se/dokument/H401FiU1.html,https://www.statskontoret.se/analys-och-statistik/oppna-data/arsutfall/
2016/17,2017,18,"Samhällsplanering, bostadsförsörjning och byggande samt konsumentpolitik",M,party_motion,1229,6764.5599999999995,40.0,3802.6354355000003,2573.6354355000003,https://data.riksdagen.se/dokument/H401FiU1.html,https://www.statskontoret.se/analys-och-statistik/oppna-data/arsutfall/
2016/17,2017,19,Regional tillväxt,M,party_motion,3595,3595.4809999999998,0.0,2808.29513749,-786.7048625100001,https://data.riksdagen.se/dokument/H401FiU1.html,https://www.statskontoret.se/analys-och-statistik/oppna-data/arsutfall/
2016/17,2017,20,Allmän miljö- och naturvård,M,party_motion,6288,8403.539,509.0,7780.1020456,1492.1020455999997,https://data.riksdagen.se/dokument/H401FiU1.html,https://www.statskontoret.se/analys-och-statistik/oppna-data/arsutfall/
2016/17,2017,21,Energi,M,party_motion,2456,2936.295,203.0,3051.663969999999,595.6639699999992,https://data.riksdagen.se/dokument/H401FiU1.html,https://www.statskontoret.se/analys-och-statistik/oppna-data/arsutfall/
2016/17,2017,22,Kommunikationer,M,party_motion,54695,55039.651999999995,43.0,53223.35690792,-1471.6430920799976,https://data.riksdagen.se/dokument/H401FiU1.html,https://www.statskontoret.se/analys-och-statistik/oppna-data/arsutfall/
2016/17,2017,23,"Areella näringar, landsbygd och livsmedel",M,party_motion,16887,17189.401,1052.5,17225.16740526,338.1674052599992,https://data.riksdagen.se/dokument/H401FiU1.html,https://www.statskontoret.se/analys-och-statistik/oppna-data/arsutfall/
2016/17,2017,24,Näringsliv,M,party_motion,6055,6456.0199999999995,400.0,6415.597453350001,360.59745335000116,https://data.riksdagen.se/dokument/H401FiU1.html,https://www.statskontoret.se/analys-och-statistik/oppna-data/arsutfall/
2016/17,2017,25,Allmänna bidrag till kommuner,M,party_motion,105959,105554.92,11.236,105565.837046,-393.16295399999944,https://data.riksdagen.se/dokument/H401FiU1.html,https://www.statskontoret.se/analys-och-statistik/oppna-data/arsutfall/
2016/17,2017,26,Statsskuldsräntor m.m.,M,party_motion,16468,16467.79,0.0,10568.71727342,-5899.282726580001,https://data.riksdagen.se/dokument/H401FiU1.html,https://www.statskontoret.se/analys-och-statistik/oppna-data/arsutfall/
2016/17,2017,27,Avgiften till Europeiska unionen,M,party_motion,29586,29586.305,0.0,24224.47935722,-5361.52064278,https://data.riksdagen.se/dokument/H401FiU1.html,https://www.statskontoret.se/analys-och-statistik/oppna-data/arsutfall/
2016/17,2017,1,Rikets styrelse,SD,party_motion,12658,13592.676,47.2,13654.491512609999,996.4915126099986,https://data.riksdagen.se/dokument/H401FiU1.html,https://www.statskontoret.se/analys-och-statistik/oppna-data/arsutfall/
2016/17,2017,2,Samhällsekonomi och finansförvaltning,SD,party_motion,15451,15009.626999999999,25.0,15004.768431769999,-446.23156823000136,https://data.riksdagen.se/dokument/H401FiU1.html,https://www.statskontoret.se/analys-och-statistik/oppna-data/arsutfall/
2016/17,2017,3,"Skatt, tull och exekution",SD,party_motion,11361,10985.563999999998,38.0,11011.37116155,-349.62883845000033,https://data.riksdagen.se/dokument/H401FiU1.html,https://www.statskontoret.se/analys-och-statistik/oppna-data/arsutfall/
2016/17,2017,4,Rättsväsendet,SD,party_motion,45134,42461.197,1408.0,44058.545762689995,-1075.4542373100048,https://data.riksdagen.se/dokument/H401FiU1.html,https://www.statskontoret.se/analys-och-statistik/oppna-data/arsutfall/
2016/17,2017,5,Internationell samverkan,SD,party_motion,2754,1913.291,250.20000000000002,1953.3613348200001,-800.6386651799999,https://data.riksdagen.se/dokument/H401FiU1.html,https://www.statskontoret.se/analys-och-statistik/oppna-data/arsutfall/
2016/17,2017,6,Försvar och samhällets krisberedskap,SD,party_motion,52346,50194.967000000004,485.0,50323.41789323999,-2022.5821067600118,https://data.riksdagen.se/dokument/H401FiU1.html,https://www.statskontoret.se/analys-och-statistik/oppna-data/arsutfall/
2016/17,2017,7,Internationellt bistånd,SD,party_motion,36040,34990.005,1784.554,36706.67201382999,666.6720138299934,https://data.riksdagen.se/dokument/H401FiU1.html,https://www.statskontoret.se/analys-och-statistik/oppna-data/arsutfall/
2016/17,2017,8,Migration,SD,party_motion,20060,32580.319,6841.0,40033.513119949996,19973.513119949996,https://data.riksdagen.se/dokument/H401FiU1.html,https://www.statskontoret.se/analys-och-statistik/oppna-data/arsutfall/
2016/17,2017,9,"Hälsovård, sjukvård och social omsorg",SD,party_motion,71240,68496.16400000002,1948.0,67411.13500985001,-3828.8649901499884,https://data.riksdagen.se/dokument/H401FiU1.html,https://www.statskontoret.se/analys-och-statistik/oppna-data/arsutfall/
2016/17,2017,10,Ekonomisk trygghet vid sjukdom och funktionsnedsättning,SD,party_motion,111462,107051.80500000001,120.0,101868.16484805,-9593.83515195,https://data.riksdagen.se/dokument/H401FiU1.html,https://www.statskontoret.se/analys-och-statistik/oppna-data/arsutfall/
2016/17,2017,11,Ekonomisk trygghet vid ålderdom,SD,party_motion,39941,34774.450999999994,0.0,34657.67373785,-5283.3262621500035,https://data.riksdagen.se/dokument/H401FiU1.html,https://www.statskontoret.se/analys-och-statistik/oppna-data/arsutfall/
2016/17,2017,12,Ekonomisk trygghet för familjer och barn,SD,party_motion,88984,89491.39799999999,-104.563,88659.9255322,-324.07446780000464,https://data.riksdagen.se/dokument/H401FiU1.html,https://www.statskontoret.se/analys-och-statistik/oppna-data/arsutfall/
2016/17,2017,13,Jämställdhet och nyanlända invandrares etablering,SD,party_motion,15887,26255.493000000002,22.0,18575.778093289995,2688.778093289995,https://data.riksdagen.se/dokument/H401FiU1.html,https://www.statskontoret.se/analys-och-statistik/oppna-data/arsutfall/
2016/17,2017,14,Arbetsmarknad och arbetsliv,SD,party_motion,78129,82036.40100000003,60.5,76914.21546636001,-1214.7845336399914,https://data.riksdagen.se/dokument/H401FiU1.html,https://www.statskontoret.se/analys-och-statistik/oppna-data/arsutfall/
2016/17,2017,15,Studiestöd,SD,party_motion,22834,22433.998999999996,0.0,19670.73538058,-3163.264619419999,https://data.riksdagen.se/dokument/H401FiU1.html,https://www.statskontoret.se/analys-och-statistik/oppna-data/arsutfall/
2016/17,2017,16,Utbildning och universitetsforskning,SD,party_motion,71034,72386.70700000001,676.45,71104.11209991004,70.11209991003852,https://data.riksdagen.se/dokument/H401FiU1.html,https://www.statskontoret.se/analys-och-statistik/oppna-data/arsutfall/
2016/17,2017,17,"Kultur, medier, trossamfund och fritid",SD,party_motion,14625,14521.253999999999,0.0,14475.495515710001,-149.5044842899988,https://data.riksdagen.se/dokument/H401FiU1.html,https://www.statskontoret.se/analys-och-statistik/oppna-data/arsutfall/
2016/17,2017,18,"Samhällsplanering, bostadsförsörjning och byggande samt konsumentpolitik",SD,party_motion,2390,6764.5599999999995,40.0,3802.6354355000003,1412.6354355000003,https://data.riksdagen.se/dokument/H401FiU1.html,https://www.statskontoret.se/analys-och-statistik/oppna-data/arsutfall/
2016/17,2017,19,Regional tillväxt,SD,party_motion,3595,3595.4809999999998,0.0,2808.29513749,-786.7048625100001,https://data.riksdagen.se/dokument/H401FiU1.html,https://www.statskontoret.se/analys-och-statistik/oppna-data/arsutfall/
2016/17,2017,20,Allmän miljö- och naturvård,SD,party_motion,6122,8403.539,509.0,7780.1020456,1658.1020455999997,https://data.riksdagen.se/dokument/H401FiU1.html,https://www.statskontoret.se/analys-och-statistik/oppna-data/arsutfall/
2016/17,2017,21,Energi,SD,party_motion,2522,2936.295,203.0,3051.663969999999,529.6639699999992,https://data.riksdagen.se/dokument/H401FiU1.html,https://www.statskontoret.se/analys-och-statistik/oppna-data/arsutfall/
2016/17,2017,22,Kommunikationer,SD,party_motion,57273,55039.651999999995,43.0,53223.35690792,-4049.6430920799976,https://data.riksdagen.se/dokument/H401FiU1.html,https://www.statskontoret.se/analys-och-statistik/oppna-data/arsutfall/
2016/17,2017,23,"Areella näringar, landsbygd och livsmedel",SD,party_motion,19197,17189.401,1052.5,17225.16740526,-1971.8325947400008,https://data.riksdagen.se/dokument/H401FiU1.html,https://www.statskontoret.se/analys-och-statistik/oppna-data/arsutfall/
2016/17,2017,24,Näringsliv,SD,party_motion,6015,6456.0199999999995,400.0,6415.597453350001,400.59745335000116,https://data.riksdagen.se/dokument/H401FiU1.html,https://www.statskontoret.se/analys-och-statistik/oppna-data/arsutfall/
2016/17,2017,25,Allmänna bidrag till kommuner,SD,party_motion,79593,105554.92,11.236,105565.837046,25972.837046,https://data.riksdagen.se/dokument/H401FiU1.html,https://www.statskontoret.se/analys-och-statistik/oppna-data/arsutfall/
2016/17,2017,26,Statsskuldsräntor m.m.,SD,party_motion,16468,16467.79,0.0,10568.71727342,-5899.282726580001,https://data.riksdagen.se/dokument/H401FiU1.html,https://www.statskontoret.se/analys-och-statistik/oppna-data/arsutfall/
2016/17,2017,27,Avgiften till Europeiska unionen,SD,party_motion,29586,29586.305,0.0,24224.47935722,-5361.52064278,https://data.riksdagen.se/dokument/H401FiU1.html,https://www.statskontoret.se/analys-och-statistik/oppna-data/arsutfall/
2017/18,2018,1,Rikets styrelse,C,party_motion,14108,14861.072,51.0,14623.549785280002,515.5497852800017,https://data.riksdagen.se/dokument/H501FiU1.html,https://www.statskontoret.se/analys-och-statistik/oppna-data/arsutfall/
2017/18,2018,2,Samhällsekonomi och finansförvaltning,C,party_motion,16274,15955.81,70.7,15656.486443970003,-617.5135560299968,https://data.riksdagen.se/dokument/H501FiU1.html,https://www.statskontoret.se/analys-och-statistik/oppna-data/arsutfall/
2017/18,2018,3,"Skatt, tull och exekution",C,party_motion,11257,11399.384,79.1,11445.95173992,188.95173991999945,https://data.riksdagen.se/dokument/H501FiU1.html,https://www.statskontoret.se/analys-och-statistik/oppna-data/arsutfall/
2017/18,2018,4,Rättsväsendet,C,party_motion,46427,45771.23599999999,476.875,45932.51687199,-494.483128009997,https://data.riksdagen.se/dokument/H501FiU1.html,https://www.statskontoret.se/analys-och-statistik/oppna-data/arsutfall/
2017/18,2018,5,Internationell samverkan,C,party_motion,2020,2009.032,30.0,1893.01289182,-126.98710817999995,https://data.riksdagen.se/dokument/H501FiU1.html,https://www.statskontoret.se/analys-och-statistik/oppna-data/arsutfall/
2017/18,2018,6,Försvar och samhällets krisberedskap,C,party_motion,53836,53776.942,532.8,53428.516414899976,-407.48358510002436,https://data.riksdagen.se/dokument/H501FiU1.html,https://www.statskontoret.se/analys-och-statistik/oppna-data/arsutfall/
2017/18,2018,7,Internationellt bistånd,C,party_motion,42985,42985.208999999995,-237.0,42813.467477490005,-171.53252250999503,https://data.riksdagen.se/dokument/H501FiU1.html,https://www.statskontoret.se/analys-och-statistik/oppna-data/arsutfall/
2017/18,2018,8,Migration,C,party_motion,15703,15748.23,6540.063,19623.58243534,3920.5824353399985,https://data.riksdagen.se/dokument/H501FiU1.html,https://www.statskontoret.se/analys-och-statistik/oppna-data/arsutfall/
2017/18,2018,9,"Hälsovård, sjukvård och social omsorg",C,party_motion,78244,77696.04099999998,2144.725,78418.31770028996,174.31770028996107,https://data.riksdagen.se/dokument/H501FiU1.html,https://www.statskontoret.se/analys-och-statistik/oppna-data/arsutfall/
2017/18,2018,10,Ekonomisk trygghet vid sjukdom och,C,party_motion,103389,102615.22899999999,61.7,99680.97099978001,-3708.029000219991,https://data.riksdagen.se/dokument/H501FiU1.html,https://www.statskontoret.se/analys-och-statistik/oppna-data/arsutfall/
2017/18,2018,11,Ekonomisk trygghet vid ålderdom,C,party_motion,34781,34635.668999999994,-0.8,34771.247300409996,-9.75269959000434,https://data.riksdagen.se/dokument/H501FiU1.html,https://www.statskontoret.se/analys-och-statistik/oppna-data/arsutfall/
2017/18,2018,12,Ekonomisk trygghet för familjer och barn,C,party_motion,93283,94586.418,1283.9,95208.19587719999,1925.1958771999925,https://data.riksdagen.se/dokument/H501FiU1.html,https://www.statskontoret.se/analys-och-statistik/oppna-data/arsutfall/
2017/18,2018,13,Jämställdhet och nyanlända invandrares etablering,C,party_motion,25195,20420.889000000003,603.802,17292.599018349993,-7902.400981650007,https://data.riksdagen.se/dokument/H501FiU1.html,https://www.statskontoret.se/analys-och-statistik/oppna-data/arsutfall/
2017/18,2018,14,Arbetsmarknad och arbetsliv,C,party_motion,62089,79263.16,2254.5,78785.54319716,16696.543197160005,https://data.riksdagen.se/dokument/H501FiU1.html,https://www.statskontoret.se/analys-och-statistik/oppna-data/arsutfall/
2017/18,2018,15,Studiestöd,C,party_motion,22831,24352.692,128.0,21118.27714027,-1712.7228597300018,https://data.riksdagen.se/dokument/H501FiU1.html,https://www.statskontoret.se/analys-och-statistik/oppna-data/arsutfall/
2017/18,2018,16,Utbildning och universitetsforskning,C,party_motion,74235,77971.18500000006,144.5,76006.61923658004,1771.619236580038,https://data.riksdagen.se/dokument/H501FiU1.html,https://www.statskontoret.se/analys-och-statistik/oppna-data/arsutfall/
2017/18,2018,17,"Kultur, medier, trossamfund och fritid",C,party_motion,14978,15879.751999999999,185.5,16008.102137319998,1030.1021373199983,https://data.riksdagen.se/dokument/H501FiU1.html,https://www.statskontoret.se/analys-och-statistik/oppna-data/arsutfall/
2017/18,2018,18,"Samhällsplanering, bostadsförsörjning och byggande samt",C,party_motion,2895,6951.648,110.0,4615.60994808,1720.6099480800003,https://data.riksdagen.se/dokument/H501FiU1.html,https://www.statskontoret.se/analys-och-statistik/oppna-data/arsutfall/
2017/18,2018,19,Regional tillväxt,C,party_motion,3922,3921.525,20.0,3576.43904279,-345.5609572100002,https://data.riksdagen.se/dokument/H501FiU1.html,https://www.statskontoret.se/analys-och-statistik/oppna-data/arsutfall/
2017/18,2018,20,Allmän miljö- och naturvård,C,party_motion,8343,10772.787999999999,55.0,10438.132786769998,2095.1327867699983,https://data.riksdagen.se/dokument/H501FiU1.html,https://www.statskontoret.se/analys-och-statistik/oppna-data/arsutfall/
2017/18,2018,21,Energi,C,party_motion,3438,3646.9320000000002,172.5,3562.6422637799997,124.64226377999967,https://data.riksdagen.se/dokument/H501FiU1.html,https://www.statskontoret.se/analys-och-statistik/oppna-data/arsutfall/
2017/18,2018,1,Rikets styrelse,GOV,government,14531,14861.072,51.0,14623.549785280002,92.54978528000174,https://data.riksdagen.se/dokument/H501FiU1.html,https://www.statskontoret.se/analys-och-statistik/oppna-data/arsutfall/
2017/18,2018,2,Samhällsekonomi och finansförvaltning,GOV,government,16286,15955.81,70.7,15656.486443970003,-629.5135560299968,https://data.riksdagen.se/dokument/H501FiU1.html,https://www.statskontoret.se/analys-och-statistik/oppna-data/arsutfall/
2017/18,2018,3,"Skatt, tull och exekution",GOV,government,11399,11399.384,79.1,11445.95173992,46.951739919999454,https://data.riksdagen.se/dokument/H501FiU1.html,https://www.statskontoret.se/analys-och-statistik/oppna-data/arsutfall/
2017/18,2018,4,Rättsväsendet,GOV,government,45777,45771.23599999999,476.875,45932.51687199,155.51687199000298,https://data.riksdagen.se/dokument/H501FiU1.html,https://www.statskontoret.se/analys-och-statistik/oppna-data/arsutfall/
2017/18,2018,5,Internationell samverkan,GOV,government,2009,2009.032,30.0,1893.01289182,-115.98710817999995,https://data.riksdagen.se/dokument/H501FiU1.html,https://www.statskontoret.se/analys-och-statistik/oppna-data/arsutfall/
2017/18,2018,6,Försvar och samhällets krisberedskap,GOV,government,53836,53776.942,532.8,53428.516414899976,-407.48358510002436,https://data.riksdagen.se/dokument/H501FiU1.html,https://www.statskontoret.se/analys-och-statistik/oppna-data/arsutfall/
2017/18,2018,7,Internationellt bistånd,GOV,government,42985,42985.208999999995,-237.0,42813.467477490005,-171.53252250999503,https://data.riksdagen.se/dokument/H501FiU1.html,https://www.statskontoret.se/analys-och-statistik/oppna-data/arsutfall/
2017/18,2018,8,Migration,GOV,government,15748,15748.23,6540.063,19623.58243534,3875.5824353399985,https://data.riksdagen.se/dokument/H501FiU1.html,https://www.statskontoret.se/analys-och-statistik/oppna-data/arsutfall/
2017/18,2018,9,"Hälsovård, sjukvård och social omsorg",GOV,government,77696,77696.04099999998,2144.725,78418.31770028996,722.3177002899611,https://data.riksdagen.se/dokument/H501FiU1.html,https://www.statskontoret.se/analys-och-statistik/oppna-data/arsutfall/
2017/18,2018,10,Ekonomisk trygghet vid sjukdom och,GOV,government,102615,102615.22899999999,61.7,99680.97099978001,-2934.029000219991,https://data.riksdagen.se/dokument/H501FiU1.html,https://www.statskontoret.se/analys-och-statistik/oppna-data/arsutfall/
2017/18,2018,11,Ekonomisk trygghet vid ålderdom,GOV,government,34636,34635.668999999994,-0.8,34771.247300409996,135.24730040999566,https://data.riksdagen.se/dokument/H501FiU1.html,https://www.statskontoret.se/analys-och-statistik/oppna-data/arsutfall/
2017/18,2018,12,Ekonomisk trygghet för familjer och barn,GOV,government,94586,94586.418,1283.9,95208.19587719999,622.1958771999925,https://data.riksdagen.se/dokument/H501FiU1.html,https://www.statskontoret.se/analys-och-statistik/oppna-data/arsutfall/
2017/18,2018,13,Jämställdhet och nyanlända invandrares etablering,GOV,government,25600,20420.889000000003,603.802,17292.599018349993,-8307.400981650007,https://data.riksdagen.se/dokument/H501FiU1.html,https://www.statskontoret.se/analys-och-statistik/oppna-data/arsutfall/
2017/18,2018,14,Arbetsmarknad och arbetsliv,GOV,government,74084,79263.16,2254.5,78785.54319716,4701.543197160005,https://data.riksdagen.se/dokument/H501FiU1.html,https://www.statskontoret.se/analys-och-statistik/oppna-data/arsutfall/
2017/18,2018,15,Studiestöd,GOV,government,24353,24352.692,128.0,21118.27714027,-3234.722859730002,https://data.riksdagen.se/dokument/H501FiU1.html,https://www.statskontoret.se/analys-och-statistik/oppna-data/arsutfall/
2017/18,2018,16,Utbildning och universitetsforskning,GOV,government,77966,77971.18500000006,144.5,76006.61923658004,-1959.380763419962,https://data.riksdagen.se/dokument/H501FiU1.html,https://www.statskontoret.se/analys-och-statistik/oppna-data/arsutfall/
2017/18,2018,17,"Kultur, medier, trossamfund och fritid",GOV,government,15880,15879.751999999999,185.5,16008.102137319998,128.1021373199983,https://data.riksdagen.se/dokument/H501FiU1.html,https://www.statskontoret.se/analys-och-statistik/oppna-data/arsutfall/
2017/18,2018,18,"Samhällsplanering, bostadsförsörjning och byggande samt",GOV,government,6952,6951.648,110.0,4615.60994808,-2336.3900519199997,https://data.riksdagen.se/dokument/H501FiU1.html,https://www.statskontoret.se/analys-och-statistik/oppna-data/arsutfall/
2017/18,2018,19,Regional tillväxt,GOV,government,3922,3921.525,20.0,3576.43904279,-345.5609572100002,https://data.riksdagen.se/dokument/H501FiU1.html,https://www.statskontoret.se/analys-och-statistik/oppna-data/arsutfall/
2017/18,2018,20,Allmän miljö- och naturvård,GOV,government,10773,10772.787999999999,55.0,10438.132786769998,-334.86721323000165,https://data.riksdagen.se/dokument/H501FiU1.html,https://www.statskontoret.se/analys-och-statistik/oppna-data/arsutfall/
2017/18,2018,21,Energi,GOV,government,3588,3646.9320000000002,172.5,3562.6422637799997,-25.357736220000334,https://data.riksdagen.se/dokument/H501FiU1.html,https://www.statskontoret.se/analys-och-statistik/oppna-data/arsutfall/
2017/18,2018,1,Rikets styrelse,KD,party_motion,14280,14861.072,51.0,14623.549785280002,343.54978528000174,https://data.riksdagen.se/dokument/H501FiU1.html,https://www.statskontoret.se/analys-och-statistik/oppna-data/arsutfall/
2017/18,2018,2,Samhällsekonomi och finansförvaltning,KD,party_motion,16129,15955.81,70.7,15656.486443970003,-472.51355602999683,https://data.riksdagen.se/dokument/H501FiU1.html,https://www.statskontoret.se/analys-och-statistik/oppna-data/arsutfall/
2017/18,2018,3,"Skatt, tull och exekution",KD,party_motion,11348,11399.384,79.1,11445.95173992,97.95173991999945,https://data.riksdagen.se/dokument/H501FiU1.html,https://www.statskontoret.se/analys-och-statistik/oppna-data/arsutfall/
2017/18,2018,4,Rättsväsendet,KD,party_motion,48601,45771.23599999999,476.875,45932.51687199,-2668.483128009997,https://data.riksdagen.se/dokument/H501FiU1.html,https://www.statskontoret.se/analys-och-statistik/oppna-data/arsutfall/
2017/18,2018,5,Internationell samverkan,KD,party_motion,1997,2009.032,30.0,1893.01289182,-103.98710817999995,https://data.riksdagen.se/dokument/H501FiU1.html,https://www.statskontoret.se/analys-och-statistik/oppna-data/arsutfall/
2017/18,2018,6,Försvar och samhällets krisberedskap,KD,party_motion,55023,53776.942,532.8,53428.516414899976,-1594.4835851000244,https://data.riksdagen.se/dokument/H501FiU1.html,https://www.statskontoret.se/analys-och-statistik/oppna-data/arsutfall/
2017/18,2018,7,Internationellt bistånd,KD,party_motion,42994,42985.208999999995,-237.0,42813.467477490005,-180.53252250999503,https://data.riksdagen.se/dokument/H501FiU1.html,https://www.statskontoret.se/analys-och-statistik/oppna-data/arsutfall/
2017/18,2018,8,Migration,KD,party_motion,17261,15748.23,6540.063,19623.58243534,2362.5824353399985,https://data.riksdagen.se/dokument/H501FiU1.html,https://www.statskontoret.se/analys-och-statistik/oppna-data/arsutfall/
2017/18,2018,9,"Hälsovård, sjukvård och social omsorg",KD,party_motion,78811,77696.04099999998,2144.725,78418.31770028996,-392.68229971003893,https://data.riksdagen.se/dokument/H501FiU1.html,https://www.statskontoret.se/analys-och-statistik/oppna-data/arsutfall/
2017/18,2018,10,Ekonomisk trygghet vid sjukdom och,KD,party_motion,96401,102615.22899999999,61.7,99680.97099978001,3279.970999780009,https://data.riksdagen.se/dokument/H501FiU1.html,https://www.statskontoret.se/analys-och-statistik/oppna-data/arsutfall/
2017/18,2018,11,Ekonomisk trygghet vid ålderdom,KD,party_motion,34279,34635.668999999994,-0.8,34771.247300409996,492.24730040999566,https://data.riksdagen.se/dokument/H501FiU1.html,https://www.statskontoret.se/analys-och-statistik/oppna-data/arsutfall/
2017/18,2018,12,Ekonomisk trygghet för familjer och barn,KD,party_motion,97343,94586.418,1283.9,95208.19587719999,-2134.8041228000075,https://data.riksdagen.se/dokument/H501FiU1.html,https://www.statskontoret.se/analys-och-statistik/oppna-data/arsutfall/
2017/18,2018,13,Jämställdhet och nyanlända invandrares etablering,KD,party_motion,24668,20420.889000000003,603.802,17292.599018349993,-7375.400981650007,https://data.riksdagen.se/dokument/H501FiU1.html,https://www.statskontoret.se/analys-och-statistik/oppna-data/arsutfall/
2017/18,2018,14,Arbetsmarknad och arbetsliv,KD,party_motion,65942,79263.16,2254.5,78785.54319716,12843.543197160005,https://data.riksdagen.se/dokument/H501FiU1.html,https://www.statskontoret.se/analys-och-statistik/oppna-data/arsutfall/
2017/18,2018,15,Studiestöd,KD,party_motion,20541,24352.692,128.0,21118.27714027,577.2771402699982,https://data.riksdagen.se/dokument/H501FiU1.html,https://www.statskontoret.se/analys-och-statistik/oppna-data/arsutfall/
2017/18,2018,16,Utbildning och universitetsforskning,KD,party_motion,79338,77971.18500000006,144.5,76006.61923658004,-3331.380763419962,https://data.riksdagen.se/dokument/H501FiU1.html,https://www.statskontoret.se/analys-och-statistik/oppna-data/arsutfall/
2017/18,2018,17,"Kultur, medier, trossamfund och fritid",KD,party_motion,15057,15879.751999999999,185.5,16008.102137319998,951.1021373199983,https://data.riksdagen.se/dokument/H501FiU1.html,https://www.statskontoret.se/analys-och-statistik/oppna-data/arsutfall/
2017/18,2018,18,"Samhällsplanering, bostadsförsörjning och byggande samt",KD,party_motion,2815,6951.648,110.0,4615.60994808,1800.6099480800003,https://data.riksdagen.se/dokument/H501FiU1.html,https://www.statskontoret.se/analys-och-statistik/oppna-data/arsutfall/
2017/18,2018,19,Regional tillväxt,KD,party_motion,3309,3921.525,20.0,3576.43904279,267.4390427899998,https://data.riksdagen.se/dokument/H501FiU1.html,https://www.statskontoret.se/analys-och-statistik/oppna-data/arsutfall/
2017/18,2018,20,Allmän miljö- och naturvård,KD,party_motion,7203,10772.787999999999,55.0,10438.132786769998,3235.1327867699983,https://data.riksdagen.se/dokument/H501FiU1.html,https://www.statskontoret.se/analys-och-statistik/oppna-data/arsutfall/
2017/18,2018,21,Energi,KD,party_motion,2905,3646.9320000000002,172.5,3562.6422637799997,657.6422637799997,https://data.riksdagen.se/dokument/H501FiU1.html,https://www.statskontoret.se/analys-och-statistik/oppna-data/arsutfall/
2017/18,2018,1,Rikets styrelse,L,party_motion,14431,14861.072,51.0,14623.549785280002,192.54978528000174,https://data.riksdagen.se/dokument/H501FiU1.html,https://www.statskontoret.se/analys-och-statistik/oppna-data/arsutfall/
2017/18,2018,2,Samhällsekonomi och finansförvaltning,L,party_motion,15957,15955.81,70.7,15656.486443970003,-300.51355602999683,https://data.riksdagen.se/dokument/H501FiU1.html,https://www.statskontoret.se/analys-och-statistik/oppna-data/arsutfall/
2017/18,2018,3,"Skatt, tull och exekution",L,party_motion,11408,11399.384,79.1,11445.95173992,37.951739919999454,https://data.riksdagen.se/dokument/H501FiU1.html,https://www.statskontoret.se/analys-och-statistik/oppna-data/arsutfall/
2017/18,2018,4,Rättsväsendet,L,party_motion,46715,45771.23599999999,476.875,45932.51687199,-782.483128009997,https://data.riksdagen.se/dokument/H501FiU1.html,https://www.statskontoret.se/analys-och-statistik/oppna-data/arsutfall/
2017/18,2018,5,Internationell samverkan,L,party_motion,1945,2009.032,30.0,1893.01289182,-51.98710817999995,https://data.riksdagen.se/dokument/H501FiU1.html,https://www.statskontoret.se/analys-och-statistik/oppna-data/arsutfall/
2017/18,2018,6,Försvar och samhällets krisberedskap,L,party_motion,53833,53776.942,532.8,53428.516414899976,-404.48358510002436,https://data.riksdagen.se/dokument/H501FiU1.html,https://www.statskontoret.se/analys-och-statistik/oppna-data/arsutfall/
2017/18,2018,7,Internationellt bistånd,L,party_motion,42985,42985.208999999995,-237.0,42813.467477490005,-171.53252250999503,https://data.riksdagen.se/dokument/H501FiU1.html,https://www.statskontoret.se/analys-och-statistik/oppna-data/arsutfall/
2017/18,2018,8,Migration,L,party_motion,15399,15748.23,6540.063,19623.58243534,4224.5824353399985,https://data.riksdagen.se/dokument/H501FiU1.html,https://www.statskontoret.se/analys-och-statistik/oppna-data/arsutfall/
2017/18,2018,9,"Hälsovård, sjukvård och social omsorg",L,party_motion,69871,77696.04099999998,2144.725,78418.31770028996,8547.317700289961,https://data.riksdagen.se/dokument/H501FiU1.html,https://www.statskontoret.se/analys-och-statistik/oppna-data/arsutfall/
2017/18,2018,10,Ekonomisk trygghet vid sjukdom och,L,party_motion,93820,102615.22899999999,61.7,99680.97099978001,5860.970999780009,https://data.riksdagen.se/dokument/H501FiU1.html,https://www.statskontoret.se/analys-och-statistik/oppna-data/arsutfall/
2017/18,2018,11,Ekonomisk trygghet vid ålderdom,L,party_motion,33851,34635.668999999994,-0.8,34771.247300409996,920.2473004099957,https://data.riksdagen.se/dokument/H501FiU1.html,https://www.statskontoret.se/analys-och-statistik/oppna-data/arsutfall/
2017/18,2018,12,Ekonomisk trygghet för familjer och barn,L,party_motion,95059,94586.418,1283.9,95208.19587719999,149.19587719999254,https://data.riksdagen.se/dokument/H501FiU1.html,https://www.statskontoret.se/analys-och-statistik/oppna-data/arsutfall/
2017/18,2018,13,Jämställdhet och nyanlända invandrares etablering,L,party_motion,26899,20420.889000000003,603.802,17292.599018349993,-9606.400981650007,https://data.riksdagen.se/dokument/H501FiU1.html,https://www.statskontoret.se/analys-och-statistik/oppna-data/arsutfall/
2017/18,2018,14,Arbetsmarknad och arbetsliv,L,party_motion,62107,79263.16,2254.5,78785.54319716,16678.543197160005,https://data.riksdagen.se/dokument/H501FiU1.html,https://www.statskontoret.se/analys-och-statistik/oppna-data/arsutfall/
2017/18,2018,15,Studiestöd,L,party_motion,20434,24352.692,128.0,21118.27714027,684.2771402699982,https://data.riksdagen.se/dokument/H501FiU1.html,https://www.statskontoret.se/analys-och-statistik/oppna-data/arsutfall/
2017/18,2018,16,Utbildning och universitetsforskning,L,party_motion,77323,77971.18500000006,144.5,76006.61923658004,-1316.380763419962,https://data.riksdagen.se/dokument/H501FiU1.html,https://www.statskontoret.se/analys-och-statistik/oppna-data/arsutfall/
2017/18,2018,17,"Kultur, medier, trossamfund och fritid",L,party_motion,15213,15879.751999999999,185.5,16008.102137319998,795.1021373199983,https://data.riksdagen.se/dokument/H501FiU1.html,https://www.statskontoret.se/analys-och-statistik/oppna-data/arsutfall/
2017/18,2018,18,"Samhällsplanering, bostadsförsörjning och byggande samt",L,party_motion,2873,6951.648,110.0,4615.60994808,1742.6099480800003,https://data.riksdagen.se/dokument/H501FiU1.html,https://www.statskontoret.se/analys-och-statistik/oppna-data/arsutfall/
2017/18,2018,19,Regional tillväxt,L,party_motion,3415,3921.525,20.0,3576.43904279,161.4390427899998,https://data.riksdagen.se/dokument/H501FiU1.html,https://www.statskontoret.se/analys-och-statistik/oppna-data/arsutfall/
2017/18,2018,20,Allmän miljö- och naturvård,L,party_motion,7665,10772.787999999999,55.0,10438.132786769998,2773.1327867699983,https://data.riksdagen.se/dokument/H501FiU1.html,https://www.statskontoret.se/analys-och-statistik/oppna-data/arsutfall/
2017/18,2018,21,Energi,L,party_motion,2688,3646.9320000000002,172.5,3562.6422637799997,874.6422637799997,https://data.riksdagen.se/dokument/H501FiU1.html,https://www.statskontoret.se/analys-och-statistik/oppna-data/arsutfall/
2017/18,2018,1,Rikets styrelse,M,party_motion,14360,14861.072,51.0,14623.549785280002,263.54978528000174,https://data.riksdagen.se/dokument/H501FiU1.html,https://www.statskontoret.se/analys-och-statistik/oppna-data/arsutfall/
2017/18,2018,2,Samhällsekonomi och finansförvaltning,M,party_motion,16185,15955.81,70.7,15656.486443970003,-528.5135560299968,https://data.riksdagen.se/dokument/H501FiU1.html,https://www.statskontoret.se/analys-och-statistik/oppna-data/arsutfall/
2017/18,2018,3,"Skatt, tull och exekution",M,party_motion,11444,11399.384,79.1,11445.95173992,1.9517399199994543,https://data.riksdagen.se/dokument/H501FiU1.html,https://www.statskontoret.se/analys-och-statistik/oppna-data/arsutfall/
2017/18,2018,4,Rättsväsendet,M,party_motion,46138,45771.23599999999,476.875,45932.51687199,-205.48312800999702,https://data.riksdagen.se/dokument/H501FiU1.html,https://www.statskontoret.se/analys-och-statistik/oppna-data/arsutfall/
2017/18,2018,5,Internationell samverkan,M,party_motion,2009,2009.032,30.0,1893.01289182,-115.98710817999995,https://data.riksdagen.se/dokument/H501FiU1.html,https://www.statskontoret.se/analys-och-statistik/oppna-data/arsutfall/
2017/18,2018,6,Försvar och samhällets krisberedskap,M,party_motion,53836,53776.942,532.8,53428.516414899976,-407.48358510002436,https://data.riksdagen.se/dokument/H501FiU1.html,https://www.statskontoret.se/analys-och-statistik/oppna-data/arsutfall/
2017/18,2018,7,Internationellt bistånd,M,party_motion,39562,42985.208999999995,-237.0,42813.467477490005,3251.467477490005,https://data.riksdagen.se/dokument/H501FiU1.html,https://www.statskontoret.se/analys-och-statistik/oppna-data/arsutfall/
2017/18,2018,8,Migration,M,party_motion,15172,15748.23,6540.063,19623.58243534,4451.5824353399985,https://data.riksdagen.se/dokument/H501FiU1.html,https://www.statskontoret.se/analys-och-statistik/oppna-data/arsutfall/
2017/18,2018,9,"Hälsovård, sjukvård och social omsorg",M,party_motion,76239,77696.04099999998,2144.725,78418.31770028996,2179.317700289961,https://data.riksdagen.se/dokument/H501FiU1.html,https://www.statskontoret.se/analys-och-statistik/oppna-data/arsutfall/
2017/18,2018,10,Ekonomisk trygghet vid sjukdom och,M,party_motion,93213,102615.22899999999,61.7,99680.97099978001,6467.970999780009,https://data.riksdagen.se/dokument/H501FiU1.html,https://www.statskontoret.se/analys-och-statistik/oppna-data/arsutfall/
2017/18,2018,11,Ekonomisk trygghet vid ålderdom,M,party_motion,34236,34635.668999999994,-0.8,34771.247300409996,535.2473004099957,https://data.riksdagen.se/dokument/H501FiU1.html,https://www.statskontoret.se/analys-och-statistik/oppna-data/arsutfall/
2017/18,2018,12,Ekonomisk trygghet för familjer och barn,M,party_motion,94302,94586.418,1283.9,95208.19587719999,906.1958771999925,https://data.riksdagen.se/dokument/H501FiU1.html,https://www.statskontoret.se/analys-och-statistik/oppna-data/arsutfall/
2017/18,2018,13,Jämställdhet och nyanlända invandrares etablering,M,party_motion,25245,20420.889000000003,603.802,17292.599018349993,-7952.400981650007,https://data.riksdagen.se/dokument/H501FiU1.html,https://www.statskontoret.se/analys-och-statistik/oppna-data/arsutfall/
2017/18,2018,14,Arbetsmarknad och arbetsliv,M,party_motion,65571,79263.16,2254.5,78785.54319716,13214.543197160005,https://data.riksdagen.se/dokument/H501FiU1.html,https://www.statskontoret.se/analys-och-statistik/oppna-data/arsutfall/
2017/18,2018,15,Studiestöd,M,party_motion,22916,24352.692,128.0,21118.27714027,-1797.7228597300018,https://data.riksdagen.se/dokument/H501FiU1.html,https://www.statskontoret.se/analys-och-statistik/oppna-data/arsutfall/
2017/18,2018,16,Utbildning och universitetsforskning,M,party_motion,75373,77971.18500000006,144.5,76006.61923658004,633.619236580038,https://data.riksdagen.se/dokument/H501FiU1.html,https://www.statskontoret.se/analys-och-statistik/oppna-data/arsutfall/
2017/18,2018,17,"Kultur, medier, trossamfund och fritid",M,party_motion,14658,15879.751999999999,185.5,16008.102137319998,1350.1021373199983,https://data.riksdagen.se/dokument/H501FiU1.html,https://www.statskontoret.se/analys-och-statistik/oppna-data/arsutfall/
2017/18,2018,18,"Samhällsplanering, bostadsförsörjning och byggande samt",M,party_motion,2897,6951.648,110.0,4615.60994808,1718.6099480800003,https://data.riksdagen.se/dokument/H501FiU1.html,https://www.statskontoret.se/analys-och-statistik/oppna-data/arsutfall/
2017/18,2018,19,Regional tillväxt,M,party_motion,3880,3921.525,20.0,3576.43904279,-303.5609572100002,https://data.riksdagen.se/dokument/H501FiU1.html,https://www.statskontoret.se/analys-och-statistik/oppna-data/arsutfall/
2017/18,2018,20,Allmän miljö- och naturvård,M,party_motion,7486,10772.787999999999,55.0,10438.132786769998,2952.1327867699983,https://data.riksdagen.se/dokument/H501FiU1.html,https://www.statskontoret.se/analys-och-statistik/oppna-data/arsutfall/
2017/18,2018,21,Energi,M,party_motion,2353,3646.9320000000002,172.5,3562.6422637799997,1209.6422637799997,https://data.riksdagen.se/dokument/H501FiU1.html,https://www.statskontoret.se/analys-och-statistik/oppna-data/arsutfall/
2017/18,2018,1,Rikets styrelse,SD,party_motion,13895,14861.072,51.0,14623.549785280002,728.5497852800017,https://data.riksdagen.se/dokument/H501FiU1.html,https://www.statskontoret.se/analys-och-statistik/oppna-data/arsutfall/
2017/18,2018,3,"Skatt, tull och exekution",SD,party_motion,11753,11399.384,79.1,11445.95173992,-307.04826008000055,https://data.riksdagen.se/dokument/H501FiU1.html,https://www.statskontoret.se/analys-och-statistik/oppna-data/arsutfall/
2017/18,2018,4,Rättsväsendet,SD,party_motion,45779,45771.23599999999,476.875,45932.51687199,153.51687199000298,https://data.riksdagen.se/dokument/H501FiU1.html,https://www.statskontoret.se/analys-och-statistik/oppna-data/arsutfall/
2017/18,2018,5,Internationell samverkan,SD,party_motion,2010,2009.032,30.0,1893.01289182,-116.98710817999995,https://data.riksdagen.se/dokument/H501FiU1.html,https://www.statskontoret.se/analys-och-statistik/oppna-data/arsutfall/
2017/18,2018,6,Försvar och samhällets krisberedskap,SD,party_motion,53840,53776.942,532.8,53428.516414899976,-411.48358510002436,https://data.riksdagen.se/dokument/H501FiU1.html,https://www.statskontoret.se/analys-och-statistik/oppna-data/arsutfall/
2017/18,2018,7,Internationellt bistånd,SD,party_motion,43235,42985.208999999995,-237.0,42813.467477490005,-421.53252250999503,https://data.riksdagen.se/dokument/H501FiU1.html,https://www.statskontoret.se/analys-och-statistik/oppna-data/arsutfall/
2017/18,2018,8,Migration,SD,party_motion,9951,15748.23,6540.063,19623.58243534,9672.582435339998,https://data.riksdagen.se/dokument/H501FiU1.html,https://www.statskontoret.se/analys-och-statistik/oppna-data/arsutfall/
2017/18,2018,9,"Hälsovård, sjukvård och social omsorg",SD,party_motion,77699,77696.04099999998,2144.725,78418.31770028996,719.3177002899611,https://data.riksdagen.se/dokument/H501FiU1.html,https://www.statskontoret.se/analys-och-statistik/oppna-data/arsutfall/
2017/18,2018,10,Ekonomisk trygghet vid sjukdom och,SD,party_motion,102617,102615.22899999999,61.7,99680.97099978001,-2936.029000219991,https://data.riksdagen.se/dokument/H501FiU1.html,https://www.statskontoret.se/analys-och-statistik/oppna-data/arsutfall/
2017/18,2018,11,Ekonomisk trygghet vid ålderdom,SD,party_motion,34640,34635.668999999994,-0.8,34771.247300409996,131.24730040999566,https://data.riksdagen.se/dokument/H501FiU1.html,https://www.statskontoret.se/analys-och-statistik/oppna-data/arsutfall/
2017/18,2018,12,Ekonomisk trygghet för familjer och barn,SD,party_motion,91365,94586.418,1283.9,95208.19587719999,3843.1958771999925,https://data.riksdagen.se/dokument/H501FiU1.html,https://www.statskontoret.se/analys-och-statistik/oppna-data/arsutfall/
2017/18,2018,13,Jämställdhet och nyanlända invandrares etablering,SD,party_motion,10151,20420.889000000003,603.802,17292.599018349993,7141.599018349993,https://data.riksdagen.se/dokument/H501FiU1.html,https://www.statskontoret.se/analys-och-statistik/oppna-data/arsutfall/
2017/18,2018,14,Arbetsmarknad och arbetsliv,SD,party_motion,63575,79263.16,2254.5,78785.54319716,15210.543197160005,https://data.riksdagen.se/dokument/H501FiU1.html,https://www.statskontoret.se/analys-och-statistik/oppna-data/arsutfall/
2017/18,2018,15,Studiestöd,SD,party_motion,23778,24352.692,128.0,21118.27714027,-2659.722859730002,https://data.riksdagen.se/dokument/H501FiU1.html,https://www.statskontoret.se/analys-och-statistik/oppna-data/arsutfall/
2017/18,2018,16,Utbildning och universitetsforskning,SD,party_motion,78434,77971.18500000006,144.5,76006.61923658004,-2427.380763419962,https://data.riksdagen.se/dokument/H501FiU1.html,https://www.statskontoret.se/analys-och-statistik/oppna-data/arsutfall/
2017/18,2018,17,"Kultur, medier, trossamfund och fritid",SD,party_motion,15350,15879.751999999999,185.5,16008.102137319998,658.1021373199983,https://data.riksdagen.se/dokument/H501FiU1.html,https://www.statskontoret.se/analys-och-statistik/oppna-data/arsutfall/
2017/18,2018,18,"Samhällsplanering, bostadsförsörjning och byggande samt",SD,party_motion,2602,6951.648,110.0,4615.60994808,2013.6099480800003,https://data.riksdagen.se/dokument/H501FiU1.html,https://www.statskontoret.se/analys-och-statistik/oppna-data/arsutfall/
2017/18,2018,20,Allmän miljö- och naturvård,SD,party_motion,7333,10772.787999999999,55.0,10438.132786769998,3105.1327867699983,https://data.riksdagen.se/dokument/H501FiU1.html,https://www.statskontoret.se/analys-och-statistik/oppna-data/arsutfall/
2017/18,2018,21,Energi,SD,party_motion,2683,3646.9320000000002,172.5,3562.6422637799997,879.6422637799997,https://data.riksdagen.se/dokument/H501FiU1.html,https://www.statskontoret.se/analys-och-statistik/oppna-data/arsutfall/
2018/19,2019,1,Rikets styrelse,C,party_motion,14912,14926.365000000003,179.00900000000001,14968.306374150001,56.30637415000092,https://data.riksdagen.se/dokument/H601FiU1.html,https://www.statskontoret.se/analys-och-statistik/oppna-data/arsutfall/
2018/19,2019,2,Samhällsekonomi och finansförvaltning,C,party_motion,17191,16986.246,-27.237000000000002,16596.300498970002,-594.6995010299979,https://data.riksdagen.se/dokument/H601FiU1.html,https://www.statskontoret.se/analys-och-statistik/oppna-data/arsutfall/
2018/19,2019,3,"Skatt, tull och exekution",C,party_motion,11413,11522.533,-13.058,11520.27012141,107.27012140999977,https://data.riksdagen.se/dokument/H601FiU1.html,https://www.statskontoret.se/analys-och-statistik/oppna-data/arsutfall/
2018/19,2019,4,Rättsväsendet,C,party_motion,47112,48378.244,1218.5,49378.65564774,2266.655647740001,https://data.riksdagen.se/dokument/H601FiU1.html,https://www.statskontoret.se/analys-och-statistik/oppna-data/arsutfall/
2018/19,2019,5,Internationell samverkan,C,party_motion,2382,2362.2770000000005,-2.0,2337.27225558,-44.72774441999991,https://data.riksdagen.se/dokument/H601FiU1.html,https://www.statskontoret.se/analys-och-statistik/oppna-data/arsutfall/
2018/19,2019,6,Försvar och samhällets krisberedskap,C,party_motion,56692,60007.545,212.5,60512.378503939995,3820.3785039399954,https://data.riksdagen.se/dokument/H601FiU1.html,https://www.statskontoret.se/analys-och-statistik/oppna-data/arsutfall/
2018/19,2019,7,Internationellt bistånd,C,party_motion,44945,44945.14,-487.048,44240.27486012,-704.7251398799999,https://data.riksdagen.se/dokument/H601FiU1.html,https://www.statskontoret.se/analys-och-statistik/oppna-data/arsutfall/
2018/19,2019,8,Migration,C,party_motion,12303,12112.43,306.0,11847.13420432,-455.8657956799998,https://data.riksdagen.se/dokument/H601FiU1.html,https://www.statskontoret.se/analys-och-statistik/oppna-data/arsutfall/
2018/19,2019,9,"Hälsovård, sjukvård och social omsorg",C,party_motion,78422,81277.18500000001,268.0,79591.95013685999,1169.9501368599886,https://data.riksdagen.se/dokument/H601FiU1.html,https://www.statskontoret.se/analys-och-statistik/oppna-data/arsutfall/
2018/19,2019,10,Ekonomisk trygghet vid sjukdom och funktionsnedsättning,C,party_motion,97073,97657.012,131.956,97872.05308010001,799.0530801000132,https://data.riksdagen.se/dokument/H601FiU1.html,https://www.statskontoret.se/analys-och-statistik/oppna-data/arsutfall/
2018/19,2019,11,Ekonomisk trygghet vid ålderdom,C,party_motion,34050,34881.475999999995,18.966,34485.780044939995,435.7800449399947,https://data.riksdagen.se/dokument/H601FiU1.html,https://www.statskontoret.se/analys-och-statistik/oppna-data/arsutfall/
2018/19,2019,12,Ekonomisk trygghet för familjer och barn,C,party_motion,97339,97332.20300000001,534.0,97315.35258508002,-23.647414919978473,https://data.riksdagen.se/dokument/H601FiU1.html,https://www.statskontoret.se/analys-och-statistik/oppna-data/arsutfall/
2018/19,2019,13,Jämställdhet och nyanlända invandrares etablering,C,party_motion,18486,14259.953,466.4,13379.817336030002,-5106.1826639699975,https://data.riksdagen.se/dokument/H601FiU1.html,https://www.statskontoret.se/analys-och-statistik/oppna-data/arsutfall/
2018/19,2019,14,Arbetsmarknad och arbetsliv,C,party_motion,74802,77647.30199999998,620.0,76970.74216427999,2168.742164279989,https://data.riksdagen.se/dokument/H601FiU1.html,https://www.statskontoret.se/analys-och-statistik/oppna-data/arsutfall/
2018/19,2019,15,Studiestöd,C,party_motion,24603,24731.156,-21.0,22815.194271739998,-1787.805728260002,https://data.riksdagen.se/dokument/H601FiU1.html,https://www.statskontoret.se/analys-och-statistik/oppna-data/arsutfall/
2018/19,2019,16,Utbildning och universitetsforskning,C,party_motion,80667,80851.826,-380.93399999999997,78531.59209518,-2135.407904819993,https://data.riksdagen.se/dokument/H601FiU1.html,https://www.statskontoret.se/analys-och-statistik/oppna-data/arsutfall/
2018/19,2019,17,"Kultur, medier, trossamfund och fritid",C,party_motion,15995,15781.531000000003,71.50999999999999,15828.199309690002,-166.80069030999766,https://data.riksdagen.se/dokument/H601FiU1.html,https://www.statskontoret.se/analys-och-statistik/oppna-data/arsutfall/
2018/19,2019,18,"Samhällsplanering, bostadsförsörjning och byggande samt konsumentpolitik",C,party_motion,3597,4742.123,-754.16,3052.26991616,-544.7300838400001,https://data.riksdagen.se/dokument/H601FiU1.html,https://www.statskontoret.se/analys-och-statistik/oppna-data/arsutfall/
2018/19,2019,19,Regional tillväxt,C,party_motion,3497,3496.5249999999996,71.0,3316.1780653100004,-180.82193468999958,https://data.riksdagen.se/dokument/H601FiU1.html,https://www.statskontoret.se/analys-och-statistik/oppna-data/arsutfall/
2018/19,2019,20,Allmän miljö- och naturvård,C,party_motion,12536,9737.248,1515.75,9446.43749185,-3089.56250815,https://data.riksdagen.se/dokument/H601FiU1.html,https://www.statskontoret.se/analys-och-statistik/oppna-data/arsutfall/
2018/19,2019,21,Energi,C,party_motion,3595,3209.1059999999998,794.1,2273.7631063599997,-1321.2368936400003,https://data.riksdagen.se/dokument/H601FiU1.html,https://www.statskontoret.se/analys-och-statistik/oppna-data/arsutfall/
2018/19,2019,22,Kommunikationer,C,party_motion,59457,58967.65499999999,224.0,58603.867596130025,-853.132403869975,https://data.riksdagen.se/dokument/H601FiU1.html,https://www.statskontoret.se/analys-och-statistik/oppna-data/arsutfall/
2018/19,2019,23,"Areella näringar, landsbygd och livsmedel",C,party_motion,21832,20900.281000000003,1122.433,20783.531557629994,-1048.4684423700055,https://data.riksdagen.se/dokument/H601FiU1.html,https://www.statskontoret.se/analys-och-statistik/oppna-data/arsutfall/
2018/19,2019,24,Näringsliv,C,party_motion,7267,7436.716999999999,-28.900000000000006,7303.6275475600005,36.627547560000494,https://data.riksdagen.se/dokument/H601FiU1.html,https://www.statskontoret.se/analys-och-statistik/oppna-data/arsutfall/
2018/19,2019,1,Rikets styrelse,GOV,government,14902,14926.365000000003,179.00900000000001,14968.306374150001,66.30637415000092,https://data.riksdagen.se/dokument/H601FiU1.html,https://www.statskontoret.se/analys-och-statistik/oppna-data/arsutfall/
2018/19,2019,2,Samhällsekonomi och finansförvaltning,GOV,government,17315,16986.246,-27.237000000000002,16596.300498970002,-718.6995010299979,https://data.riksdagen.se/dokument/H601FiU1.html,https://www.statskontoret.se/analys-och-statistik/oppna-data/arsutfall/
2018/19,2019,3,"Skatt, tull och exekution",GOV,government,11403,11522.533,-13.058,11520.27012141,117.27012140999977,https://data.riksdagen.se/dokument/H601FiU1.html,https://www.statskontoret.se/analys-och-statistik/oppna-data/arsutfall/
2018/19,2019,4,Rättsväsendet,GOV,government,46343,48378.244,1218.5,49378.65564774,3035.655647740001,https://data.riksdagen.se/dokument/H601FiU1.html,https://www.statskontoret.se/analys-och-statistik/oppna-data/arsutfall/
2018/19,2019,5,Internationell samverkan,GOV,government,2362,2362.2770000000005,-2.0,2337.27225558,-24.727744419999908,https://data.riksdagen.se/dokument/H601FiU1.html,https://www.statskontoret.se/analys-och-statistik/oppna-data/arsutfall/
2018/19,2019,6,Försvar och samhällets krisberedskap,GOV,government,56191,60007.545,212.5,60512.378503939995,4321.378503939995,https://data.riksdagen.se/dokument/H601FiU1.html,https://www.statskontoret.se/analys-och-statistik/oppna-data/arsutfall/
2018/19,2019,7,Internationellt bistånd,GOV,government,44945,44945.14,-487.048,44240.27486012,-704.7251398799999,https://data.riksdagen.se/dokument/H601FiU1.html,https://www.statskontoret.se/analys-och-statistik/oppna-data/arsutfall/
2018/19,2019,8,Migration,GOV,government,13573,12112.43,306.0,11847.13420432,-1725.8657956799998,https://data.riksdagen.se/dokument/H601FiU1.html,https://www.statskontoret.se/analys-och-statistik/oppna-data/arsutfall/
2018/19,2019,9,"Hälsovård, sjukvård och social omsorg",GOV,government,78122,81277.18500000001,268.0,79591.95013685999,1469.9501368599886,https://data.riksdagen.se/dokument/H601FiU1.html,https://www.statskontoret.se/analys-och-statistik/oppna-data/arsutfall/
2018/19,2019,10,Ekonomisk trygghet vid sjukdom och funktionsnedsättning,GOV,government,97657,97657.012,131.956,97872.05308010001,215.05308010001318,https://data.riksdagen.se/dokument/H601FiU1.html,https://www.statskontoret.se/analys-och-statistik/oppna-data/arsutfall/
2018/19,2019,11,Ekonomisk trygghet vid ålderdom,GOV,government,34450,34881.475999999995,18.966,34485.780044939995,35.780044939994696,https://data.riksdagen.se/dokument/H601FiU1.html,https://www.statskontoret.se/analys-och-statistik/oppna-data/arsutfall/
2018/19,2019,12,Ekonomisk trygghet för familjer och barn,GOV,government,97332,97332.20300000001,534.0,97315.35258508002,-16.647414919978473,https://data.riksdagen.se/dokument/H601FiU1.html,https://www.statskontoret.se/analys-och-statistik/oppna-data/arsutfall/
2018/19,2019,13,Jämställdhet och nyanlända invandrares etablering,GOV,government,18486,14259.953,466.4,13379.817336030002,-5106.1826639699975,https://data.riksdagen.se/dokument/H601FiU1.html,https://www.statskontoret.se/analys-och-statistik/oppna-data/arsutfall/
2018/19,2019,14,Arbetsmarknad och arbetsliv,GOV,government,76815,77647.30199999998,620.0,76970.74216427999,155.74216427998908,https://data.riksdagen.se/dokument/H601FiU1.html,https://www.statskontoret.se/analys-och-statistik/oppna-data/arsutfall/
2018/19,2019,15,Studiestöd,GOV,government,25023,24731.156,-21.0,22815.194271739998,-2207.805728260002,https://data.riksdagen.se/dokument/H601FiU1.html,https://www.statskontoret.se/analys-och-statistik/oppna-data/arsutfall/
2018/19,2019,16,Utbildning och universitetsforskning,GOV,government,81347,80851.826,-380.93399999999997,78531.59209518,-2815.407904819993,https://data.riksdagen.se/dokument/H601FiU1.html,https://www.statskontoret.se/analys-och-statistik/oppna-data/arsutfall/
2018/19,2019,17,"Kultur, medier, trossamfund och fritid",GOV,government,15995,15781.531000000003,71.50999999999999,15828.199309690002,-166.80069030999766,https://data.riksdagen.se/dokument/H601FiU1.html,https://www.statskontoret.se/analys-och-statistik/oppna-data/arsutfall/
2018/19,2019,18,"Samhällsplanering, bostadsförsörjning och byggande samt konsumentpolitik",GOV,government,6972,4742.123,-754.16,3052.26991616,-3919.73008384,https://data.riksdagen.se/dokument/H601FiU1.html,https://www.statskontoret.se/analys-och-statistik/oppna-data/arsutfall/
2018/19,2019,19,Regional tillväxt,GOV,government,3497,3496.5249999999996,71.0,3316.1780653100004,-180.82193468999958,https://data.riksdagen.se/dokument/H601FiU1.html,https://www.statskontoret.se/analys-och-statistik/oppna-data/arsutfall/
2018/19,2019,20,Allmän miljö- och naturvård,GOV,government,11836,9737.248,1515.75,9446.43749185,-2389.56250815,https://data.riksdagen.se/dokument/H601FiU1.html,https://www.statskontoret.se/analys-och-statistik/oppna-data/arsutfall/
2018/19,2019,21,Energi,GOV,government,3595,3209.1059999999998,794.1,2273.7631063599997,-1321.2368936400003,https://data.riksdagen.se/dokument/H601FiU1.html,https://www.statskontoret.se/analys-och-statistik/oppna-data/arsutfall/
2018/19,2019,22,Kommunikationer,GOV,government,59457,58967.65499999999,224.0,58603.867596130025,-853.132403869975,https://data.riksdagen.se/dokument/H601FiU1.html,https://www.statskontoret.se/analys-och-statistik/oppna-data/arsutfall/
2018/19,2019,23,"Areella näringar, landsbygd och livsmedel",GOV,government,19787,20900.281000000003,1122.433,20783.531557629994,996.5315576299945,https://data.riksdagen.se/dokument/H601FiU1.html,https://www.statskontoret.se/analys-och-statistik/oppna-data/arsutfall/
2018/19,2019,24,Näringsliv,GOV,government,7267,7436.716999999999,-28.900000000000006,7303.6275475600005,36.627547560000494,https://data.riksdagen.se/dokument/H601FiU1.html,https://www.statskontoret.se/analys-och-statistik/oppna-data/arsutfall/
2018/19,2019,1,Rikets styrelse,KD,party_motion,14831,14926.365000000003,179.00900000000001,14968.306374150001,137.30637415000092,https://data.riksdagen.se/dokument/H601FiU1.html,https://www.statskontoret.se/analys-och-statistik/oppna-data/arsutfall/
2018/19,2019,2,Samhällsekonomi och finansförvaltning,KD,party_motion,17182,16986.246,-27.237000000000002,16596.300498970002,-585.6995010299979,https://data.riksdagen.se/dokument/H601FiU1.html,https://www.statskontoret.se/analys-och-statistik/oppna-data/arsutfall/
2018/19,2019,3,"Skatt, tull och exekution",KD,party_motion,11563,11522.533,-13.058,11520.27012141,-42.729878590000226,https://data.riksdagen.se/dokument/H601FiU1.html,https://www.statskontoret.se/analys-och-statistik/oppna-data/arsutfall/
2018/19,2019,4,Rättsväsendet,KD,party_motion,48443,48378.244,1218.5,49378.65564774,935.6556477400009,https://data.riksdagen.se/dokument/H601FiU1.html,https://www.statskontoret.se/analys-och-statistik/oppna-data/arsutfall/
2018/19,2019,5,Internationell samverkan,KD,party_motion,2362,2362.2770000000005,-2.0,2337.27225558,-24.727744419999908,https://data.riksdagen.se/dokument/H601FiU1.html,https://www.statskontoret.se/analys-och-statistik/oppna-data/arsutfall/
2018/19,2019,6,Försvar och samhällets krisberedskap,KD,party_motion,59675,60007.545,212.5,60512.378503939995,837.3785039399954,https://data.riksdagen.se/dokument/H601FiU1.html,https://www.statskontoret.se/analys-och-statistik/oppna-data/arsutfall/
2018/19,2019,7,Internationellt bistånd,KD,party_motion,44954,44945.14,-487.048,44240.27486012,-713.7251398799999,https://data.riksdagen.se/dokument/H601FiU1.html,https://www.statskontoret.se/analys-och-statistik/oppna-data/arsutfall/
2018/19,2019,8,Migration,KD,party_motion,12643,12112.43,306.0,11847.13420432,-795.8657956799998,https://data.riksdagen.se/dokument/H601FiU1.html,https://www.statskontoret.se/analys-och-statistik/oppna-data/arsutfall/
2018/19,2019,9,"Hälsovård, sjukvård och social omsorg",KD,party_motion,87998,81277.18500000001,268.0,79591.95013685999,-8406.049863140011,https://data.riksdagen.se/dokument/H601FiU1.html,https://www.statskontoret.se/analys-och-statistik/oppna-data/arsutfall/
2018/19,2019,10,Ekonomisk trygghet vid sjukdom och funktionsnedsättning,KD,party_motion,96863,97657.012,131.956,97872.05308010001,1009.0530801000132,https://data.riksdagen.se/dokument/H601FiU1.html,https://www.statskontoret.se/analys-och-statistik/oppna-data/arsutfall/
2018/19,2019,11,Ekonomisk trygghet vid ålderdom,KD,party_motion,36591,34881.475999999995,18.966,34485.780044939995,-2105.2199550600053,https://data.riksdagen.se/dokument/H601FiU1.html,https://www.statskontoret.se/analys-och-statistik/oppna-data/arsutfall/
2018/19,2019,12,Ekonomisk trygghet för familjer och barn,KD,party_motion,100210,97332.20300000001,534.0,97315.35258508002,-2894.6474149199785,https://data.riksdagen.se/dokument/H601FiU1.html,https://www.statskontoret.se/analys-och-statistik/oppna-data/arsutfall/
2018/19,2019,13,Jämställdhet och nyanlända invandrares etablering,KD,party_motion,17309,14259.953,466.4,13379.817336030002,-3929.1826639699975,https://data.riksdagen.se/dokument/H601FiU1.html,https://www.statskontoret.se/analys-och-statistik/oppna-data/arsutfall/
2018/19,2019,14,Arbetsmarknad och arbetsliv,KD,party_motion,69184,77647.30199999998,620.0,76970.74216427999,7786.742164279989,https://data.riksdagen.se/dokument/H601FiU1.html,https://www.statskontoret.se/analys-och-statistik/oppna-data/arsutfall/
2018/19,2019,15,Studiestöd,KD,party_motion,21606,24731.156,-21.0,22815.194271739998,1209.194271739998,https://data.riksdagen.se/dokument/H601FiU1.html,https://www.statskontoret.se/analys-och-statistik/oppna-data/arsutfall/
2018/19,2019,16,Utbildning och universitetsforskning,KD,party_motion,83090,80851.826,-380.93399999999997,78531.59209518,-4558.407904819993,https://data.riksdagen.se/dokument/H601FiU1.html,https://www.statskontoret.se/analys-och-statistik/oppna-data/arsutfall/
2018/19,2019,17,"Kultur, medier, trossamfund och fritid",KD,party_motion,15123,15781.531000000003,71.50999999999999,15828.199309690002,705.1993096900023,https://data.riksdagen.se/dokument/H601FiU1.html,https://www.statskontoret.se/analys-och-statistik/oppna-data/arsutfall/
2018/19,2019,18,"Samhällsplanering, bostadsförsörjning och byggande samt konsumentpolitik",KD,party_motion,4584,4742.123,-754.16,3052.26991616,-1531.7300838400001,https://data.riksdagen.se/dokument/H601FiU1.html,https://www.statskontoret.se/analys-och-statistik/oppna-data/arsutfall/
2018/19,2019,19,Regional tillväxt,KD,party_motion,3497,3496.5249999999996,71.0,3316.1780653100004,-180.82193468999958,https://data.riksdagen.se/dokument/H601FiU1.html,https://www.statskontoret.se/analys-och-statistik/oppna-data/arsutfall/
2018/19,2019,20,Allmän miljö- och naturvård,KD,party_motion,8906,9737.248,1515.75,9446.43749185,540.4374918499998,https://data.riksdagen.se/dokument/H601FiU1.html,https://www.statskontoret.se/analys-och-statistik/oppna-data/arsutfall/
2018/19,2019,21,Energi,KD,party_motion,3405,3209.1059999999998,794.1,2273.7631063599997,-1131.2368936400003,https://data.riksdagen.se/dokument/H601FiU1.html,https://www.statskontoret.se/analys-och-statistik/oppna-data/arsutfall/
2018/19,2019,22,Kommunikationer,KD,party_motion,59298,58967.65499999999,224.0,58603.867596130025,-694.132403869975,https://data.riksdagen.se/dokument/H601FiU1.html,https://www.statskontoret.se/analys-och-statistik/oppna-data/arsutfall/
2018/19,2019,23,"Areella näringar, landsbygd och livsmedel",KD,party_motion,20220,20900.281000000003,1122.433,20783.531557629994,563.5315576299945,https://data.riksdagen.se/dokument/H601FiU1.html,https://www.statskontoret.se/analys-och-statistik/oppna-data/arsutfall/
2018/19,2019,24,Näringsliv,KD,party_motion,6474,7436.716999999999,-28.900000000000006,7303.6275475600005,829.6275475600005,https://data.riksdagen.se/dokument/H601FiU1.html,https://www.statskontoret.se/analys-och-statistik/oppna-data/arsutfall/
2018/19,2019,1,Rikets styrelse,L,party_motion,14780,14926.365000000003,179.00900000000001,14968.306374150001,188.30637415000092,https://data.riksdagen.se/dokument/H601FiU1.html,https://www.statskontoret.se/analys-och-statistik/oppna-data/arsutfall/
2018/19,2019,2,Samhällsekonomi och finansförvaltning,L,party_motion,17141,16986.246,-27.237000000000002,16596.300498970002,-544.6995010299979,https://data.riksdagen.se/dokument/H601FiU1.html,https://www.statskontoret.se/analys-och-statistik/oppna-data/arsutfall/
2018/19,2019,3,"Skatt, tull och exekution",L,party_motion,11525,11522.533,-13.058,11520.27012141,-4.729878590000226,https://data.riksdagen.se/dokument/H601FiU1.html,https://www.statskontoret.se/analys-och-statistik/oppna-data/arsutfall/
2018/19,2019,4,Rättsväsendet,L,party_motion,48243,48378.244,1218.5,49378.65564774,1135.6556477400009,https://data.riksdagen.se/dokument/H601FiU1.html,https://www.statskontoret.se/analys-och-statistik/oppna-data/arsutfall/
2018/19,2019,5,Internationell samverkan,L,party_motion,2317,2362.2770000000005,-2.0,2337.27225558,20.272255580000092,https://data.riksdagen.se/dokument/H601FiU1.html,https://www.statskontoret.se/analys-och-statistik/oppna-data/arsutfall/
2018/19,2019,6,Försvar och samhällets krisberedskap,L,party_motion,57296,60007.545,212.5,60512.378503939995,3216.3785039399954,https://data.riksdagen.se/dokument/H601FiU1.html,https://www.statskontoret.se/analys-och-statistik/oppna-data/arsutfall/
2018/19,2019,7,Internationellt bistånd,L,party_motion,44945,44945.14,-487.048,44240.27486012,-704.7251398799999,https://data.riksdagen.se/dokument/H601FiU1.html,https://www.statskontoret.se/analys-och-statistik/oppna-data/arsutfall/
2018/19,2019,8,Migration,L,party_motion,13460,12112.43,306.0,11847.13420432,-1612.8657956799998,https://data.riksdagen.se/dokument/H601FiU1.html,https://www.statskontoret.se/analys-och-statistik/oppna-data/arsutfall/
2018/19,2019,9,"Hälsovård, sjukvård och social omsorg",L,party_motion,82111,81277.18500000001,268.0,79591.95013685999,-2519.0498631400114,https://data.riksdagen.se/dokument/H601FiU1.html,https://www.statskontoret.se/analys-och-statistik/oppna-data/arsutfall/
2018/19,2019,10,Ekonomisk trygghet vid sjukdom och funktionsnedsättning,L,party_motion,91738,97657.012,131.956,97872.05308010001,6134.053080100013,https://data.riksdagen.se/dokument/H601FiU1.html,https://www.statskontoret.se/analys-och-statistik/oppna-data/arsutfall/
2018/19,2019,11,Ekonomisk trygghet vid ålderdom,L,party_motion,34349,34881.475999999995,18.966,34485.780044939995,136.7800449399947,https://data.riksdagen.se/dokument/H601FiU1.html,https://www.statskontoret.se/analys-och-statistik/oppna-data/arsutfall/
2018/19,2019,12,Ekonomisk trygghet för familjer och barn,L,party_motion,97363,97332.20300000001,534.0,97315.35258508002,-47.64741491997847,https://data.riksdagen.se/dokument/H601FiU1.html,https://www.statskontoret.se/analys-och-statistik/oppna-data/arsutfall/
2018/19,2019,13,Jämställdhet och nyanlända invandrares etablering,L,party_motion,18229,14259.953,466.4,13379.817336030002,-4849.1826639699975,https://data.riksdagen.se/dokument/H601FiU1.html,https://www.statskontoret.se/analys-och-statistik/oppna-data/arsutfall/
2018/19,2019,14,Arbetsmarknad och arbetsliv,L,party_motion,67613,77647.30199999998,620.0,76970.74216427999,9357.742164279989,https://data.riksdagen.se/dokument/H601FiU1.html,https://www.statskontoret.se/analys-och-statistik/oppna-data/arsutfall/
2018/19,2019,15,Studiestöd,L,party_motion,24247,24731.156,-21.0,22815.194271739998,-1431.805728260002,https://data.riksdagen.se/dokument/H601FiU1.html,https://www.statskontoret.se/analys-och-statistik/oppna-data/arsutfall/
2018/19,2019,16,Utbildning och universitetsforskning,L,party_motion,84195,80851.826,-380.93399999999997,78531.59209518,-5663.407904819993,https://data.riksdagen.se/dokument/H601FiU1.html,https://www.statskontoret.se/analys-och-statistik/oppna-data/arsutfall/
2018/19,2019,17,"Kultur, medier, trossamfund och fritid",L,party_motion,16382,15781.531000000003,71.50999999999999,15828.199309690002,-553.8006903099977,https://data.riksdagen.se/dokument/H601FiU1.html,https://www.statskontoret.se/analys-och-statistik/oppna-data/arsutfall/
2018/19,2019,18,"Samhällsplanering, bostadsförsörjning och byggande samt konsumentpolitik",L,party_motion,3626,4742.123,-754.16,3052.26991616,-573.7300838400001,https://data.riksdagen.se/dokument/H601FiU1.html,https://www.statskontoret.se/analys-och-statistik/oppna-data/arsutfall/
2018/19,2019,19,Regional tillväxt,L,party_motion,3422,3496.5249999999996,71.0,3316.1780653100004,-105.82193468999958,https://data.riksdagen.se/dokument/H601FiU1.html,https://www.statskontoret.se/analys-och-statistik/oppna-data/arsutfall/
2018/19,2019,20,Allmän miljö- och naturvård,L,party_motion,9803,9737.248,1515.75,9446.43749185,-356.5625081500002,https://data.riksdagen.se/dokument/H601FiU1.html,https://www.statskontoret.se/analys-och-statistik/oppna-data/arsutfall/
2018/19,2019,21,Energi,L,party_motion,2616,3209.1059999999998,794.1,2273.7631063599997,-342.2368936400003,https://data.riksdagen.se/dokument/H601FiU1.html,https://www.statskontoret.se/analys-och-statistik/oppna-data/arsutfall/
2018/19,2019,22,Kommunikationer,L,party_motion,58698,58967.65499999999,224.0,58603.867596130025,-94.13240386997495,https://data.riksdagen.se/dokument/H601FiU1.html,https://www.statskontoret.se/analys-och-statistik/oppna-data/arsutfall/
2018/19,2019,23,"Areella näringar, landsbygd och livsmedel",L,party_motion,19364,20900.281000000003,1122.433,20783.531557629994,1419.5315576299945,https://data.riksdagen.se/dokument/H601FiU1.html,https://www.statskontoret.se/analys-och-statistik/oppna-data/arsutfall/
2018/19,2019,24,Näringsliv,L,party_motion,6924,7436.716999999999,-28.900000000000006,7303.6275475600005,379.6275475600005,https://data.riksdagen.se/dokument/H601FiU1.html,https://www.statskontoret.se/analys-och-statistik/oppna-data/arsutfall/
2018/19,2019,1,Rikets styrelse,M,party_motion,14745,14926.365000000003,179.00900000000001,14968.306374150001,223.30637415000092,https://data.riksdagen.se/dokument/H601FiU1.html,https://www.statskontoret.se/analys-och-statistik/oppna-data/arsutfall/
2018/19,2019,2,Samhällsekonomi och finansförvaltning,M,party_motion,17319,16986.246,-27.237000000000002,16596.300498970002,-722.6995010299979,https://data.riksdagen.se/dokument/H601FiU1.html,https://www.statskontoret.se/analys-och-statistik/oppna-data/arsutfall/
2018/19,2019,3,"Skatt, tull och exekution",M,party_motion,11553,11522.533,-13.058,11520.27012141,-32.729878590000226,https://data.riksdagen.se/dokument/H601FiU1.html,https://www.statskontoret.se/analys-och-statistik/oppna-data/arsutfall/
2018/19,2019,4,Rättsväsendet,M,party_motion,48587,48378.244,1218.5,49378.65564774,791.6556477400009,https://data.riksdagen.se/dokument/H601FiU1.html,https://www.statskontoret.se/analys-och-statistik/oppna-data/arsutfall/
2018/19,2019,5,Internationell samverkan,M,party_motion,2362,2362.2770000000005,-2.0,2337.27225558,-24.727744419999908,https://data.riksdagen.se/dokument/H601FiU1.html,https://www.statskontoret.se/analys-och-statistik/oppna-data/arsutfall/
2018/19,2019,6,Försvar och samhällets krisberedskap,M,party_motion,60090,60007.545,212.5,60512.378503939995,422.3785039399954,https://data.riksdagen.se/dokument/H601FiU1.html,https://www.statskontoret.se/analys-och-statistik/oppna-data/arsutfall/
2018/19,2019,7,Internationellt bistånd,M,party_motion,43745,44945.14,-487.048,44240.27486012,495.2748601200001,https://data.riksdagen.se/dokument/H601FiU1.html,https://www.statskontoret.se/analys-och-statistik/oppna-data/arsutfall/
2018/19,2019,8,Migration,M,party_motion,11767,12112.43,306.0,11847.13420432,80.13420432000021,https://data.riksdagen.se/dokument/H601FiU1.html,https://www.statskontoret.se/analys-och-statistik/oppna-data/arsutfall/
2018/19,2019,9,"Hälsovård, sjukvård och social omsorg",M,party_motion,79072,81277.18500000001,268.0,79591.95013685999,519.9501368599886,https://data.riksdagen.se/dokument/H601FiU1.html,https://www.statskontoret.se/analys-och-statistik/oppna-data/arsutfall/
2018/19,2019,10,Ekonomisk trygghet vid sjukdom och funktionsnedsättning,M,party_motion,97657,97657.012,131.956,97872.05308010001,215.05308010001318,https://data.riksdagen.se/dokument/H601FiU1.html,https://www.statskontoret.se/analys-och-statistik/oppna-data/arsutfall/
2018/19,2019,11,Ekonomisk trygghet vid ålderdom,M,party_motion,34450,34881.475999999995,18.966,34485.780044939995,35.780044939994696,https://data.riksdagen.se/dokument/H601FiU1.html,https://www.statskontoret.se/analys-och-statistik/oppna-data/arsutfall/
2018/19,2019,12,Ekonomisk trygghet för familjer och barn,M,party_motion,97332,97332.20300000001,534.0,97315.35258508002,-16.647414919978473,https://data.riksdagen.se/dokument/H601FiU1.html,https://www.statskontoret.se/analys-och-statistik/oppna-data/arsutfall/
2018/19,2019,13,Jämställdhet och nyanlända invandrares etablering,M,party_motion,17967,14259.953,466.4,13379.817336030002,-4587.1826639699975,https://data.riksdagen.se/dokument/H601FiU1.html,https://www.statskontoret.se/analys-och-statistik/oppna-data/arsutfall/
2018/19,2019,14,Arbetsmarknad och arbetsliv,M,party_motion,73915,77647.30199999998,620.0,76970.74216427999,3055.742164279989,https://data.riksdagen.se/dokument/H601FiU1.html,https://www.statskontoret.se/analys-och-statistik/oppna-data/arsutfall/
2018/19,2019,15,Studiestöd,M,party_motion,24669,24731.156,-21.0,22815.194271739998,-1853.805728260002,https://data.riksdagen.se/dokument/H601FiU1.html,https://www.statskontoret.se/analys-och-statistik/oppna-data/arsutfall/
2018/19,2019,16,Utbildning och universitetsforskning,M,party_motion,81059,80851.826,-380.93399999999997,78531.59209518,-2527.407904819993,https://data.riksdagen.se/dokument/H601FiU1.html,https://www.statskontoret.se/analys-och-statistik/oppna-data/arsutfall/
2018/19,2019,17,"Kultur, medier, trossamfund och fritid",M,party_motion,15767,15781.531000000003,71.50999999999999,15828.199309690002,61.19930969000234,https://data.riksdagen.se/dokument/H601FiU1.html,https://www.statskontoret.se/analys-och-statistik/oppna-data/arsutfall/
2018/19,2019,18,"Samhällsplanering, bostadsförsörjning och byggande samt konsumentpolitik",M,party_motion,4727,4742.123,-754.16,3052.26991616,-1674.7300838400001,https://data.riksdagen.se/dokument/H601FiU1.html,https://www.statskontoret.se/analys-och-statistik/oppna-data/arsutfall/
2018/19,2019,19,Regional tillväxt,M,party_motion,3497,3496.5249999999996,71.0,3316.1780653100004,-180.82193468999958,https://data.riksdagen.se/dokument/H601FiU1.html,https://www.statskontoret.se/analys-och-statistik/oppna-data/arsutfall/
2018/19,2019,20,Allmän miljö- och naturvård,M,party_motion,10072,9737.248,1515.75,9446.43749185,-625.5625081500002,https://data.riksdagen.se/dokument/H601FiU1.html,https://www.statskontoret.se/analys-och-statistik/oppna-data/arsutfall/
2018/19,2019,21,Energi,M,party_motion,3199,3209.1059999999998,794.1,2273.7631063599997,-925.2368936400003,https://data.riksdagen.se/dokument/H601FiU1.html,https://www.statskontoret.se/analys-och-statistik/oppna-data/arsutfall/
2018/19,2019,22,Kommunikationer,M,party_motion,59359,58967.65499999999,224.0,58603.867596130025,-755.132403869975,https://data.riksdagen.se/dokument/H601FiU1.html,https://www.statskontoret.se/analys-och-statistik/oppna-data/arsutfall/
2018/19,2019,23,"Areella näringar, landsbygd och livsmedel",M,party_motion,21000,20900.281000000003,1122.433,20783.531557629994,-216.4684423700055,https://data.riksdagen.se/dokument/H601FiU1.html,https://www.statskontoret.se/analys-och-statistik/oppna-data/arsutfall/
2018/19,2019,24,Näringsliv,M,party_motion,7387,7436.716999999999,-28.900000000000006,7303.6275475600005,-83.3724524399995,https://data.riksdagen.se/dokument/H601FiU1.html,https://www.statskontoret.se/analys-och-statistik/oppna-data/arsutfall/
2018/19,2019,1,Rikets styrelse,SD,party_motion,14372,14926.365000000003,179.00900000000001,14968.306374150001,596.3063741500009,https://data.riksdagen.se/dokument/H601FiU1.html,https://www.statskontoret.se/analys-och-statistik/oppna-data/arsutfall/
2018/19,2019,2,Samhällsekonomi och finansförvaltning,SD,party_motion,17792,16986.246,-27.237000000000002,16596.300498970002,-1195.699501029998,https://data.riksdagen.se/dokument/H601FiU1.html,https://www.statskontoret.se/analys-och-statistik/oppna-data/arsutfall/
2018/19,2019,3,"Skatt, tull och exekution",SD,party_motion,11953,11522.533,-13.058,11520.27012141,-432.7298785900002,https://data.riksdagen.se/dokument/H601FiU1.html,https://www.statskontoret.se/analys-och-statistik/oppna-data/arsutfall/
2018/19,2019,4,Rättsväsendet,SD,party_motion,46347,48378.244,1218.5,49378.65564774,3031.655647740001,https://data.riksdagen.se/dokument/H601FiU1.html,https://www.statskontoret.se/analys-och-statistik/oppna-data/arsutfall/
2018/19,2019,6,Försvar och samhällets krisberedskap,SD,party_motion,56198,60007.545,212.5,60512.378503939995,4314.378503939995,https://data.riksdagen.se/dokument/H601FiU1.html,https://www.statskontoret.se/analys-och-statistik/oppna-data/arsutfall/
2018/19,2019,7,Internationellt bistånd,SD,party_motion,33672,44945.14,-487.048,44240.27486012,10568.27486012,https://data.riksdagen.se/dokument/H601FiU1.html,https://www.statskontoret.se/analys-och-statistik/oppna-data/arsutfall/
2018/19,2019,8,Migration,SD,party_motion,13010,12112.43,306.0,11847.13420432,-1162.8657956799998,https://data.riksdagen.se/dokument/H601FiU1.html,https://www.statskontoret.se/analys-och-statistik/oppna-data/arsutfall/
2018/19,2019,9,"Hälsovård, sjukvård och social omsorg",SD,party_motion,84067,81277.18500000001,268.0,79591.95013685999,-4475.049863140011,https://data.riksdagen.se/dokument/H601FiU1.html,https://www.statskontoret.se/analys-och-statistik/oppna-data/arsutfall/
2018/19,2019,10,Ekonomisk trygghet vid sjukdom och funktionsnedsättning,SD,party_motion,102132,97657.012,131.956,97872.05308010001,-4259.946919899987,https://data.riksdagen.se/dokument/H601FiU1.html,https://www.statskontoret.se/analys-och-statistik/oppna-data/arsutfall/
2018/19,2019,11,Ekonomisk trygghet vid ålderdom,SD,party_motion,41150,34881.475999999995,18.966,34485.780044939995,-6664.219955060005,https://data.riksdagen.se/dokument/H601FiU1.html,https://www.statskontoret.se/analys-och-statistik/oppna-data/arsutfall/
2018/19,2019,12,Ekonomisk trygghet för familjer och barn,SD,party_motion,100075,97332.20300000001,534.0,97315.35258508002,-2759.6474149199785,https://data.riksdagen.se/dokument/H601FiU1.html,https://www.statskontoret.se/analys-och-statistik/oppna-data/arsutfall/
2018/19,2019,13,Jämställdhet och nyanlända invandrares etablering,SD,party_motion,10671,14259.953,466.4,13379.817336030002,2708.8173360300025,https://data.riksdagen.se/dokument/H601FiU1.html,https://www.statskontoret.se/analys-och-statistik/oppna-data/arsutfall/
2018/19,2019,14,Arbetsmarknad och arbetsliv,SD,party_motion,74798,77647.30199999998,620.0,76970.74216427999,2172.742164279989,https://data.riksdagen.se/dokument/H601FiU1.html,https://www.statskontoret.se/analys-och-statistik/oppna-data/arsutfall/
2018/19,2019,15,Studiestöd,SD,party_motion,24143,24731.156,-21.0,22815.194271739998,-1327.805728260002,https://data.riksdagen.se/dokument/H601FiU1.html,https://www.statskontoret.se/analys-och-statistik/oppna-data/arsutfall/
2018/19,2019,16,Utbildning och universitetsforskning,SD,party_motion,82017,80851.826,-380.93399999999997,78531.59209518,-3485.407904819993,https://data.riksdagen.se/dokument/H601FiU1.html,https://www.statskontoret.se/analys-och-statistik/oppna-data/arsutfall/
2018/19,2019,17,"Kultur, medier, trossamfund och fritid",SD,party_motion,15576,15781.531000000003,71.50999999999999,15828.199309690002,252.19930969000234,https://data.riksdagen.se/dokument/H601FiU1.html,https://www.statskontoret.se/analys-och-statistik/oppna-data/arsutfall/
2018/19,2019,18,"Samhällsplanering, bostadsförsörjning och byggande samt konsumentpolitik",SD,party_motion,5943,4742.123,-754.16,3052.26991616,-2890.73008384,https://data.riksdagen.se/dokument/H601FiU1.html,https://www.statskontoret.se/analys-och-statistik/oppna-data/arsutfall/
2018/19,2019,19,Regional tillväxt,SD,party_motion,4017,3496.5249999999996,71.0,3316.1780653100004,-700.8219346899996,https://data.riksdagen.se/dokument/H601FiU1.html,https://www.statskontoret.se/analys-och-statistik/oppna-data/arsutfall/
2018/19,2019,20,Allmän miljö- och naturvård,SD,party_motion,7844,9737.248,1515.75,9446.43749185,1602.4374918499998,https://data.riksdagen.se/dokument/H601FiU1.html,https://www.statskontoret.se/analys-och-statistik/oppna-data/arsutfall/
2018/19,2019,21,Energi,SD,party_motion,2840,3209.1059999999998,794.1,2273.7631063599997,-566.2368936400003,https://data.riksdagen.se/dokument/H601FiU1.html,https://www.statskontoret.se/analys-och-statistik/oppna-data/arsutfall/
2018/19,2019,22,Kommunikationer,SD,party_motion,61992,58967.65499999999,224.0,58603.867596130025,-3388.132403869975,https://data.riksdagen.se/dokument/H601FiU1.html,https://www.statskontoret.se/analys-och-statistik/oppna-data/arsutfall/
2018/19,2019,23,"Areella näringar, landsbygd och livsmedel",SD,party_motion,20284,20900.281000000003,1122.433,20783.531557629994,499.5315576299945,https://data.riksdagen.se/dokument/H601FiU1.html,https://www.statskontoret.se/analys-och-statistik/oppna-data/arsutfall/
2018/19,2019,24,Näringsliv,SD,party_motion,6974,7436.716999999999,-28.900000000000006,7303.6275475600005,329.6275475600005,https://data.riksdagen.se/dokument/H601FiU1.html,https://www.statskontoret.se/analys-och-statistik/oppna-data/arsutfall/
2019/20,2020,1,Rikets styrelse,GOV,government,15131,15131.274000000001,965.0,15749.040581319996,618.0405813199959,https://data.riksdagen.se/dokument/H701FiU1.html,https://www.statskontoret.se/analys-och-statistik/oppna-data/arsutfall/
2019/20,2020,2,Samhällsekonomi och finansförvaltning,GOV,government,17390,17390.191,36.823,17002.918798579998,-387.0812014200019,https://data.riksdagen.se/dokument/H701FiU1.html,https://www.statskontoret.se/analys-och-statistik/oppna-data/arsutfall/
2019/20,2020,3,"Skatt, tull och exekution",GOV,government,12057,12056.989,255.0,12054.61077682,-2.3892231800000445,https://data.riksdagen.se/dokument/H701FiU1.html,https://www.statskontoret.se/analys-och-statistik/oppna-data/arsutfall/
2019/20,2020,4,Rättsväsendet,GOV,government,51731,51725.38300000001,1524.0,53022.48421308999,1291.4842130899924,https://data.riksdagen.se/dokument/H701FiU1.html,https://www.statskontoret.se/analys-och-statistik/oppna-data/arsutfall/
2019/20,2020,5,Internationell samverkan,GOV,government,2028,2028.3149999999998,115.0,2070.4406114599997,42.44061145999967,https://data.riksdagen.se/dokument/H701FiU1.html,https://www.statskontoret.se/analys-och-statistik/oppna-data/arsutfall/
2019/20,2020,6,Försvar och samhällets krisberedskap,GOV,government,64800,64734.44999999999,130.0,63028.45035472001,-1771.5496452799925,https://data.riksdagen.se/dokument/H701FiU1.html,https://www.statskontoret.se/analys-och-statistik/oppna-data/arsutfall/
2019/20,2020,7,Internationellt bistånd,GOV,government,45989,45989.153000000006,749.5,46524.76205407,535.7620540700009,https://data.riksdagen.se/dokument/H701FiU1.html,https://www.statskontoret.se/analys-och-statistik/oppna-data/arsutfall/
2019/20,2020,8,Migration,GOV,government,11446,11446.213,180.0,9578.839342820002,-1867.1606571799985,https://data.riksdagen.se/dokument/H701FiU1.html,https://www.statskontoret.se/analys-och-statistik/oppna-data/arsutfall/
2019/20,2020,9,"Hälsovård, sjukvård och social omsorg",GOV,government,84167,84167.14199999998,32652.5,101774.34256799,17607.342567989996,https://data.riksdagen.se/dokument/H701FiU1.html,https://www.statskontoret.se/analys-och-statistik/oppna-data/arsutfall/
2019/20,2020,10,Ekonomisk trygghet vid sjukdom och funktionsnedsättning,GOV,government,95706,95705.84299999998,32966.0,117898.77125956998,22192.771259569985,https://data.riksdagen.se/dokument/H701FiU1.html,https://www.statskontoret.se/analys-och-statistik/oppna-data/arsutfall/
2019/20,2020,11,Ekonomisk trygghet vid ålderdom,GOV,government,36542,36542.396,77.0,36652.25408631999,110.25408631999017,https://data.riksdagen.se/dokument/H701FiU1.html,https://www.statskontoret.se/analys-och-statistik/oppna-data/arsutfall/
2019/20,2020,12,Ekonomisk trygghet för familjer och barn,GOV,government,101430,101430.32,2831.0,99939.00457326,-1490.9954267400026,https://data.riksdagen.se/dokument/H701FiU1.html,https://www.statskontoret.se/analys-och-statistik/oppna-data/arsutfall/
2019/20,2020,13,Jämställdhet och nyanlända invandrares etablering,GOV,government,10066,10065.663,55.0,8515.995585080002,-1550.0044149199985,https://data.riksdagen.se/dokument/H701FiU1.html,https://www.statskontoret.se/analys-och-statistik/oppna-data/arsutfall/
2019/20,2020,14,Arbetsmarknad och arbetsliv,GOV,government,77164,77164.28699999998,21601.2,87154.01608564,9990.016085640003,https://data.riksdagen.se/dokument/H701FiU1.html,https://www.statskontoret.se/analys-och-statistik/oppna-data/arsutfall/
2019/20,2020,15,Studiestöd,GOV,government,25508,25508.399999999998,1604.5,25059.72029929,-448.27970071000163,https://data.riksdagen.se/dokument/H701FiU1.html,https://www.statskontoret.se/analys-och-statistik/oppna-data/arsutfall/
2019/20,2020,16,Utbildning och universitetsforskning,GOV,government,83316,83321.57400000004,1458.0,82962.86590846999,-353.13409153000975,https://data.riksdagen.se/dokument/H701FiU1.html,https://www.statskontoret.se/analys-och-statistik/oppna-data/arsutfall/
2019/20,2020,17,"Kultur, medier, trossamfund och fritid",GOV,government,16061,16061.28,4464.3,20416.644594929996,4355.644594929996,https://data.riksdagen.se/dokument/H701FiU1.html,https://www.statskontoret.se/analys-och-statistik/oppna-data/arsutfall/
2019/20,2020,18,"Samhällsplanering, bostadsförsörjning och byggande samt konsumentpolitik",GOV,government,3727,3726.522,8.0,3779.384290199999,52.384290199999214,https://data.riksdagen.se/dokument/H701FiU1.html,https://www.statskontoret.se/analys-och-statistik/oppna-data/arsutfall/
2019/20,2020,19,Regional tillväxt,GOV,government,3673,3672.5249999999996,0.0,3183.6139887,-489.38601130000006,https://data.riksdagen.se/dokument/H701FiU1.html,https://www.statskontoret.se/analys-och-statistik/oppna-data/arsutfall/
2019/20,2020,20,Allmän miljö- och naturvård,GOV,government,12571,12571.182999999999,419.0,10950.497201389999,-1620.5027986100013,https://data.riksdagen.se/dokument/H701FiU1.html,https://www.statskontoret.se/analys-och-statistik/oppna-data/arsutfall/
2019/20,2020,21,Energi,GOV,government,3469,3534.2349999999997,38.0,3398.19559526,-70.80440473999988,https://data.riksdagen.se/dokument/H701FiU1.html,https://www.statskontoret.se/analys-och-statistik/oppna-data/arsutfall/
2019/20,2020,22,Kommunikationer,GOV,government,61296,61295.945999999996,7053.7,65167.08555620999,3871.0855562099896,https://data.riksdagen.se/dokument/H701FiU1.html,https://www.statskontoret.se/analys-och-statistik/oppna-data/arsutfall/
2019/20,2020,23,"Areella näringar, landsbygd och livsmedel",GOV,government,19790,19790.236000000004,1429.8,20019.83165935,229.83165934999852,https://data.riksdagen.se/dokument/H701FiU1.html,https://www.statskontoret.se/analys-och-statistik/oppna-data/arsutfall/
2019/20,2020,24,Näringsliv,GOV,government,7264,7263.863,161592.0,60406.53899161,53142.53899161,https://data.riksdagen.se/dokument/H701FiU1.html,https://www.statskontoret.se/analys-och-statistik/oppna-data/arsutfall/
2019/20,2020,25,Allmänna bidrag till kommuner,GOV,government,128418,128417.57199999999,29547.8,157964.371881,29546.371881,https://data.riksdagen.se/dokument/H701FiU1.html,https://www.statskontoret.se/analys-och-statistik/oppna-data/arsutfall/
2019/20,2020,26,Statsskuldsräntor m.m.,GOV,government,29655,29655.2,0.0,19591.63034841,-10063.369651590001,https://data.riksdagen.se/dokument/H701FiU1.html,https://www.statskontoret.se/analys-och-statistik/oppna-data/arsutfall/
2019/20,2020,27,Avgiften till Europeiska unionen,GOV,government,41990,41989.649,2683.702,47192.80701562,5202.807015619997,https://data.riksdagen.se/dokument/H701FiU1.html,https://www.statskontoret.se/analys-och-statistik/oppna-data/arsutfall/
2019/20,2020,1,Rikets styrelse,KD,party_motion,15306,15131.274000000001,965.0,15749.040581319996,443.0405813199959,https://data.riksdagen.se/dokument/H701FiU1.html,https://www.statskontoret.se/analys-och-statistik/oppna-data/arsutfall/
2019/20,2020,2,Samhällsekonomi och finansförvaltning,KD,party_motion,17348,17390.191,36.823,17002.918798579998,-345.0812014200019,https://data.riksdagen.se/dokument/H701FiU1.html,https://www.statskontoret.se/analys-och-statistik/oppna-data/arsutfall/
2019/20,2020,3,"Skatt, tull och exekution",KD,party_motion,11946,12056.989,255.0,12054.61077682,108.61077681999996,https://data.riksdagen.se/dokument/H701FiU1.html,https://www.statskontoret.se/analys-och-statistik/oppna-data/arsutfall/
2019/20,2020,4,Rättsväsendet,KD,party_motion,52621,51725.38300000001,1524.0,53022.48421308999,401.4842130899924,https://data.riksdagen.se/dokument/H701FiU1.html,https://www.statskontoret.se/analys-och-statistik/oppna-data/arsutfall/
2019/20,2020,5,Internationell samverkan,KD,party_motion,1998,2028.3149999999998,115.0,2070.4406114599997,72.44061145999967,https://data.riksdagen.se/dokument/H701FiU1.html,https://www.statskontoret.se/analys-och-statistik/oppna-data/arsutfall/
2019/20,2020,6,Försvar och samhällets krisberedskap,KD,party_motion,64800,64734.44999999999,130.0,63028.45035472001,-1771.5496452799925,https://data.riksdagen.se/dokument/H701FiU1.html,https://www.statskontoret.se/analys-och-statistik/oppna-data/arsutfall/
2019/20,2020,7,Internationellt bistånd,KD,party_motion,45989,45989.153000000006,749.5,46524.76205407,535.7620540700009,https://data.riksdagen.se/dokument/H701FiU1.html,https://www.statskontoret.se/analys-och-statistik/oppna-data/arsutfall/
2019/20,2020,8,Migration,KD,party_motion,11544,11446.213,180.0,9578.839342820002,-1965.1606571799985,https://data.riksdagen.se/dokument/H701FiU1.html,https://www.statskontoret.se/analys-och-statistik/oppna-data/arsutfall/
2019/20,2020,9,"Hälsovård, sjukvård och social omsorg",KD,party_motion,91304,84167.14199999998,32652.5,101774.34256799,10470.342567989996,https://data.riksdagen.se/dokument/H701FiU1.html,https://www.statskontoret.se/analys-och-statistik/oppna-data/arsutfall/
2019/20,2020,10,Ekonomisk trygghet vid sjukdom och funktionsnedsättning,KD,party_motion,95287,95705.84299999998,32966.0,117898.77125956998,22611.771259569985,https://data.riksdagen.se/dokument/H701FiU1.html,https://www.statskontoret.se/analys-och-statistik/oppna-data/arsutfall/
2019/20,2020,11,Ekonomisk trygghet vid ålderdom,KD,party_motion,36343,36542.396,77.0,36652.25408631999,309.25408631999017,https://data.riksdagen.se/dokument/H701FiU1.html,https://www.statskontoret.se/analys-och-statistik/oppna-data/arsutfall/
2019/20,2020,12,Ekonomisk trygghet för familjer och barn,KD,party_motion,104852,101430.32,2831.0,99939.00457326,-4912.995426740003,https://data.riksdagen.se/dokument/H701FiU1.html,https://www.statskontoret.se/analys-och-statistik/oppna-data/arsutfall/
2019/20,2020,13,Jämställdhet och nyanlända invandrares etablering,KD,party_motion,10023,10065.663,55.0,8515.995585080002,-1507.0044149199985,https://data.riksdagen.se/dokument/H701FiU1.html,https://www.statskontoret.se/analys-och-statistik/oppna-data/arsutfall/
2019/20,2020,14,Arbetsmarknad och arbetsliv,KD,party_motion,74142,77164.28699999998,21601.2,87154.01608564,13012.016085640003,https://data.riksdagen.se/dokument/H701FiU1.html,https://www.statskontoret.se/analys-och-statistik/oppna-data/arsutfall/
2019/20,2020,15,Studiestöd,KD,party_motion,22600,25508.399999999998,1604.5,25059.72029929,2459.7202992899984,https://data.riksdagen.se/dokument/H701FiU1.html,https://www.statskontoret.se/analys-och-statistik/oppna-data/arsutfall/
2019/20,2020,16,Utbildning och universitetsforskning,KD,party_motion,84241,83321.57400000004,1458.0,82962.86590846999,-1278.1340915300098,https://data.riksdagen.se/dokument/H701FiU1.html,https://www.statskontoret.se/analys-och-statistik/oppna-data/arsutfall/
2019/20,2020,17,"Kultur, medier, trossamfund och fritid",KD,party_motion,15613,16061.28,4464.3,20416.644594929996,4803.644594929996,https://data.riksdagen.se/dokument/H701FiU1.html,https://www.statskontoret.se/analys-och-statistik/oppna-data/arsutfall/
2019/20,2020,18,"Samhällsplanering, bostadsförsörjning och byggande samt konsumentpolitik",KD,party_motion,3227,3726.522,8.0,3779.384290199999,552.3842901999992,https://data.riksdagen.se/dokument/H701FiU1.html,https://www.statskontoret.se/analys-och-statistik/oppna-data/arsutfall/
2019/20,2020,19,Regional tillväxt,KD,party_motion,3693,3672.5249999999996,0.0,3183.6139887,-509.38601130000006,https://data.riksdagen.se/dokument/H701FiU1.html,https://www.statskontoret.se/analys-och-statistik/oppna-data/arsutfall/
2019/20,2020,20,Allmän miljö- och naturvård,KD,party_motion,10634,12571.182999999999,419.0,10950.497201389999,316.49720138999874,https://data.riksdagen.se/dokument/H701FiU1.html,https://www.statskontoret.se/analys-och-statistik/oppna-data/arsutfall/
2019/20,2020,21,Energi,KD,party_motion,3174,3534.2349999999997,38.0,3398.19559526,224.19559526000012,https://data.riksdagen.se/dokument/H701FiU1.html,https://www.statskontoret.se/analys-och-statistik/oppna-data/arsutfall/
2019/20,2020,22,Kommunikationer,KD,party_motion,61626,61295.945999999996,7053.7,65167.08555620999,3541.0855562099896,https://data.riksdagen.se/dokument/H701FiU1.html,https://www.statskontoret.se/analys-och-statistik/oppna-data/arsutfall/
2019/20,2020,23,"Areella näringar, landsbygd och livsmedel",KD,party_motion,19865,19790.236000000004,1429.8,20019.83165935,154.83165934999852,https://data.riksdagen.se/dokument/H701FiU1.html,https://www.statskontoret.se/analys-och-statistik/oppna-data/arsutfall/
2019/20,2020,24,Näringsliv,KD,party_motion,6361,7263.863,161592.0,60406.53899161,54045.53899161,https://data.riksdagen.se/dokument/H701FiU1.html,https://www.statskontoret.se/analys-och-statistik/oppna-data/arsutfall/
2019/20,2020,25,Allmänna bidrag till kommuner,KD,party_motion,129835,128417.57199999999,29547.8,157964.371881,28129.371881,https://data.riksdagen.se/dokument/H701FiU1.html,https://www.statskontoret.se/analys-och-statistik/oppna-data/arsutfall/
2019/20,2020,26,Statsskuldsräntor m.m.,KD,party_motion,29655,29655.2,0.0,19591.63034841,-10063.369651590001,https://data.riksdagen.se/dokument/H701FiU1.html,https://www.statskontoret.se/analys-och-statistik/oppna-data/arsutfall/
2019/20,2020,27,Avgiften till Europeiska unionen,KD,party_motion,41990,41989.649,2683.702,47192.80701562,5202.807015619997,https://data.riksdagen.se/dokument/H701FiU1.html,https://www.statskontoret.se/analys-och-statistik/oppna-data/arsutfall/
2019/20,2020,1,Rikets styrelse,M,party_motion,14985,15131.274000000001,965.0,15749.040581319996,764.0405813199959,https://data.riksdagen.se/dokument/H701FiU1.html,https://www.statskontoret.se/analys-och-statistik/oppna-data/arsutfall/
2019/20,2020,2,Samhällsekonomi och finansförvaltning,M,party_motion,17362,17390.191,36.823,17002.918798579998,-359.0812014200019,https://data.riksdagen.se/dokument/H701FiU1.html,https://www.statskontoret.se/analys-och-statistik/oppna-data/arsutfall/
2019/20,2020,3,"Skatt, tull och exekution",M,party_motion,11795,12056.989,255.0,12054.61077682,259.61077681999996,https://data.riksdagen.se/dokument/H701FiU1.html,https://www.statskontoret.se/analys-och-statistik/oppna-data/arsutfall/
2019/20,2020,4,Rättsväsendet,M,party_motion,54225,51725.38300000001,1524.0,53022.48421308999,-1202.5157869100076,https://data.riksdagen.se/dokument/H701FiU1.html,https://www.statskontoret.se/analys-och-statistik/oppna-data/arsutfall/
2019/20,2020,5,Internationell samverkan,M,party_motion,2028,2028.3149999999998,115.0,2070.4406114599997,42.44061145999967,https://data.riksdagen.se/dokument/H701FiU1.html,https://www.statskontoret.se/analys-och-statistik/oppna-data/arsutfall/
2019/20,2020,6,Försvar och samhällets krisberedskap,M,party_motion,65364,64734.44999999999,130.0,63028.45035472001,-2335.5496452799925,https://data.riksdagen.se/dokument/H701FiU1.html,https://www.statskontoret.se/analys-och-statistik/oppna-data/arsutfall/
2019/20,2020,7,Internationellt bistånd,M,party_motion,38854,45989.153000000006,749.5,46524.76205407,7670.762054070001,https://data.riksdagen.se/dokument/H701FiU1.html,https://www.statskontoret.se/analys-och-statistik/oppna-data/arsutfall/
2019/20,2020,8,Migration,M,party_motion,10847,11446.213,180.0,9578.839342820002,-1268.1606571799985,https://data.riksdagen.se/dokument/H701FiU1.html,https://www.statskontoret.se/analys-och-statistik/oppna-data/arsutfall/
2019/20,2020,9,"Hälsovård, sjukvård och social omsorg",M,party_motion,78097,84167.14199999998,32652.5,101774.34256799,23677.342567989996,https://data.riksdagen.se/dokument/H701FiU1.html,https://www.statskontoret.se/analys-och-statistik/oppna-data/arsutfall/
2019/20,2020,10,Ekonomisk trygghet vid sjukdom och funktionsnedsättning,M,party_motion,85500,95705.84299999998,32966.0,117898.77125956998,32398.771259569985,https://data.riksdagen.se/dokument/H701FiU1.html,https://www.statskontoret.se/analys-och-statistik/oppna-data/arsutfall/
2019/20,2020,11,Ekonomisk trygghet vid ålderdom,M,party_motion,36137,36542.396,77.0,36652.25408631999,515.2540863199902,https://data.riksdagen.se/dokument/H701FiU1.html,https://www.statskontoret.se/analys-och-statistik/oppna-data/arsutfall/
2019/20,2020,12,Ekonomisk trygghet för familjer och barn,M,party_motion,100980,101430.32,2831.0,99939.00457326,-1040.9954267400026,https://data.riksdagen.se/dokument/H701FiU1.html,https://www.statskontoret.se/analys-och-statistik/oppna-data/arsutfall/
2019/20,2020,13,Jämställdhet och nyanlända invandrares etablering,M,party_motion,9062,10065.663,55.0,8515.995585080002,-546.0044149199985,https://data.riksdagen.se/dokument/H701FiU1.html,https://www.statskontoret.se/analys-och-statistik/oppna-data/arsutfall/
2019/20,2020,14,Arbetsmarknad och arbetsliv,M,party_motion,74137,77164.28699999998,21601.2,87154.01608564,13017.016085640003,https://data.riksdagen.se/dokument/H701FiU1.html,https://www.statskontoret.se/analys-och-statistik/oppna-data/arsutfall/
2019/20,2020,15,Studiestöd,M,party_motion,25141,25508.399999999998,1604.5,25059.72029929,-81.27970071000163,https://data.riksdagen.se/dokument/H701FiU1.html,https://www.statskontoret.se/analys-och-statistik/oppna-data/arsutfall/
2019/20,2020,16,Utbildning och universitetsforskning,M,party_motion,81417,83321.57400000004,1458.0,82962.86590846999,1545.8659084699902,https://data.riksdagen.se/dokument/H701FiU1.html,https://www.statskontoret.se/analys-och-statistik/oppna-data/arsutfall/
2019/20,2020,17,"Kultur, medier, trossamfund och fritid",M,party_motion,16061,16061.28,4464.3,20416.644594929996,4355.644594929996,https://data.riksdagen.se/dokument/H701FiU1.html,https://www.statskontoret.se/analys-och-statistik/oppna-data/arsutfall/
2019/20,2020,18,"Samhällsplanering, bostadsförsörjning och byggande samt konsumentpolitik",M,party_motion,1452,3726.522,8.0,3779.384290199999,2327.384290199999,https://data.riksdagen.se/dokument/H701FiU1.html,https://www.statskontoret.se/analys-och-statistik/oppna-data/arsutfall/
2019/20,2020,19,Regional tillväxt,M,party_motion,3673,3672.5249999999996,0.0,3183.6139887,-489.38601130000006,https://data.riksdagen.se/dokument/H701FiU1.html,https://www.statskontoret.se/analys-och-statistik/oppna-data/arsutfall/
2019/20,2020,20,Allmän miljö- och naturvård,M,party_motion,12574,12571.182999999999,419.0,10950.497201389999,-1623.5027986100013,https://data.riksdagen.se/dokument/H701FiU1.html,https://www.statskontoret.se/analys-och-statistik/oppna-data/arsutfall/
2019/20,2020,21,Energi,M,party_motion,3215,3534.2349999999997,38.0,3398.19559526,183.19559526000012,https://data.riksdagen.se/dokument/H701FiU1.html,https://www.statskontoret.se/analys-och-statistik/oppna-data/arsutfall/
2019/20,2020,22,Kommunikationer,M,party_motion,61641,61295.945999999996,7053.7,65167.08555620999,3526.0855562099896,https://data.riksdagen.se/dokument/H701FiU1.html,https://www.statskontoret.se/analys-och-statistik/oppna-data/arsutfall/
2019/20,2020,23,"Areella näringar, landsbygd och livsmedel",M,party_motion,19858,19790.236000000004,1429.8,20019.83165935,161.83165934999852,https://data.riksdagen.se/dokument/H701FiU1.html,https://www.statskontoret.se/analys-och-statistik/oppna-data/arsutfall/
2019/20,2020,24,Näringsliv,M,party_motion,7236,7263.863,161592.0,60406.53899161,53170.53899161,https://data.riksdagen.se/dokument/H701FiU1.html,https://www.statskontoret.se/analys-och-statistik/oppna-data/arsutfall/
2019/20,2020,25,Allmänna bidrag till kommuner,M,party_motion,144620,128417.57199999999,29547.8,157964.371881,13344.371881,https://data.riksdagen.se/dokument/H701FiU1.html,https://www.statskontoret.se/analys-och-statistik/oppna-data/arsutfall/
2019/20,2020,26,Statsskuldsräntor m.m.,M,party_motion,29655,29655.2,0.0,19591.63034841,-10063.369651590001,https://data.riksdagen.se/dokument/H701FiU1.html,https://www.statskontoret.se/analys-och-statistik/oppna-data/arsutfall/
2019/20,2020,27,Avgiften till Europeiska unionen,M,party_motion,41990,41989.649,2683.702,47192.80701562,5202.807015619997,https://data.riksdagen.se/dokument/H701FiU1.html,https://www.statskontoret.se/analys-och-statistik/oppna-data/arsutfall/
2019/20,2020,1,Rikets styrelse,SD,party_motion,14575,15131.274000000001,965.0,15749.040581319996,1174.040581319996,https://data.riksdagen.se/dokument/H701FiU1.html,https://www.statskontoret.se/analys-och-statistik/oppna-data/arsutfall/
2019/20,2020,2,Samhällsekonomi och finansförvaltning,SD,party_motion,17162,17390.191,36.823,17002.918798579998,-159.0812014200019,https://data.riksdagen.se/dokument/H701FiU1.html,https://www.statskontoret.se/analys-och-statistik/oppna-data/arsutfall/
2019/20,2020,3,"Skatt, tull och exekution",SD,party_motion,12391,12056.989,255.0,12054.61077682,-336.38922318000004,https://data.riksdagen.se/dokument/H701FiU1.html,https://www.statskontoret.se/analys-och-statistik/oppna-data/arsutfall/
2019/20,2020,4,Rättsväsendet,SD,party_motion,57410,51725.38300000001,1524.0,53022.48421308999,-4387.515786910008,https://data.riksdagen.se/dokument/H701FiU1.html,https://www.statskontoret.se/analys-och-statistik/oppna-data/arsutfall/
2019/20,2020,5,Internationell samverkan,SD,party_motion,2048,2028.3149999999998,115.0,2070.4406114599997,22.440611459999673,https://data.riksdagen.se/dokument/H701FiU1.html,https://www.statskontoret.se/analys-och-statistik/oppna-data/arsutfall/
2019/20,2020,6,Försvar och samhällets krisberedskap,SD,party_motion,64800,64734.44999999999,130.0,63028.45035472001,-1771.5496452799925,https://data.riksdagen.se/dokument/H701FiU1.html,https://www.statskontoret.se/analys-och-statistik/oppna-data/arsutfall/
2019/20,2020,7,Internationellt bistånd,SD,party_motion,29546,45989.153000000006,749.5,46524.76205407,16978.76205407,https://data.riksdagen.se/dokument/H701FiU1.html,https://www.statskontoret.se/analys-och-statistik/oppna-data/arsutfall/
2019/20,2020,8,Migration,SD,party_motion,10782,11446.213,180.0,9578.839342820002,-1203.1606571799985,https://data.riksdagen.se/dokument/H701FiU1.html,https://www.statskontoret.se/analys-och-statistik/oppna-data/arsutfall/
2019/20,2020,9,"Hälsovård, sjukvård och social omsorg",SD,party_motion,88627,84167.14199999998,32652.5,101774.34256799,13147.342567989996,https://data.riksdagen.se/dokument/H701FiU1.html,https://www.statskontoret.se/analys-och-statistik/oppna-data/arsutfall/
2019/20,2020,10,Ekonomisk trygghet vid sjukdom och funktionsnedsättning,SD,party_motion,100744,95705.84299999998,32966.0,117898.77125956998,17154.771259569985,https://data.riksdagen.se/dokument/H701FiU1.html,https://www.statskontoret.se/analys-och-statistik/oppna-data/arsutfall/
2019/20,2020,11,Ekonomisk trygghet vid ålderdom,SD,party_motion,40639,36542.396,77.0,36652.25408631999,-3986.74591368001,https://data.riksdagen.se/dokument/H701FiU1.html,https://www.statskontoret.se/analys-och-statistik/oppna-data/arsutfall/
2019/20,2020,12,Ekonomisk trygghet för familjer och barn,SD,party_motion,106721,101430.32,2831.0,99939.00457326,-6781.995426740003,https://data.riksdagen.se/dokument/H701FiU1.html,https://www.statskontoret.se/analys-och-statistik/oppna-data/arsutfall/
2019/20,2020,13,Jämställdhet och nyanlända invandrares etablering,SD,party_motion,5156,10065.663,55.0,8515.995585080002,3359.9955850800015,https://data.riksdagen.se/dokument/H701FiU1.html,https://www.statskontoret.se/analys-och-statistik/oppna-data/arsutfall/
2019/20,2020,14,Arbetsmarknad och arbetsliv,SD,party_motion,71995,77164.28699999998,21601.2,87154.01608564,15159.016085640003,https://data.riksdagen.se/dokument/H701FiU1.html,https://www.statskontoret.se/analys-och-statistik/oppna-data/arsutfall/
2019/20,2020,15,Studiestöd,SD,party_motion,25960,25508.399999999998,1604.5,25059.72029929,-900.2797007100016,https://data.riksdagen.se/dokument/H701FiU1.html,https://www.statskontoret.se/analys-och-statistik/oppna-data/arsutfall/
2019/20,2020,16,Utbildning och universitetsforskning,SD,party_motion,83829,83321.57400000004,1458.0,82962.86590846999,-866.1340915300098,https://data.riksdagen.se/dokument/H701FiU1.html,https://www.statskontoret.se/analys-och-statistik/oppna-data/arsutfall/
2019/20,2020,17,"Kultur, medier, trossamfund och fritid",SD,party_motion,15948,16061.28,4464.3,20416.644594929996,4468.644594929996,https://data.riksdagen.se/dokument/H701FiU1.html,https://www.statskontoret.se/analys-och-statistik/oppna-data/arsutfall/
2019/20,2020,18,"Samhällsplanering, bostadsförsörjning och byggande samt konsumentpolitik",SD,party_motion,4079,3726.522,8.0,3779.384290199999,-299.6157098000008,https://data.riksdagen.se/dokument/H701FiU1.html,https://www.statskontoret.se/analys-och-statistik/oppna-data/arsutfall/
2019/20,2020,19,Regional tillväxt,SD,party_motion,3673,3672.5249999999996,0.0,3183.6139887,-489.38601130000006,https://data.riksdagen.se/dokument/H701FiU1.html,https://www.statskontoret.se/analys-och-statistik/oppna-data/arsutfall/
2019/20,2020,20,Allmän miljö- och naturvård,SD,party_motion,8462,12571.182999999999,419.0,10950.497201389999,2488.4972013899987,https://data.riksdagen.se/dokument/H701FiU1.html,https://www.statskontoret.se/analys-och-statistik/oppna-data/arsutfall/
2019/20,2020,21,Energi,SD,party_motion,2945,3534.2349999999997,38.0,3398.19559526,453.1955952600001,https://data.riksdagen.se/dokument/H701FiU1.html,https://www.statskontoret.se/analys-och-statistik/oppna-data/arsutfall/
2019/20,2020,22,Kommunikationer,SD,party_motion,63941,61295.945999999996,7053.7,65167.08555620999,1226.0855562099896,https://data.riksdagen.se/dokument/H701FiU1.html,https://www.statskontoret.se/analys-och-statistik/oppna-data/arsutfall/
2019/20,2020,23,"Areella näringar, landsbygd och livsmedel",SD,party_motion,20682,19790.236000000004,1429.8,20019.83165935,-662.1683406500015,https://data.riksdagen.se/dokument/H701FiU1.html,https://www.statskontoret.se/analys-och-statistik/oppna-data/arsutfall/
2019/20,2020,24,Näringsliv,SD,party_motion,7364,7263.863,161592.0,60406.53899161,53042.53899161,https://data.riksdagen.se/dokument/H701FiU1.html,https://www.statskontoret.se/analys-och-statistik/oppna-data/arsutfall/
2019/20,2020,25,Allmänna bidrag till kommuner,SD,party_motion,133418,128417.57199999999,29547.8,157964.371881,24546.371881,https://data.riksdagen.se/dokument/H701FiU1.html,https://www.statskontoret.se/analys-och-statistik/oppna-data/arsutfall/
2019/20,2020,26,Statsskuldsräntor m.m.,SD,party_motion,29655,29655.2,0.0,19591.63034841,-10063.369651590001,https://data.riksdagen.se/dokument/H701FiU1.html,https://www.statskontoret.se/analys-och-statistik/oppna-data/arsutfall/
2019/20,2020,27,Avgiften till Europeiska unionen,SD,party_motion,41990,41989.649,2683.702,47192.80701562,5202.807015619997,https://data.riksdagen.se/dokument/H701FiU1.html,https://www.statskontoret.se/analys-och-statistik/oppna-data/arsutfall/
2019/20,2020,1,Rikets styrelse,V,party_motion,15078,15131.274000000001,965.0,15749.040581319996,671.0405813199959,https://data.riksdagen.se/dokument/H701FiU1.html,https://www.statskontoret.se/analys-och-statistik/oppna-data/arsutfall/
2019/20,2020,2,Samhällsekonomi och finansförvaltning,V,party_motion,17400,17390.191,36.823,17002.918798579998,-397.0812014200019,https://data.riksdagen.se/dokument/H701FiU1.html,https://www.statskontoret.se/analys-och-statistik/oppna-data/arsutfall/
2019/20,2020,3,"Skatt, tull och exekution",V,party_motion,12057,12056.989,255.0,12054.61077682,-2.3892231800000445,https://data.riksdagen.se/dokument/H701FiU1.html,https://www.statskontoret.se/analys-och-statistik/oppna-data/arsutfall/
2019/20,2020,4,Rättsväsendet,V,party_motion,51738,51725.38300000001,1524.0,53022.48421308999,1284.4842130899924,https://data.riksdagen.se/dokument/H701FiU1.html,https://www.statskontoret.se/analys-och-statistik/oppna-data/arsutfall/
2019/20,2020,5,Internationell samverkan,V,party_motion,2028,2028.3149999999998,115.0,2070.4406114599997,42.44061145999967,https://data.riksdagen.se/dokument/H701FiU1.html,https://www.statskontoret.se/analys-och-statistik/oppna-data/arsutfall/
2019/20,2020,6,Försvar och samhällets krisberedskap,V,party_motion,64800,64734.44999999999,130.0,63028.45035472001,-1771.5496452799925,https://data.riksdagen.se/dokument/H701FiU1.html,https://www.statskontoret.se/analys-och-statistik/oppna-data/arsutfall/
2019/20,2020,7,Internationellt bistånd,V,party_motion,46489,45989.153000000006,749.5,46524.76205407,35.762054070000886,https://data.riksdagen.se/dokument/H701FiU1.html,https://www.statskontoret.se/analys-och-statistik/oppna-data/arsutfall/
2019/20,2020,8,Migration,V,party_motion,10753,11446.213,180.0,9578.839342820002,-1174.1606571799985,https://data.riksdagen.se/dokument/H701FiU1.html,https://www.statskontoret.se/analys-och-statistik/oppna-data/arsutfall/
2019/20,2020,9,"Hälsovård, sjukvård och social omsorg",V,party_motion,87492,84167.14199999998,32652.5,101774.34256799,14282.342567989996,https://data.riksdagen.se/dokument/H701FiU1.html,https://www.statskontoret.se/analys-och-statistik/oppna-data/arsutfall/
2019/20,2020,10,Ekonomisk trygghet vid sjukdom och funktionsnedsättning,V,party_motion,100784,95705.84299999998,32966.0,117898.77125956998,17114.771259569985,https://data.riksdagen.se/dokument/H701FiU1.html,https://www.statskontoret.se/analys-och-statistik/oppna-data/arsutfall/
2019/20,2020,11,Ekonomisk trygghet vid ålderdom,V,party_motion,40142,36542.396,77.0,36652.25408631999,-3489.74591368001,https://data.riksdagen.se/dokument/H701FiU1.html,https://www.statskontoret.se/analys-och-statistik/oppna-data/arsutfall/
2019/20,2020,12,Ekonomisk trygghet för familjer och barn,V,party_motion,101430,101430.32,2831.0,99939.00457326,-1490.9954267400026,https://data.riksdagen.se/dokument/H701FiU1.html,https://www.statskontoret.se/analys-och-statistik/oppna-data/arsutfall/
2019/20,2020,13,Jämställdhet och nyanlända invandrares etablering,V,party_motion,11976,10065.663,55.0,8515.995585080002,-3460.0044149199985,https://data.riksdagen.se/dokument/H701FiU1.html,https://www.statskontoret.se/analys-och-statistik/oppna-data/arsutfall/
2019/20,2020,14,Arbetsmarknad och arbetsliv,V,party_motion,82398,77164.28699999998,21601.2,87154.01608564,4756.016085640003,https://data.riksdagen.se/dokument/H701FiU1.html,https://www.statskontoret.se/analys-och-statistik/oppna-data/arsutfall/
2019/20,2020,15,Studiestöd,V,party_motion,26418,25508.399999999998,1604.5,25059.72029929,-1358.2797007100016,https://data.riksdagen.se/dokument/H701FiU1.html,https://www.statskontoret.se/analys-och-statistik/oppna-data/arsutfall/
2019/20,2020,16,Utbildning och universitetsforskning,V,party_motion,86375,83321.57400000004,1458.0,82962.86590846999,-3412.1340915300098,https://data.riksdagen.se/dokument/H701FiU1.html,https://www.statskontoret.se/analys-och-statistik/oppna-data/arsutfall/
2019/20,2020,17,"Kultur, medier, trossamfund och fritid",V,party_motion,16719,16061.28,4464.3,20416.644594929996,3697.644594929996,https://data.riksdagen.se/dokument/H701FiU1.html,https://www.statskontoret.se/analys-och-statistik/oppna-data/arsutfall/
2019/20,2020,18,"Samhällsplanering, bostadsförsörjning och byggande samt konsumentpolitik",V,party_motion,7331,3726.522,8.0,3779.384290199999,-3551.615709800001,https://data.riksdagen.se/dokument/H701FiU1.html,https://www.statskontoret.se/analys-och-statistik/oppna-data/arsutfall/
2019/20,2020,19,Regional tillväxt,V,party_motion,3703,3672.5249999999996,0.0,3183.6139887,-519.3860113000001,https://data.riksdagen.se/dokument/H701FiU1.html,https://www.statskontoret.se/analys-och-statistik/oppna-data/arsutfall/
2019/20,2020,20,Allmän miljö- och naturvård,V,party_motion,13721,12571.182999999999,419.0,10950.497201389999,-2770.5027986100013,https://data.riksdagen.se/dokument/H701FiU1.html,https://www.statskontoret.se/analys-och-statistik/oppna-data/arsutfall/
2019/20,2020,21,Energi,V,party_motion,4319,3534.2349999999997,38.0,3398.19559526,-920.8044047399999,https://data.riksdagen.se/dokument/H701FiU1.html,https://www.statskontoret.se/analys-och-statistik/oppna-data/arsutfall/
2019/20,2020,22,Kommunikationer,V,party_motion,67096,61295.945999999996,7053.7,65167.08555620999,-1928.9144437900104,https://data.riksdagen.se/dokument/H701FiU1.html,https://www.statskontoret.se/analys-och-statistik/oppna-data/arsutfall/
2019/20,2020,23,"Areella näringar, landsbygd och livsmedel",V,party_motion,20700,19790.236000000004,1429.8,20019.83165935,-680.1683406500015,https://data.riksdagen.se/dokument/H701FiU1.html,https://www.statskontoret.se/analys-och-statistik/oppna-data/arsutfall/
2019/20,2020,24,Näringsliv,V,party_motion,7316,7263.863,161592.0,60406.53899161,53090.53899161,https://data.riksdagen.se/dokument/H701FiU1.html,https://www.statskontoret.se/analys-och-statistik/oppna-data/arsutfall/
2019/20,2020,25,Allmänna bidrag till kommuner,V,party_motion,136018,128417.57199999999,29547.8,157964.371881,21946.371881,https://data.riksdagen.se/dokument/H701FiU1.html,https://www.statskontoret.se/analys-och-statistik/oppna-data/arsutfall/
2019/20,2020,26,Statsskuldsräntor m.m.,V,party_motion,29655,29655.2,0.0,19591.63034841,-10063.369651590001,https://data.riksdagen.se/dokument/H701FiU1.html,https://www.statskontoret.se/analys-och-statistik/oppna-data/arsutfall/
2019/20,2020,27,Avgiften till Europeiska unionen,V,party_motion,41990,41989.649,2683.702,47192.80701562,5202.807015619997,https://data.riksdagen.se/dokument/H701FiU1.html,https://www.statskontoret.se/analys-och-statistik/oppna-data/arsutfall/
2022/23,2023,1,Rikets styrelse,C,party_motion,17688,18270.004000000004,-18.6,18303.820682480004,615.8206824800036,https://data.riksdagen.se/dokument/HA01FiU1.html,https://www.statskontoret.se/analys-och-statistik/oppna-data/arsutfall/
2022/23,2023,2,Samhällsekonomi och finansförvaltning,C,party_motion,21003,19021.399,22.1,18918.794423040003,-2084.2055769599974,https://data.riksdagen.se/dokument/HA01FiU1.html,https://www.statskontoret.se/analys-och-statistik/oppna-data/arsutfall/
2022/23,2023,3,"Skatt, tull och exekution",C,party_motion,13095,12923.291,-25.0,13438.48097181,343.4809718100005,https://data.riksdagen.se/dokument/HA01FiU1.html,https://www.statskontoret.se/analys-och-statistik/oppna-data/arsutfall/
2022/23,2023,4,Rättsväsendet,C,party_motion,76671,68305.85399999999,750.0,69772.37664630002,-6898.623353699979,https://data.riksdagen.se/dokument/HA01FiU1.html,https://www.statskontoret.se/analys-och-statistik/oppna-data/arsutfall/
2022/23,2023,5,Internationell samverkan,C,party_motion,2128,2094.6690000000003,289.0,2178.72925116,50.729251159999876,https://data.riksdagen.se/dokument/HA01FiU1.html,https://www.statskontoret.se/analys-och-statistik/oppna-data/arsutfall/
2022/23,2023,6,Försvar och samhällets krisberedskap,C,party_motion,123204,93952.93000000001,3684.1,95987.22518722003,-27216.77481277997,https://data.riksdagen.se/dokument/HA01FiU1.html,https://www.statskontoret.se/analys-och-statistik/oppna-data/arsutfall/
2022/23,2023,7,Internationellt bistånd,C,party_motion,57047,47206.227,-10.6,46510.82030178,-10536.179698220003,https://data.riksdagen.se/dokument/HA01FiU1.html,https://www.statskontoret.se/analys-och-statistik/oppna-data/arsutfall/
2022/23,2023,8,Migration,C,party_motion,9482,16019.745,0.0,11998.528645849998,2516.5286458499977,https://data.riksdagen.se/dokument/HA01FiU1.html,https://www.statskontoret.se/analys-och-statistik/oppna-data/arsutfall/
2022/23,2023,9,"Hälsovård, sjukvård och social omsorg",C,party_motion,96215,110429.732,602.7,108833.14443758002,12618.14443758002,https://data.riksdagen.se/dokument/HA01FiU1.html,https://www.statskontoret.se/analys-och-statistik/oppna-data/arsutfall/
2022/23,2023,10,Ekonomisk trygghet vid sjukdom och funktionsnedsättning,C,party_motion,113666,106427.30400000002,1150.0,110617.66096503,-3048.3390349700057,https://data.riksdagen.se/dokument/HA01FiU1.html,https://www.statskontoret.se/analys-och-statistik/oppna-data/arsutfall/
2022/23,2023,11,Ekonomisk trygghet vid ålderdom,C,party_motion,61681,55394.136,204.0,56427.1449843,-5253.855015699999,https://data.riksdagen.se/dokument/HA01FiU1.html,https://www.statskontoret.se/analys-och-statistik/oppna-data/arsutfall/
2022/23,2023,12,Ekonomisk trygghet för familjer och barn,C,party_motion,109507,105159.584,720.0,101665.09745202001,-7841.902547979989,https://data.riksdagen.se/dokument/HA01FiU1.html,https://www.statskontoret.se/analys-och-statistik/oppna-data/arsutfall/
2022/23,2023,13,Jämställdhet och nyanlända invandrares etablering,C,party_motion,5480,5565.205999999998,-100.0,4490.191312010001,-989.8086879899993,https://data.riksdagen.se/dokument/HA01FiU1.html,https://www.statskontoret.se/analys-och-statistik/oppna-data/arsutfall/
2022/23,2023,14,Arbetsmarknad och arbetsliv,C,party_motion,84847,90103.68599999999,-18.764,79842.27743271003,-5004.722567289966,https://data.riksdagen.se/dokument/HA01FiU1.html,https://www.statskontoret.se/analys-och-statistik/oppna-data/arsutfall/
2022/23,2023,15,Studiestöd,C,party_motion,35104,27912.395,259.0,25335.374770049995,-9768.625229950005,https://data.riksdagen.se/dokument/HA01FiU1.html,https://www.statskontoret.se/analys-och-statistik/oppna-data/arsutfall/
2022/23,2023,16,Utbildning och universitetsforskning,C,party_motion,94705,94991.97100000002,709.8,92966.71157916998,-1738.2884208300238,https://data.riksdagen.se/dokument/HA01FiU1.html,https://www.statskontoret.se/analys-och-statistik/oppna-data/arsutfall/
2022/23,2023,17,"Kultur, medier, trossamfund och fritid",C,party_motion,16694,16667.947999999997,52.4,16691.12991231,-2.8700876900002186,https://data.riksdagen.se/dokument/HA01FiU1.html,https://www.statskontoret.se/analys-och-statistik/oppna-data/arsutfall/
2022/23,2023,18,"Samhällsplanering, bostadsförsörjning och byggande samt konsumentpolitik",C,party_motion,2864,6099.157999999999,5.5,5949.85061723,3085.8506172300004,https://data.riksdagen.se/dokument/HA01FiU1.html,https://www.statskontoret.se/analys-och-statistik/oppna-data/arsutfall/
2022/23,2023,19,Regional utveckling,C,party_motion,4088,4534.201,56.0,3705.97353516,-382.0264648399998,https://data.riksdagen.se/dokument/HA01FiU1.html,https://www.statskontoret.se/analys-och-statistik/oppna-data/arsutfall/
2022/23,2023,20,Allmän miljö- och naturvård,C,party_motion,13647,19542.691000000003,23.099999999999994,17879.7785524,4232.778552399999,https://data.riksdagen.se/dokument/HA01FiU1.html,https://www.statskontoret.se/analys-och-statistik/oppna-data/arsutfall/
2022/23,2023,21,Energi,C,party_motion,4146,4944.849,265.0,4426.2292671899995,280.2292671899995,https://data.riksdagen.se/dokument/HA01FiU1.html,https://www.statskontoret.se/analys-och-statistik/oppna-data/arsutfall/
2022/23,2023,22,Kommunikationer,C,party_motion,96318,78952.41700000002,35.5,80406.80452650998,-15911.195473490021,https://data.riksdagen.se/dokument/HA01FiU1.html,https://www.statskontoret.se/analys-och-statistik/oppna-data/arsutfall/
2022/23,2023,23,"Areella näringar, landsbygd och livsmedel",C,party_motion,21316,19373.352,959.45,18602.10294093,-2713.897059070001,https://data.riksdagen.se/dokument/HA01FiU1.html,https://www.statskontoret.se/analys-och-statistik/oppna-data/arsutfall/
2022/23,2023,24,Näringsliv,C,party_motion,7400,11407.773000000001,8.25,7639.91574104,239.91574104000028,https://data.riksdagen.se/dokument/HA01FiU1.html,https://www.statskontoret.se/analys-och-statistik/oppna-data/arsutfall/
2022/23,2023,25,Allmänna bidrag till kommuner,C,party_motion,157651,157545.359,359.265,157903.62347299999,252.6234729999851,https://data.riksdagen.se/dokument/HA01FiU1.html,https://www.statskontoret.se/analys-och-statistik/oppna-data/arsutfall/
2022/23,2023,26,Statsskuldsräntor m.m.,C,party_motion,9155,13155.2,21987.51,31626.30896949,22471.30896949,https://data.riksdagen.se/dokument/HA01FiU1.html,https://www.statskontoret.se/analys-och-statistik/oppna-data/arsutfall/
2022/23,2023,27,Avgiften till Europeiska unionen,C,party_motion,47357,45869.852,0.0,43585.42081378,-3771.5791862199985,https://data.riksdagen.se/dokument/HA01FiU1.html,https://www.statskontoret.se/analys-och-statistik/oppna-data/arsutfall/
2022/23,2023,1,Rikets styrelse,GOV,government,18214,18270.004000000004,-18.6,18303.820682480004,89.8206824800036,https://data.riksdagen.se/dokument/HA01FiU1.html,https://www.statskontoret.se/analys-och-statistik/oppna-data/arsutfall/
2022/23,2023,2,Samhällsekonomi och finansförvaltning,GOV,government,21086,19021.399,22.1,18918.794423040003,-2167.2055769599974,https://data.riksdagen.se/dokument/HA01FiU1.html,https://www.statskontoret.se/analys-och-statistik/oppna-data/arsutfall/
2022/23,2023,3,"Skatt, tull och exekution",GOV,government,13424,12923.291,-25.0,13438.48097181,14.480971810000483,https://data.riksdagen.se/dokument/HA01FiU1.html,https://www.statskontoret.se/analys-och-statistik/oppna-data/arsutfall/
2022/23,2023,4,Rättsväsendet,GOV,government,76865,68305.85399999999,750.0,69772.37664630002,-7092.623353699979,https://data.riksdagen.se/dokument/HA01FiU1.html,https://www.statskontoret.se/analys-och-statistik/oppna-data/arsutfall/
2022/23,2023,5,Internationell samverkan,GOV,government,2132,2094.6690000000003,289.0,2178.72925116,46.729251159999876,https://data.riksdagen.se/dokument/HA01FiU1.html,https://www.statskontoret.se/analys-och-statistik/oppna-data/arsutfall/
2022/23,2023,6,Försvar och samhällets krisberedskap,GOV,government,123229,93952.93000000001,3684.1,95987.22518722003,-27241.77481277997,https://data.riksdagen.se/dokument/HA01FiU1.html,https://www.statskontoret.se/analys-och-statistik/oppna-data/arsutfall/
2022/23,2023,7,Internationellt bistånd,GOV,government,49896,47206.227,-10.6,46510.82030178,-3385.179698220003,https://data.riksdagen.se/dokument/HA01FiU1.html,https://www.statskontoret.se/analys-och-statistik/oppna-data/arsutfall/
2022/23,2023,8,Migration,GOV,government,9549,16019.745,0.0,11998.528645849998,2449.5286458499977,https://data.riksdagen.se/dokument/HA01FiU1.html,https://www.statskontoret.se/analys-och-statistik/oppna-data/arsutfall/
2022/23,2023,9,"Hälsovård, sjukvård och social omsorg",GOV,government,100746,110429.732,602.7,108833.14443758002,8087.14443758002,https://data.riksdagen.se/dokument/HA01FiU1.html,https://www.statskontoret.se/analys-och-statistik/oppna-data/arsutfall/
2022/23,2023,10,Ekonomisk trygghet vid sjukdom och funktionsnedsättning,GOV,government,114258,106427.30400000002,1150.0,110617.66096503,-3640.3390349700057,https://data.riksdagen.se/dokument/HA01FiU1.html,https://www.statskontoret.se/analys-och-statistik/oppna-data/arsutfall/
2022/23,2023,11,Ekonomisk trygghet vid ålderdom,GOV,government,61691,55394.136,204.0,56427.1449843,-5263.855015699999,https://data.riksdagen.se/dokument/HA01FiU1.html,https://www.statskontoret.se/analys-och-statistik/oppna-data/arsutfall/
2022/23,2023,12,Ekonomisk trygghet för familjer och barn,GOV,government,111041,105159.584,720.0,101665.09745202001,-9375.90254797999,https://data.riksdagen.se/dokument/HA01FiU1.html,https://www.statskontoret.se/analys-och-statistik/oppna-data/arsutfall/
2022/23,2023,13,Jämställdhet och nyanlända invandrares etablering,GOV,government,4555,5565.205999999998,-100.0,4490.191312010001,-64.80868798999927,https://data.riksdagen.se/dokument/HA01FiU1.html,https://www.statskontoret.se/analys-och-statistik/oppna-data/arsutfall/
2022/23,2023,14,Arbetsmarknad och arbetsliv,GOV,government,90659,90103.68599999999,-18.764,79842.27743271003,-10816.722567289966,https://data.riksdagen.se/dokument/HA01FiU1.html,https://www.statskontoret.se/analys-och-statistik/oppna-data/arsutfall/
2022/23,2023,15,Studiestöd,GOV,government,35088,27912.395,259.0,25335.374770049995,-9752.625229950005,https://data.riksdagen.se/dokument/HA01FiU1.html,https://www.statskontoret.se/analys-och-statistik/oppna-data/arsutfall/
2022/23,2023,16,Utbildning och universitetsforskning,GOV,government,96757,94991.97100000002,709.8,92966.71157916998,-3790.288420830024,https://data.riksdagen.se/dokument/HA01FiU1.html,https://www.statskontoret.se/analys-och-statistik/oppna-data/arsutfall/
2022/23,2023,17,"Kultur, medier, trossamfund och fritid",GOV,government,16830,16667.947999999997,52.4,16691.12991231,-138.87008769000022,https://data.riksdagen.se/dokument/HA01FiU1.html,https://www.statskontoret.se/analys-och-statistik/oppna-data/arsutfall/
2022/23,2023,18,"Samhällsplanering, bostadsförsörjning och byggande samt konsumentpolitik",GOV,government,2882,6099.157999999999,5.5,5949.85061723,3067.8506172300004,https://data.riksdagen.se/dokument/HA01FiU1.html,https://www.statskontoret.se/analys-och-statistik/oppna-data/arsutfall/
2022/23,2023,19,Regional utveckling,GOV,government,4088,4534.201,56.0,3705.97353516,-382.0264648399998,https://data.riksdagen.se/dokument/HA01FiU1.html,https://www.statskontoret.se/analys-och-statistik/oppna-data/arsutfall/
2022/23,2023,20,Allmän miljö- och naturvård,GOV,government,9965,19542.691000000003,23.099999999999994,17879.7785524,7914.778552399999,https://data.riksdagen.se/dokument/HA01FiU1.html,https://www.statskontoret.se/analys-och-statistik/oppna-data/arsutfall/
2022/23,2023,21,Energi,GOV,government,4629,4944.849,265.0,4426.2292671899995,-202.77073281000048,https://data.riksdagen.se/dokument/HA01FiU1.html,https://www.statskontoret.se/analys-och-statistik/oppna-data/arsutfall/
2022/23,2023,22,Kommunikationer,GOV,government,89698,78952.41700000002,35.5,80406.80452650998,-9291.195473490021,https://data.riksdagen.se/dokument/HA01FiU1.html,https://www.statskontoret.se/analys-och-statistik/oppna-data/arsutfall/
2022/23,2023,23,"Areella näringar, landsbygd och livsmedel",GOV,government,20782,19373.352,959.45,18602.10294093,-2179.897059070001,https://data.riksdagen.se/dokument/HA01FiU1.html,https://www.statskontoret.se/analys-och-statistik/oppna-data/arsutfall/
2022/23,2023,24,Näringsliv,GOV,government,7426,11407.773000000001,8.25,7639.91574104,213.91574104000028,https://data.riksdagen.se/dokument/HA01FiU1.html,https://www.statskontoret.se/analys-och-statistik/oppna-data/arsutfall/
2022/23,2023,25,Allmänna bidrag till kommuner,GOV,government,157792,157545.359,359.265,157903.62347299999,111.6234729999851,https://data.riksdagen.se/dokument/HA01FiU1.html,https://www.statskontoret.se/analys-och-statistik/oppna-data/arsutfall/
2022/23,2023,26,Statsskuldsräntor m.m.,GOV,government,9155,13155.2,21987.51,31626.30896949,22471.30896949,https://data.riksdagen.se/dokument/HA01FiU1.html,https://www.statskontoret.se/analys-och-statistik/oppna-data/arsutfall/
2022/23,2023,27,Avgiften till Europeiska unionen,GOV,government,47357,45869.852,0.0,43585.42081378,-3771.5791862199985,https://data.riksdagen.se/dokument/HA01FiU1.html,https://www.statskontoret.se/analys-och-statistik/oppna-data/arsutfall/
2022/23,2023,1,Rikets styrelse,MP,party_motion,18536,18270.004000000004,-18.6,18303.820682480004,-232.1793175199964,https://data.riksdagen.se/dokument/HA01FiU1.html,https://www.statskontoret.se/analys-och-statistik/oppna-data/arsutfall/
2022/23,2023,2,Samhällsekonomi och finansförvaltning,MP,party_motion,21096,19021.399,22.1,18918.794423040003,-2177.2055769599974,https://data.riksdagen.se/dokument/HA01FiU1.html,https://www.statskontoret.se/analys-och-statistik/oppna-data/arsutfall/
2022/23,2023,3,"Skatt, tull och exekution",MP,party_motion,13254,12923.291,-25.0,13438.48097181,184.48097181000048,https://data.riksdagen.se/dokument/HA01FiU1.html,https://www.statskontoret.se/analys-och-statistik/oppna-data/arsutfall/
2022/23,2023,4,Rättsväsendet,MP,party_motion,77065,68305.85399999999,750.0,69772.37664630002,-7292.623353699979,https://data.riksdagen.se/dokument/HA01FiU1.html,https://www.statskontoret.se/analys-och-statistik/oppna-data/arsutfall/
2022/23,2023,5,Internationell samverkan,MP,party_motion,2462,2094.6690000000003,289.0,2178.72925116,-283.2707488400001,https://data.riksdagen.se/dokument/HA01FiU1.html,https://www.statskontoret.se/analys-och-statistik/oppna-data/arsutfall/
2022/23,2023,6,Försvar och samhällets krisberedskap,MP,party_motion,124694,93952.93000000001,3684.1,95987.22518722003,-28706.77481277997,https://data.riksdagen.se/dokument/HA01FiU1.html,https://www.statskontoret.se/analys-och-statistik/oppna-data/arsutfall/
2022/23,2023,7,Internationellt bistånd,MP,party_motion,69996,47206.227,-10.6,46510.82030178,-23485.179698220003,https://data.riksdagen.se/dokument/HA01FiU1.html,https://www.statskontoret.se/analys-och-statistik/oppna-data/arsutfall/
2022/23,2023,8,Migration,MP,party_motion,9937,16019.745,0.0,11998.528645849998,2061.5286458499977,https://data.riksdagen.se/dokument/HA01FiU1.html,https://www.statskontoret.se/analys-och-statistik/oppna-data/arsutfall/
2022/23,2023,9,"Hälsovård, sjukvård och social omsorg",MP,party_motion,134799,110429.732,602.7,108833.14443758002,-25965.85556241998,https://data.riksdagen.se/dokument/HA01FiU1.html,https://www.statskontoret.se/analys-och-statistik/oppna-data/arsutfall/
2022/23,2023,10,Ekonomisk trygghet vid sjukdom och funktionsnedsättning,MP,party_motion,121256,106427.30400000002,1150.0,110617.66096503,-10638.339034970006,https://data.riksdagen.se/dokument/HA01FiU1.html,https://www.statskontoret.se/analys-och-statistik/oppna-data/arsutfall/
2022/23,2023,11,Ekonomisk trygghet vid ålderdom,MP,party_motion,64481,55394.136,204.0,56427.1449843,-8053.855015699999,https://data.riksdagen.se/dokument/HA01FiU1.html,https://www.statskontoret.se/analys-och-statistik/oppna-data/arsutfall/
2022/23,2023,12,Ekonomisk trygghet för familjer och barn,MP,party_motion,123002,105159.584,720.0,101665.09745202001,-21336.90254797999,https://data.riksdagen.se/dokument/HA01FiU1.html,https://www.statskontoret.se/analys-och-statistik/oppna-data/arsutfall/
2022/23,2023,13,Jämställdhet och nyanlända invandrares etablering,MP,party_motion,5589,5565.205999999998,-100.0,4490.191312010001,-1098.8086879899993,https://data.riksdagen.se/dokument/HA01FiU1.html,https://www.statskontoret.se/analys-och-statistik/oppna-data/arsutfall/
2022/23,2023,14,Arbetsmarknad och arbetsliv,MP,party_motion,93163,90103.68599999999,-18.764,79842.27743271003,-13320.722567289966,https://data.riksdagen.se/dokument/HA01FiU1.html,https://www.statskontoret.se/analys-och-statistik/oppna-data/arsutfall/
2022/23,2023,15,Studiestöd,MP,party_motion,36555,27912.395,259.0,25335.374770049995,-11219.625229950005,https://data.riksdagen.se/dokument/HA01FiU1.html,https://www.statskontoret.se/analys-och-statistik/oppna-data/arsutfall/
2022/23,2023,16,Utbildning och universitetsforskning,MP,party_motion,102015,94991.97100000002,709.8,92966.71157916998,-9048.288420830024,https://data.riksdagen.se/dokument/HA01FiU1.html,https://www.statskontoret.se/analys-och-statistik/oppna-data/arsutfall/
2022/23,2023,17,"Kultur, medier, trossamfund och fritid",MP,party_motion,19671,16667.947999999997,52.4,16691.12991231,-2979.87008769,https://data.riksdagen.se/dokument/HA01FiU1.html,https://www.statskontoret.se/analys-och-statistik/oppna-data/arsutfall/
2022/23,2023,18,"Samhällsplanering, bostadsförsörjning och byggande samt konsumentpolitik",MP,party_motion,9587,6099.157999999999,5.5,5949.85061723,-3637.1493827699996,https://data.riksdagen.se/dokument/HA01FiU1.html,https://www.statskontoret.se/analys-och-statistik/oppna-data/arsutfall/
2022/23,2023,19,Regional utveckling,MP,party_motion,4655,4534.201,56.0,3705.97353516,-949.0264648399998,https://data.riksdagen.se/dokument/HA01FiU1.html,https://www.statskontoret.se/analys-och-statistik/oppna-data/arsutfall/
2022/23,2023,20,Allmän miljö- och naturvård,MP,party_motion,35787,19542.691000000003,23.099999999999994,17879.7785524,-17907.2214476,https://data.riksdagen.se/dokument/HA01FiU1.html,https://www.statskontoret.se/analys-och-statistik/oppna-data/arsutfall/
2022/23,2023,21,Energi,MP,party_motion,20335,4944.849,265.0,4426.2292671899995,-15908.77073281,https://data.riksdagen.se/dokument/HA01FiU1.html,https://www.statskontoret.se/analys-och-statistik/oppna-data/arsutfall/
2022/23,2023,22,Kommunikationer,MP,party_motion,109827,78952.41700000002,35.5,80406.80452650998,-29420.19547349002,https://data.riksdagen.se/dokument/HA01FiU1.html,https://www.statskontoret.se/analys-och-statistik/oppna-data/arsutfall/
2022/23,2023,23,"Areella näringar, landsbygd och livsmedel",MP,party_motion,24492,19373.352,959.45,18602.10294093,-5889.897059070001,https://data.riksdagen.se/dokument/HA01FiU1.html,https://www.statskontoret.se/analys-och-statistik/oppna-data/arsutfall/
2022/23,2023,24,Näringsliv,MP,party_motion,7426,11407.773000000001,8.25,7639.91574104,213.91574104000028,https://data.riksdagen.se/dokument/HA01FiU1.html,https://www.statskontoret.se/analys-och-statistik/oppna-data/arsutfall/
2022/23,2023,25,Allmänna bidrag till kommuner,MP,party_motion,171792,157545.359,359.265,157903.62347299999,-13888.376527000015,https://data.riksdagen.se/dokument/HA01FiU1.html,https://www.statskontoret.se/analys-och-statistik/oppna-data/arsutfall/
2022/23,2023,26,Statsskuldsräntor m.m.,MP,party_motion,9155,13155.2,21987.51,31626.30896949,22471.30896949,https://data.riksdagen.se/dokument/HA01FiU1.html,https://www.statskontoret.se/analys-och-statistik/oppna-data/arsutfall/
2022/23,2023,27,Avgiften till Europeiska unionen,MP,party_motion,47357,45869.852,0.0,43585.42081378,-3771.5791862199985,https://data.riksdagen.se/dokument/HA01FiU1.html,https://www.statskontoret.se/analys-och-statistik/oppna-data/arsutfall/
2022/23,2023,1,Rikets styrelse,S,party_motion,17474,18270.004000000004,-18.6,18303.820682480004,829.8206824800036,https://data.riksdagen.se/dokument/HA01FiU1.html,https://www.statskontoret.se/analys-och-statistik/oppna-data/arsutfall/
2022/23,2023,2,Samhällsekonomi och finansförvaltning,S,party_motion,21136,19021.399,22.1,18918.794423040003,-2217.2055769599974,https://data.riksdagen.se/dokument/HA01FiU1.html,https://www.statskontoret.se/analys-och-statistik/oppna-data/arsutfall/
2022/23,2023,3,"Skatt, tull och exekution",S,party_motion,13424,12923.291,-25.0,13438.48097181,14.480971810000483,https://data.riksdagen.se/dokument/HA01FiU1.html,https://www.statskontoret.se/analys-och-statistik/oppna-data/arsutfall/
2022/23,2023,4,Rättsväsendet,S,party_motion,76865,68305.85399999999,750.0,69772.37664630002,-7092.623353699979,https://data.riksdagen.se/dokument/HA01FiU1.html,https://www.statskontoret.se/analys-och-statistik/oppna-data/arsutfall/
2022/23,2023,5,Internationell samverkan,S,party_motion,2132,2094.6690000000003,289.0,2178.72925116,46.729251159999876,https://data.riksdagen.se/dokument/HA01FiU1.html,https://www.statskontoret.se/analys-och-statistik/oppna-data/arsutfall/
2022/23,2023,6,Försvar och samhällets krisberedskap,S,party_motion,123229,93952.93000000001,3684.1,95987.22518722003,-27241.77481277997,https://data.riksdagen.se/dokument/HA01FiU1.html,https://www.statskontoret.se/analys-och-statistik/oppna-data/arsutfall/
2022/23,2023,7,Internationellt bistånd,S,party_motion,53050,47206.227,-10.6,46510.82030178,-6539.179698220003,https://data.riksdagen.se/dokument/HA01FiU1.html,https://www.statskontoret.se/analys-och-statistik/oppna-data/arsutfall/
2022/23,2023,8,Migration,S,party_motion,9549,16019.745,0.0,11998.528645849998,2449.5286458499977,https://data.riksdagen.se/dokument/HA01FiU1.html,https://www.statskontoret.se/analys-och-statistik/oppna-data/arsutfall/
2022/23,2023,9,"Hälsovård, sjukvård och social omsorg",S,party_motion,102929,110429.732,602.7,108833.14443758002,5904.14443758002,https://data.riksdagen.se/dokument/HA01FiU1.html,https://www.statskontoret.se/analys-och-statistik/oppna-data/arsutfall/
2022/23,2023,10,Ekonomisk trygghet vid sjukdom och funktionsnedsättning,S,party_motion,115158,106427.30400000002,1150.0,110617.66096503,-4540.339034970006,https://data.riksdagen.se/dokument/HA01FiU1.html,https://www.statskontoret.se/analys-och-statistik/oppna-data/arsutfall/
2022/23,2023,11,Ekonomisk trygghet vid ålderdom,S,party_motion,61691,55394.136,204.0,56427.1449843,-5263.855015699999,https://data.riksdagen.se/dokument/HA01FiU1.html,https://www.statskontoret.se/analys-och-statistik/oppna-data/arsutfall/
2022/23,2023,12,Ekonomisk trygghet för familjer och barn,S,party_motion,111041,105159.584,720.0,101665.09745202001,-9375.90254797999,https://data.riksdagen.se/dokument/HA01FiU1.html,https://www.statskontoret.se/analys-och-statistik/oppna-data/arsutfall/
2022/23,2023,13,Jämställdhet och nyanlända invandrares etablering,S,party_motion,5474,5565.205999999998,-100.0,4490.191312010001,-983.8086879899993,https://data.riksdagen.se/dokument/HA01FiU1.html,https://www.statskontoret.se/analys-och-statistik/oppna-data/arsutfall/
2022/23,2023,14,Arbetsmarknad och arbetsliv,S,party_motion,91255,90103.68599999999,-18.764,79842.27743271003,-11412.722567289966,https://data.riksdagen.se/dokument/HA01FiU1.html,https://www.statskontoret.se/analys-och-statistik/oppna-data/arsutfall/
2022/23,2023,15,Studiestöd,S,party_motion,35088,27912.395,259.0,25335.374770049995,-9752.625229950005,https://data.riksdagen.se/dokument/HA01FiU1.html,https://www.statskontoret.se/analys-och-statistik/oppna-data/arsutfall/
2022/23,2023,16,Utbildning och universitetsforskning,S,party_motion,99013,94991.97100000002,709.8,92966.71157916998,-6046.288420830024,https://data.riksdagen.se/dokument/HA01FiU1.html,https://www.statskontoret.se/analys-och-statistik/oppna-data/arsutfall/
2022/23,2023,17,"Kultur, medier, trossamfund och fritid",S,party_motion,17330,16667.947999999997,52.4,16691.12991231,-638.8700876900002,https://data.riksdagen.se/dokument/HA01FiU1.html,https://www.statskontoret.se/analys-och-statistik/oppna-data/arsutfall/
2022/23,2023,18,"Samhällsplanering, bostadsförsörjning och byggande samt konsumentpolitik",S,party_motion,3982,6099.157999999999,5.5,5949.85061723,1967.8506172300004,https://data.riksdagen.se/dokument/HA01FiU1.html,https://www.statskontoret.se/analys-och-statistik/oppna-data/arsutfall/
2022/23,2023,19,Regional utveckling,S,party_motion,4088,4534.201,56.0,3705.97353516,-382.0264648399998,https://data.riksdagen.se/dokument/HA01FiU1.html,https://www.statskontoret.se/analys-och-statistik/oppna-data/arsutfall/
2022/23,2023,20,Allmän miljö- och naturvård,S,party_motion,11795,19542.691000000003,23.099999999999994,17879.7785524,6084.778552399999,https://data.riksdagen.se/dokument/HA01FiU1.html,https://www.statskontoret.se/analys-och-statistik/oppna-data/arsutfall/
2022/23,2023,21,Energi,S,party_motion,4271,4944.849,265.0,4426.2292671899995,155.22926718999952,https://data.riksdagen.se/dokument/HA01FiU1.html,https://www.statskontoret.se/analys-och-statistik/oppna-data/arsutfall/
2022/23,2023,22,Kommunikationer,S,party_motion,90198,78952.41700000002,35.5,80406.80452650998,-9791.195473490021,https://data.riksdagen.se/dokument/HA01FiU1.html,https://www.statskontoret.se/analys-och-statistik/oppna-data/arsutfall/
2022/23,2023,23,"Areella näringar, landsbygd och livsmedel",S,party_motion,20892,19373.352,959.45,18602.10294093,-2289.897059070001,https://data.riksdagen.se/dokument/HA01FiU1.html,https://www.statskontoret.se/analys-och-statistik/oppna-data/arsutfall/
2022/23,2023,24,Näringsliv,S,party_motion,7426,11407.773000000001,8.25,7639.91574104,213.91574104000028,https://data.riksdagen.se/dokument/HA01FiU1.html,https://www.statskontoret.se/analys-och-statistik/oppna-data/arsutfall/
2022/23,2023,25,Allmänna bidrag till kommuner,S,party_motion,163792,157545.359,359.265,157903.62347299999,-5888.376527000015,https://data.riksdagen.se/dokument/HA01FiU1.html,https://www.statskontoret.se/analys-och-statistik/oppna-data/arsutfall/
2022/23,2023,26,Statsskuldsräntor m.m.,S,party_motion,9155,13155.2,21987.51,31626.30896949,22471.30896949,https://data.riksdagen.se/dokument/HA01FiU1.html,https://www.statskontoret.se/analys-och-statistik/oppna-data/arsutfall/
2022/23,2023,27,Avgiften till Europeiska unionen,S,party_motion,47357,45869.852,0.0,43585.42081378,-3771.5791862199985,https://data.riksdagen.se/dokument/HA01FiU1.html,https://www.statskontoret.se/analys-och-statistik/oppna-data/arsutfall/
2022/23,2023,1,Rikets styrelse,V,party_motion,17495,18270.004000000004,-18.6,18303.820682480004,808.8206824800036,https://data.riksdagen.se/dokument/HA01FiU1.html,https://www.statskontoret.se/analys-och-statistik/oppna-data/arsutfall/
2022/23,2023,2,Samhällsekonomi och finansförvaltning,V,party_motion,26185,19021.399,22.1,18918.794423040003,-7266.205576959997,https://data.riksdagen.se/dokument/HA01FiU1.html,https://www.statskontoret.se/analys-och-statistik/oppna-data/arsutfall/
2022/23,2023,3,"Skatt, tull och exekution",V,party_motion,13251,12923.291,-25.0,13438.48097181,187.48097181000048,https://data.riksdagen.se/dokument/HA01FiU1.html,https://www.statskontoret.se/analys-och-statistik/oppna-data/arsutfall/
2022/23,2023,4,Rättsväsendet,V,party_motion,75020,68305.85399999999,750.0,69772.37664630002,-5247.623353699979,https://data.riksdagen.se/dokument/HA01FiU1.html,https://www.statskontoret.se/analys-och-statistik/oppna-data/arsutfall/
2022/23,2023,5,Internationell samverkan,V,party_motion,2152,2094.6690000000003,289.0,2178.72925116,26.729251159999876,https://data.riksdagen.se/dokument/HA01FiU1.html,https://www.statskontoret.se/analys-och-statistik/oppna-data/arsutfall/
2022/23,2023,6,Försvar och samhällets krisberedskap,V,party_motion,123229,93952.93000000001,3684.1,95987.22518722003,-27241.77481277997,https://data.riksdagen.se/dokument/HA01FiU1.html,https://www.statskontoret.se/analys-och-statistik/oppna-data/arsutfall/
2022/23,2023,7,Internationellt bistånd,V,party_motion,63476,47206.227,-10.6,46510.82030178,-16965.179698220003,https://data.riksdagen.se/dokument/HA01FiU1.html,https://www.statskontoret.se/analys-och-statistik/oppna-data/arsutfall/
2022/23,2023,8,Migration,V,party_motion,9609,16019.745,0.0,11998.528645849998,2389.5286458499977,https://data.riksdagen.se/dokument/HA01FiU1.html,https://www.statskontoret.se/analys-och-statistik/oppna-data/arsutfall/
2022/23,2023,9,"Hälsovård, sjukvård och social omsorg",V,party_motion,106337,110429.732,602.7,108833.14443758002,2496.14443758002,https://data.riksdagen.se/dokument/HA01FiU1.html,https://www.statskontoret.se/analys-och-statistik/oppna-data/arsutfall/
2022/23,2023,10,Ekonomisk trygghet vid sjukdom och funktionsnedsättning,V,party_motion,125271,106427.30400000002,1150.0,110617.66096503,-14653.339034970006,https://data.riksdagen.se/dokument/HA01FiU1.html,https://www.statskontoret.se/analys-och-statistik/oppna-data/arsutfall/
2022/23,2023,11,Ekonomisk trygghet vid ålderdom,V,party_motion,72141,55394.136,204.0,56427.1449843,-15713.855015699999,https://data.riksdagen.se/dokument/HA01FiU1.html,https://www.statskontoret.se/analys-och-statistik/oppna-data/arsutfall/
2022/23,2023,12,Ekonomisk trygghet för familjer och barn,V,party_motion,115834,105159.584,720.0,101665.09745202001,-14168.90254797999,https://data.riksdagen.se/dokument/HA01FiU1.html,https://www.statskontoret.se/analys-och-statistik/oppna-data/arsutfall/
2022/23,2023,13,Jämställdhet och nyanlända invandrares etablering,V,party_motion,6174,5565.205999999998,-100.0,4490.191312010001,-1683.8086879899993,https://data.riksdagen.se/dokument/HA01FiU1.html,https://www.statskontoret.se/analys-och-statistik/oppna-data/arsutfall/
2022/23,2023,14,Arbetsmarknad och arbetsliv,V,party_motion,113425,90103.68599999999,-18.764,79842.27743271003,-33582.722567289966,https://data.riksdagen.se/dokument/HA01FiU1.html,https://www.statskontoret.se/analys-och-statistik/oppna-data/arsutfall/
2022/23,2023,15,Studiestöd,V,party_motion,36945,27912.395,259.0,25335.374770049995,-11609.625229950005,https://data.riksdagen.se/dokument/HA01FiU1.html,https://www.statskontoret.se/analys-och-statistik/oppna-data/arsutfall/
2022/23,2023,16,Utbildning och universitetsforskning,V,party_motion,106378,94991.97100000002,709.8,92966.71157916998,-13411.288420830024,https://data.riksdagen.se/dokument/HA01FiU1.html,https://www.statskontoret.se/analys-och-statistik/oppna-data/arsutfall/
2022/23,2023,17,"Kultur, medier, trossamfund och fritid",V,party_motion,18567,16667.947999999997,52.4,16691.12991231,-1875.8700876900002,https://data.riksdagen.se/dokument/HA01FiU1.html,https://www.statskontoret.se/analys-och-statistik/oppna-data/arsutfall/
2022/23,2023,18,"Samhällsplanering, bostadsförsörjning och byggande samt konsumentpolitik",V,party_motion,17032,6099.157999999999,5.5,5949.85061723,-11082.14938277,https://data.riksdagen.se/dokument/HA01FiU1.html,https://www.statskontoret.se/analys-och-statistik/oppna-data/arsutfall/
2022/23,2023,19,Regional utveckling,V,party_motion,4118,4534.201,56.0,3705.97353516,-412.0264648399998,https://data.riksdagen.se/dokument/HA01FiU1.html,https://www.statskontoret.se/analys-och-statistik/oppna-data/arsutfall/
2022/23,2023,20,Allmän miljö- och naturvård,V,party_motion,25339,19542.691000000003,23.099999999999994,17879.7785524,-7459.221447600001,https://data.riksdagen.se/dokument/HA01FiU1.html,https://www.statskontoret.se/analys-och-statistik/oppna-data/arsutfall/
2022/23,2023,21,Energi,V,party_motion,11529,4944.849,265.0,4426.2292671899995,-7102.7707328100005,https://data.riksdagen.se/dokument/HA01FiU1.html,https://www.statskontoret.se/analys-och-statistik/oppna-data/arsutfall/
2022/23,2023,22,Kommunikationer,V,party_motion,112114,78952.41700000002,35.5,80406.80452650998,-31707.19547349002,https://data.riksdagen.se/dokument/HA01FiU1.html,https://www.statskontoret.se/analys-och-statistik/oppna-data/arsutfall/
2022/23,2023,23,"Areella näringar, landsbygd och livsmedel",V,party_motion,23843,19373.352,959.45,18602.10294093,-5240.897059070001,https://data.riksdagen.se/dokument/HA01FiU1.html,https://www.statskontoret.se/analys-och-statistik/oppna-data/arsutfall/
2022/23,2023,24,Näringsliv,V,party_motion,7956,11407.773000000001,8.25,7639.91574104,-316.0842589599997,https://data.riksdagen.se/dokument/HA01FiU1.html,https://www.statskontoret.se/analys-och-statistik/oppna-data/arsutfall/
2022/23,2023,25,Allmänna bidrag till kommuner,V,party_motion,200153,157545.359,359.265,157903.62347299999,-42249.376527000015,https://data.riksdagen.se/dokument/HA01FiU1.html,https://www.statskontoret.se/analys-och-statistik/oppna-data/arsutfall/
2022/23,2023,26,Statsskuldsräntor m.m.,V,party_motion,9165,13155.2,21987.51,31626.30896949,22461.30896949,https://data.riksdagen.se/dokument/HA01FiU1.html,https://www.statskontoret.se/analys-och-statistik/oppna-data/arsutfall/
2022/23,2023,27,Avgiften till Europeiska unionen,V,party_motion,47357,45869.852,0.0,43585.42081378,-3771.5791862199985,https://data.riksdagen.se/dokument/HA01FiU1.html,https://www.statskontoret.se/analys-och-statistik/oppna-data/arsutfall/
2023/24,2024,1,Rikets styrelse,C,party_motion,18644,19070.362999999998,705.9999999999999,19024.45261106999,380.4526110699917,https://data.riksdagen.se/dokument/HB01FiU1.html,https://www.statskontoret.se/analys-och-statistik/oppna-data/arsutfall/
2023/24,2024,2,Samhällsekonomi och finansförvaltning,C,party_motion,22296,20881.058,112.0,20823.817052579994,-1472.1829474200058,https://data.riksdagen.se/dokument/HB01FiU1.html,https://www.statskontoret.se/analys-och-statistik/oppna-data/arsutfall/
2023/24,2024,3,"Skatt, tull och exekution",C,party_motion,14432,16854.356999999996,457.0,16923.57297361,2491.57297361,https://data.riksdagen.se/dokument/HB01FiU1.html,https://www.statskontoret.se/analys-och-statistik/oppna-data/arsutfall/
2023/24,2024,4,Rättsväsendet,C,party_motion,90822,76028.01299999999,2747.0,78298.00418315001,-12523.995816849987,https://data.riksdagen.se/dokument/HB01FiU1.html,https://www.statskontoret.se/analys-och-statistik/oppna-data/arsutfall/
2023/24,2024,5,Internationell samverkan,C,party_motion,2250,2273.9240000000004,156.0,2320.8432911,70.84329109999999,https://data.riksdagen.se/dokument/HB01FiU1.html,https://www.statskontoret.se/analys-och-statistik/oppna-data/arsutfall/
2023/24,2024,6,Försvar och samhällets krisberedskap,C,party_motion,139757,126059.68899999998,6742.240000000001,128176.89504317,-11580.104956829993,https://data.riksdagen.se/dokument/HB01FiU1.html,https://www.statskontoret.se/analys-och-statistik/oppna-data/arsutfall/
2023/24,2024,7,Internationellt bistånd,C,party_motion,56027,48630.129,1385.1,49603.55867824,-6423.441321760001,https://data.riksdagen.se/dokument/HB01FiU1.html,https://www.statskontoret.se/analys-och-statistik/oppna-data/arsutfall/
2023/24,2024,8,Migration,C,party_motion,12928,13808.274000000001,-55.5,11765.257869070003,-1162.742130929997,https://data.riksdagen.se/dokument/HB01FiU1.html,https://www.statskontoret.se/analys-och-statistik/oppna-data/arsutfall/
2023/24,2024,9,"Hälsovård, sjukvård och social omsorg",C,party_motion,104172,110258.264,8193.599999999999,116049.22727752,11877.227277519996,https://data.riksdagen.se/dokument/HB01FiU1.html,https://www.statskontoret.se/analys-och-statistik/oppna-data/arsutfall/
2023/24,2024,10,Ekonomisk trygghet vid sjukdom och funktionsnedsättning,C,party_motion,116706,116907.208,8843.4,120095.85122272,3389.851222719997,https://data.riksdagen.se/dokument/HB01FiU1.html,https://www.statskontoret.se/analys-och-statistik/oppna-data/arsutfall/
2023/24,2024,11,Ekonomisk trygghet vid ålderdom,C,party_motion,59712,60310.48299999999,3942.6,63564.69158536,3852.6915853600003,https://data.riksdagen.se/dokument/HB01FiU1.html,https://www.statskontoret.se/analys-och-statistik/oppna-data/arsutfall/
2023/24,2024,12,Ekonomisk trygghet för familjer och barn,C,party_motion,111510,106070.73199999999,1264.6,102877.35741718,-8632.64258282,https://data.riksdagen.se/dokument/HB01FiU1.html,https://www.statskontoret.se/analys-och-statistik/oppna-data/arsutfall/
2023/24,2024,13,Integration och jämställdhet,C,party_motion,4780,4018.388,940.349,4737.79234735,-42.207652650000455,https://data.riksdagen.se/dokument/HB01FiU1.html,https://www.statskontoret.se/analys-och-statistik/oppna-data/arsutfall/
2023/24,2024,14,Arbetsmarknad och arbetsliv,C,party_motion,78835,92059.39899999999,1480.9499999999998,88531.10892500002,9696.108925000022,https://data.riksdagen.se/dokument/HB01FiU1.html,https://www.statskontoret.se/analys-och-statistik/oppna-data/arsutfall/
2023/24,2024,15,Studiestöd,C,party_motion,39238,30545.170000000002,58.6,28038.604766250002,-11199.395233749998,https://data.riksdagen.se/dokument/HB01FiU1.html,https://www.statskontoret.se/analys-och-statistik/oppna-data/arsutfall/
2023/24,2024,16,Utbildning och universitetsforskning,C,party_motion,105670,99461.04700000005,660.0,98133.01239804007,-7536.987601959932,https://data.riksdagen.se/dokument/HB01FiU1.html,https://www.statskontoret.se/analys-och-statistik/oppna-data/arsutfall/
2023/24,2024,17,"Kultur, medier, trossamfund och fritid",C,party_motion,17470,16646.285,23.8,16621.09120014,-848.9087998600007,https://data.riksdagen.se/dokument/HB01FiU1.html,https://www.statskontoret.se/analys-och-statistik/oppna-data/arsutfall/
2023/24,2024,18,"Samhällsplanering, bostadsförsörjning och byggande samt konsumentpolitik",C,party_motion,1564,6081.906,6.1,4628.86004467,3064.86004467,https://data.riksdagen.se/dokument/HB01FiU1.html,https://www.statskontoret.se/analys-och-statistik/oppna-data/arsutfall/
2023/24,2024,19,Regional utveckling,C,party_motion,10223,3922.201,84.0,2818.8262679299996,-7404.17373207,https://data.riksdagen.se/dokument/HB01FiU1.html,https://www.statskontoret.se/analys-och-statistik/oppna-data/arsutfall/
2023/24,2024,20,"Klimat, miljö och natur",C,party_motion,21804,19307.359,315.5,14587.216696169999,-7216.783303830001,https://data.riksdagen.se/dokument/HB01FiU1.html,https://www.statskontoret.se/analys-och-statistik/oppna-data/arsutfall/
2023/24,2024,21,Energi,C,party_motion,4791,5604.32,70.0,4401.830807,-389.1691929999997,https://data.riksdagen.se/dokument/HB01FiU1.html,https://www.statskontoret.se/analys-och-statistik/oppna-data/arsutfall/
2023/24,2024,22,Kommunikationer,C,party_motion,99708,82874.98000000001,2068.0,81216.29673813,-18491.703261870003,https://data.riksdagen.se/dokument/HB01FiU1.html,https://www.statskontoret.se/analys-och-statistik/oppna-data/arsutfall/
2023/24,2024,23,"Areella näringar, landsbygd och livsmedel",C,party_motion,20019,23973.181000000004,452.0,21553.931766229998,1534.9317662299982,https://data.riksdagen.se/dokument/HB01FiU1.html,https://www.statskontoret.se/analys-och-statistik/oppna-data/arsutfall/
2023/24,2024,24,Näringsliv,C,party_motion,7406,9552.305,61.723000000000006,9229.175012549995,1823.1750125499948,https://data.riksdagen.se/dokument/HB01FiU1.html,https://www.statskontoret.se/analys-och-statistik/oppna-data/arsutfall/
2023/24,2024,25,Allmänna bidrag till kommuner,C,party_motion,169535,174280.27000000002,100.1,174244.66640699998,4709.666406999982,https://data.riksdagen.se/dokument/HB01FiU1.html,https://www.statskontoret.se/analys-och-statistik/oppna-data/arsutfall/
2023/24,2024,26,Statsskuldsräntor m.m.,C,party_motion,26855,20455.2,27866.652000000002,45198.242345880004,18343.242345880004,https://data.riksdagen.se/dokument/HB01FiU1.html,https://www.statskontoret.se/analys-och-statistik/oppna-data/arsutfall/
2023/24,2024,27,Avgiften till Europeiska unionen,C,party_motion,52897,40759.809,0.0,41186.92542815,-11710.074571849997,https://data.riksdagen.se/dokument/HB01FiU1.html,https://www.statskontoret.se/analys-och-statistik/oppna-data/arsutfall/
2023/24,2024,1,Rikets styrelse,GOV,government,19201,19070.362999999998,705.9999999999999,19024.45261106999,-176.5473889300083,https://data.riksdagen.se/dokument/HB01FiU1.html,https://www.statskontoret.se/analys-och-statistik/oppna-data/arsutfall/
2023/24,2024,2,Samhällsekonomi och finansförvaltning,GOV,government,22310,20881.058,112.0,20823.817052579994,-1486.1829474200058,https://data.riksdagen.se/dokument/HB01FiU1.html,https://www.statskontoret.se/analys-och-statistik/oppna-data/arsutfall/
2023/24,2024,3,"Skatt, tull och exekution",GOV,government,14479,16854.356999999996,457.0,16923.57297361,2444.57297361,https://data.riksdagen.se/dokument/HB01FiU1.html,https://www.statskontoret.se/analys-och-statistik/oppna-data/arsutfall/
2023/24,2024,4,Rättsväsendet,GOV,government,90267,76028.01299999999,2747.0,78298.00418315001,-11968.995816849987,https://data.riksdagen.se/dokument/HB01FiU1.html,https://www.statskontoret.se/analys-och-statistik/oppna-data/arsutfall/
2023/24,2024,5,Internationell samverkan,GOV,government,2251,2273.9240000000004,156.0,2320.8432911,69.84329109999999,https://data.riksdagen.se/dokument/HB01FiU1.html,https://www.statskontoret.se/analys-och-statistik/oppna-data/arsutfall/
2023/24,2024,6,Försvar och samhällets krisberedskap,GOV,government,139582,126059.68899999998,6742.240000000001,128176.89504317,-11405.104956829993,https://data.riksdagen.se/dokument/HB01FiU1.html,https://www.statskontoret.se/analys-och-statistik/oppna-data/arsutfall/
2023/24,2024,7,Internationellt bistånd,GOV,government,47682,48630.129,1385.1,49603.55867824,1921.5586782399987,https://data.riksdagen.se/dokument/HB01FiU1.html,https://www.statskontoret.se/analys-och-statistik/oppna-data/arsutfall/
2023/24,2024,8,Migration,GOV,government,12899,13808.274000000001,-55.5,11765.257869070003,-1133.742130929997,https://data.riksdagen.se/dokument/HB01FiU1.html,https://www.statskontoret.se/analys-och-statistik/oppna-data/arsutfall/
2023/24,2024,9,"Hälsovård, sjukvård och social omsorg",GOV,government,105447,110258.264,8193.599999999999,116049.22727752,10602.227277519996,https://data.riksdagen.se/dokument/HB01FiU1.html,https://www.statskontoret.se/analys-och-statistik/oppna-data/arsutfall/
2023/24,2024,10,Ekonomisk trygghet vid sjukdom och funktionsnedsättning,GOV,government,117704,116907.208,8843.4,120095.85122272,2391.851222719997,https://data.riksdagen.se/dokument/HB01FiU1.html,https://www.statskontoret.se/analys-och-statistik/oppna-data/arsutfall/
2023/24,2024,11,Ekonomisk trygghet vid ålderdom,GOV,government,59715,60310.48299999999,3942.6,63564.69158536,3849.6915853600003,https://data.riksdagen.se/dokument/HB01FiU1.html,https://www.statskontoret.se/analys-och-statistik/oppna-data/arsutfall/
2023/24,2024,12,Ekonomisk trygghet för familjer och barn,GOV,government,112677,106070.73199999999,1264.6,102877.35741718,-9799.64258282,https://data.riksdagen.se/dokument/HB01FiU1.html,https://www.statskontoret.se/analys-och-statistik/oppna-data/arsutfall/
2023/24,2024,13,Integration och jämställdhet,GOV,government,3289,4018.388,940.349,4737.79234735,1448.7923473499995,https://data.riksdagen.se/dokument/HB01FiU1.html,https://www.statskontoret.se/analys-och-statistik/oppna-data/arsutfall/
2023/24,2024,14,Arbetsmarknad och arbetsliv,GOV,government,90789,92059.39899999999,1480.9499999999998,88531.10892500002,-2257.8910749999777,https://data.riksdagen.se/dokument/HB01FiU1.html,https://www.statskontoret.se/analys-och-statistik/oppna-data/arsutfall/
2023/24,2024,15,Studiestöd,GOV,government,37396,30545.170000000002,58.6,28038.604766250002,-9357.395233749998,https://data.riksdagen.se/dokument/HB01FiU1.html,https://www.statskontoret.se/analys-och-statistik/oppna-data/arsutfall/
2023/24,2024,16,Utbildning och universitetsforskning,GOV,government,99008,99461.04700000005,660.0,98133.01239804007,-874.9876019599324,https://data.riksdagen.se/dokument/HB01FiU1.html,https://www.statskontoret.se/analys-och-statistik/oppna-data/arsutfall/
2023/24,2024,17,"Kultur, medier, trossamfund och fritid",GOV,government,16413,16646.285,23.8,16621.09120014,208.09120013999927,https://data.riksdagen.se/dokument/HB01FiU1.html,https://www.statskontoret.se/analys-och-statistik/oppna-data/arsutfall/
2023/24,2024,18,"Samhällsplanering, bostadsförsörjning och byggande samt konsumentpolitik",GOV,government,1628,6081.906,6.1,4628.86004467,3000.86004467,https://data.riksdagen.se/dokument/HB01FiU1.html,https://www.statskontoret.se/analys-och-statistik/oppna-data/arsutfall/
2023/24,2024,19,Regional utveckling,GOV,government,4323,3922.201,84.0,2818.8262679299996,-1504.1737320700004,https://data.riksdagen.se/dokument/HB01FiU1.html,https://www.statskontoret.se/analys-och-statistik/oppna-data/arsutfall/
2023/24,2024,20,"Klimat, miljö och natur",GOV,government,16175,19307.359,315.5,14587.216696169999,-1587.7833038300014,https://data.riksdagen.se/dokument/HB01FiU1.html,https://www.statskontoret.se/analys-och-statistik/oppna-data/arsutfall/
2023/24,2024,21,Energi,GOV,government,4769,5604.32,70.0,4401.830807,-367.1691929999997,https://data.riksdagen.se/dokument/HB01FiU1.html,https://www.statskontoret.se/analys-och-statistik/oppna-data/arsutfall/
2023/24,2024,22,Kommunikationer,GOV,government,99206,82874.98000000001,2068.0,81216.29673813,-17989.703261870003,https://data.riksdagen.se/dokument/HB01FiU1.html,https://www.statskontoret.se/analys-och-statistik/oppna-data/arsutfall/
2023/24,2024,23,"Areella näringar, landsbygd och livsmedel",GOV,government,19749,23973.181000000004,452.0,21553.931766229998,1804.9317662299982,https://data.riksdagen.se/dokument/HB01FiU1.html,https://www.statskontoret.se/analys-och-statistik/oppna-data/arsutfall/
2023/24,2024,24,Näringsliv,GOV,government,7398,9552.305,61.723000000000006,9229.175012549995,1831.1750125499948,https://data.riksdagen.se/dokument/HB01FiU1.html,https://www.statskontoret.se/analys-och-statistik/oppna-data/arsutfall/
2023/24,2024,25,Allmänna bidrag till kommuner,GOV,government,169768,174280.27000000002,100.1,174244.66640699998,4476.666406999982,https://data.riksdagen.se/dokument/HB01FiU1.html,https://www.statskontoret.se/analys-och-statistik/oppna-data/arsutfall/
2023/24,2024,26,Statsskuldsräntor m.m.,GOV,government,26855,20455.2,27866.652000000002,45198.242345880004,18343.242345880004,https://data.riksdagen.se/dokument/HB01FiU1.html,https://www.statskontoret.se/analys-och-statistik/oppna-data/arsutfall/
2023/24,2024,27,Avgiften till Europeiska unionen,GOV,government,52897,40759.809,0.0,41186.92542815,-11710.074571849997,https://data.riksdagen.se/dokument/HB01FiU1.html,https://www.statskontoret.se/analys-och-statistik/oppna-data/arsutfall/
2023/24,2024,1,Rikets styrelse,MP,party_motion,19611,19070.362999999998,705.9999999999999,19024.45261106999,-586.5473889300083,https://data.riksdagen.se/dokument/HB01FiU1.html,https://www.statskontoret.se/analys-och-statistik/oppna-data/arsutfall/
2023/24,2024,2,Samhällsekonomi och finansförvaltning,MP,party_motion,22361,20881.058,112.0,20823.817052579994,-1537.1829474200058,https://data.riksdagen.se/dokument/HB01FiU1.html,https://www.statskontoret.se/analys-och-statistik/oppna-data/arsutfall/
2023/24,2024,3,"Skatt, tull och exekution",MP,party_motion,14519,16854.356999999996,457.0,16923.57297361,2404.57297361,https://data.riksdagen.se/dokument/HB01FiU1.html,https://www.statskontoret.se/analys-och-statistik/oppna-data/arsutfall/
2023/24,2024,4,Rättsväsendet,MP,party_motion,91535,76028.01299999999,2747.0,78298.00418315001,-13236.995816849987,https://data.riksdagen.se/dokument/HB01FiU1.html,https://www.statskontoret.se/analys-och-statistik/oppna-data/arsutfall/
2023/24,2024,5,Internationell samverkan,MP,party_motion,2531,2273.9240000000004,156.0,2320.8432911,-210.1567089,https://data.riksdagen.se/dokument/HB01FiU1.html,https://www.statskontoret.se/analys-och-statistik/oppna-data/arsutfall/
2023/24,2024,6,Försvar och samhällets krisberedskap,MP,party_motion,141387,126059.68899999998,6742.240000000001,128176.89504317,-13210.104956829993,https://data.riksdagen.se/dokument/HB01FiU1.html,https://www.statskontoret.se/analys-och-statistik/oppna-data/arsutfall/
2023/24,2024,7,Internationellt bistånd,MP,party_motion,77701,48630.129,1385.1,49603.55867824,-28097.44132176,https://data.riksdagen.se/dokument/HB01FiU1.html,https://www.statskontoret.se/analys-och-statistik/oppna-data/arsutfall/
2023/24,2024,8,Migration,MP,party_motion,12730,13808.274000000001,-55.5,11765.257869070003,-964.7421309299971,https://data.riksdagen.se/dokument/HB01FiU1.html,https://www.statskontoret.se/analys-och-statistik/oppna-data/arsutfall/
2023/24,2024,9,"Hälsovård, sjukvård och social omsorg",MP,party_motion,106281,110258.264,8193.599999999999,116049.22727752,9768.227277519996,https://data.riksdagen.se/dokument/HB01FiU1.html,https://www.statskontoret.se/analys-och-statistik/oppna-data/arsutfall/
2023/24,2024,10,Ekonomisk trygghet vid sjukdom och funktionsnedsättning,MP,party_motion,122044,116907.208,8843.4,120095.85122272,-1948.1487772800028,https://data.riksdagen.se/dokument/HB01FiU1.html,https://www.statskontoret.se/analys-och-statistik/oppna-data/arsutfall/
2023/24,2024,11,Ekonomisk trygghet vid ålderdom,MP,party_motion,59722,60310.48299999999,3942.6,63564.69158536,3842.6915853600003,https://data.riksdagen.se/dokument/HB01FiU1.html,https://www.statskontoret.se/analys-och-statistik/oppna-data/arsutfall/
2023/24,2024,12,Ekonomisk trygghet för familjer och barn,MP,party_motion,117777,106070.73199999999,1264.6,102877.35741718,-14899.64258282,https://data.riksdagen.se/dokument/HB01FiU1.html,https://www.statskontoret.se/analys-och-statistik/oppna-data/arsutfall/
2023/24,2024,13,Integration och jämställdhet,MP,party_motion,4894,4018.388,940.349,4737.79234735,-156.20765265000045,https://data.riksdagen.se/dokument/HB01FiU1.html,https://www.statskontoret.se/analys-och-statistik/oppna-data/arsutfall/
2023/24,2024,14,Arbetsmarknad och arbetsliv,MP,party_motion,93086,92059.39899999999,1480.9499999999998,88531.10892500002,-4554.891074999978,https://data.riksdagen.se/dokument/HB01FiU1.html,https://www.statskontoret.se/analys-och-statistik/oppna-data/arsutfall/
2023/24,2024,15,Studiestöd,MP,party_motion,39212,30545.170000000002,58.6,28038.604766250002,-11173.395233749998,https://data.riksdagen.se/dokument/HB01FiU1.html,https://www.statskontoret.se/analys-och-statistik/oppna-data/arsutfall/
2023/24,2024,16,Utbildning och universitetsforskning,MP,party_motion,103396,99461.04700000005,660.0,98133.01239804007,-5262.987601959932,https://data.riksdagen.se/dokument/HB01FiU1.html,https://www.statskontoret.se/analys-och-statistik/oppna-data/arsutfall/
2023/24,2024,17,"Kultur, medier, trossamfund och fritid",MP,party_motion,19171,16646.285,23.8,16621.09120014,-2549.9087998600007,https://data.riksdagen.se/dokument/HB01FiU1.html,https://www.statskontoret.se/analys-och-statistik/oppna-data/arsutfall/
2023/24,2024,18,"Samhällsplanering, bostadsförsörjning och byggande samt konsumentpolitik",MP,party_motion,9463,6081.906,6.1,4628.86004467,-4834.13995533,https://data.riksdagen.se/dokument/HB01FiU1.html,https://www.statskontoret.se/analys-och-statistik/oppna-data/arsutfall/
2023/24,2024,19,Regional utveckling,MP,party_motion,4323,3922.201,84.0,2818.8262679299996,-1504.1737320700004,https://data.riksdagen.se/dokument/HB01FiU1.html,https://www.statskontoret.se/analys-och-statistik/oppna-data/arsutfall/
2023/24,2024,20,"Klimat, miljö och natur",MP,party_motion,44820,19307.359,315.5,14587.216696169999,-30232.78330383,https://data.riksdagen.se/dokument/HB01FiU1.html,https://www.statskontoret.se/analys-och-statistik/oppna-data/arsutfall/
2023/24,2024,21,Energi,MP,party_motion,21217,5604.32,70.0,4401.830807,-16815.169193,https://data.riksdagen.se/dokument/HB01FiU1.html,https://www.statskontoret.se/analys-och-statistik/oppna-data/arsutfall/
2023/24,2024,22,Kommunikationer,MP,party_motion,134630,82874.98000000001,2068.0,81216.29673813,-53413.70326187,https://data.riksdagen.se/dokument/HB01FiU1.html,https://www.statskontoret.se/analys-och-statistik/oppna-data/arsutfall/
2023/24,2024,23,"Areella näringar, landsbygd och livsmedel",MP,party_motion,24923,23973.181000000004,452.0,21553.931766229998,-3369.068233770002,https://data.riksdagen.se/dokument/HB01FiU1.html,https://www.statskontoret.se/analys-och-statistik/oppna-data/arsutfall/
2023/24,2024,24,Näringsliv,MP,party_motion,8016,9552.305,61.723000000000006,9229.175012549995,1213.1750125499948,https://data.riksdagen.se/dokument/HB01FiU1.html,https://www.statskontoret.se/analys-och-statistik/oppna-data/arsutfall/
2023/24,2024,25,Allmänna bidrag till kommuner,MP,party_motion,196244,174280.27000000002,100.1,174244.66640699998,-21999.333593000018,https://data.riksdagen.se/dokument/HB01FiU1.html,https://www.statskontoret.se/analys-och-statistik/oppna-data/arsutfall/
2023/24,2024,26,Statsskuldsräntor m.m.,MP,party_motion,26855,20455.2,27866.652000000002,45198.242345880004,18343.242345880004,https://data.riksdagen.se/dokument/HB01FiU1.html,https://www.statskontoret.se/analys-och-statistik/oppna-data/arsutfall/
2023/24,2024,27,Avgiften till Europeiska unionen,MP,party_motion,52897,40759.809,0.0,41186.92542815,-11710.074571849997,https://data.riksdagen.se/dokument/HB01FiU1.html,https://www.statskontoret.se/analys-och-statistik/oppna-data/arsutfall/
2023/24,2024,1,Rikets styrelse,S,party_motion,18806,19070.362999999998,705.9999999999999,19024.45261106999,218.4526110699917,https://data.riksdagen.se/dokument/HB01FiU1.html,https://www.statskontoret.se/analys-och-statistik/oppna-data/arsutfall/
2023/24,2024,2,Samhällsekonomi och finansförvaltning,S,party_motion,22320,20881.058,112.0,20823.817052579994,-1496.1829474200058,https://data.riksdagen.se/dokument/HB01FiU1.html,https://www.statskontoret.se/analys-och-statistik/oppna-data/arsutfall/
2023/24,2024,3,"Skatt, tull och exekution",S,party_motion,14579,16854.356999999996,457.0,16923.57297361,2344.57297361,https://data.riksdagen.se/dokument/HB01FiU1.html,https://www.statskontoret.se/analys-och-statistik/oppna-data/arsutfall/
2023/24,2024,4,Rättsväsendet,S,party_motion,90367,76028.01299999999,2747.0,78298.00418315001,-12068.995816849987,https://data.riksdagen.se/dokument/HB01FiU1.html,https://www.statskontoret.se/analys-och-statistik/oppna-data/arsutfall/
2023/24,2024,5,Internationell samverkan,S,party_motion,2251,2273.9240000000004,156.0,2320.8432911,69.84329109999999,https://data.riksdagen.se/dokument/HB01FiU1.html,https://www.statskontoret.se/analys-och-statistik/oppna-data/arsutfall/
2023/24,2024,6,Försvar och samhällets krisberedskap,S,party_motion,139582,126059.68899999998,6742.240000000001,128176.89504317,-11405.104956829993,https://data.riksdagen.se/dokument/HB01FiU1.html,https://www.statskontoret.se/analys-och-statistik/oppna-data/arsutfall/
2023/24,2024,7,Internationellt bistånd,S,party_motion,48682,48630.129,1385.1,49603.55867824,921.5586782399987,https://data.riksdagen.se/dokument/HB01FiU1.html,https://www.statskontoret.se/analys-och-statistik/oppna-data/arsutfall/
2023/24,2024,8,Migration,S,party_motion,12899,13808.274000000001,-55.5,11765.257869070003,-1133.742130929997,https://data.riksdagen.se/dokument/HB01FiU1.html,https://www.statskontoret.se/analys-och-statistik/oppna-data/arsutfall/
2023/24,2024,9,"Hälsovård, sjukvård och social omsorg",S,party_motion,106487,110258.264,8193.599999999999,116049.22727752,9562.227277519996,https://data.riksdagen.se/dokument/HB01FiU1.html,https://www.statskontoret.se/analys-och-statistik/oppna-data/arsutfall/
2023/24,2024,10,Ekonomisk trygghet vid sjukdom och funktionsnedsättning,S,party_motion,117934,116907.208,8843.4,120095.85122272,2161.851222719997,https://data.riksdagen.se/dokument/HB01FiU1.html,https://www.statskontoret.se/analys-och-statistik/oppna-data/arsutfall/
2023/24,2024,11,Ekonomisk trygghet vid ålderdom,S,party_motion,59715,60310.48299999999,3942.6,63564.69158536,3849.6915853600003,https://data.riksdagen.se/dokument/HB01FiU1.html,https://www.statskontoret.se/analys-och-statistik/oppna-data/arsutfall/
2023/24,2024,12,Ekonomisk trygghet för familjer och barn,S,party_motion,112677,106070.73199999999,1264.6,102877.35741718,-9799.64258282,https://data.riksdagen.se/dokument/HB01FiU1.html,https://www.statskontoret.se/analys-och-statistik/oppna-data/arsutfall/
2023/24,2024,13,Integration och jämställdhet,S,party_motion,3859,4018.388,940.349,4737.79234735,878.7923473499995,https://data.riksdagen.se/dokument/HB01FiU1.html,https://www.statskontoret.se/analys-och-statistik/oppna-data/arsutfall/
2023/24,2024,14,Arbetsmarknad och arbetsliv,S,party_motion,91359,92059.39899999999,1480.9499999999998,88531.10892500002,-2827.8910749999777,https://data.riksdagen.se/dokument/HB01FiU1.html,https://www.statskontoret.se/analys-och-statistik/oppna-data/arsutfall/
2023/24,2024,15,Studiestöd,S,party_motion,37416,30545.170000000002,58.6,28038.604766250002,-9377.395233749998,https://data.riksdagen.se/dokument/HB01FiU1.html,https://www.statskontoret.se/analys-och-statistik/oppna-data/arsutfall/
2023/24,2024,16,Utbildning och universitetsforskning,S,party_motion,99963,99461.04700000005,660.0,98133.01239804007,-1829.9876019599324,https://data.riksdagen.se/dokument/HB01FiU1.html,https://www.statskontoret.se/analys-och-statistik/oppna-data/arsutfall/
2023/24,2024,17,"Kultur, medier, trossamfund och fritid",S,party_motion,16963,16646.285,23.8,16621.09120014,-341.9087998600007,https://data.riksdagen.se/dokument/HB01FiU1.html,https://www.statskontoret.se/analys-och-statistik/oppna-data/arsutfall/
2023/24,2024,18,"Samhällsplanering, bostadsförsörjning och byggande samt konsumentpolitik",S,party_motion,3138,6081.906,6.1,4628.86004467,1490.8600446700002,https://data.riksdagen.se/dokument/HB01FiU1.html,https://www.statskontoret.se/analys-och-statistik/oppna-data/arsutfall/
2023/24,2024,19,Regional utveckling,S,party_motion,4343,3922.201,84.0,2818.8262679299996,-1524.1737320700004,https://data.riksdagen.se/dokument/HB01FiU1.html,https://www.statskontoret.se/analys-och-statistik/oppna-data/arsutfall/
2023/24,2024,20,"Klimat, miljö och natur",S,party_motion,16805,19307.359,315.5,14587.216696169999,-2217.7833038300014,https://data.riksdagen.se/dokument/HB01FiU1.html,https://www.statskontoret.se/analys-och-statistik/oppna-data/arsutfall/
2023/24,2024,21,Energi,S,party_motion,4829,5604.32,70.0,4401.830807,-427.1691929999997,https://data.riksdagen.se/dokument/HB01FiU1.html,https://www.statskontoret.se/analys-och-statistik/oppna-data/arsutfall/
2023/24,2024,22,Kommunikationer,S,party_motion,99606,82874.98000000001,2068.0,81216.29673813,-18389.703261870003,https://data.riksdagen.se/dokument/HB01FiU1.html,https://www.statskontoret.se/analys-och-statistik/oppna-data/arsutfall/
2023/24,2024,23,"Areella näringar, landsbygd och livsmedel",S,party_motion,19987,23973.181000000004,452.0,21553.931766229998,1566.9317662299982,https://data.riksdagen.se/dokument/HB01FiU1.html,https://www.statskontoret.se/analys-och-statistik/oppna-data/arsutfall/
2023/24,2024,24,Näringsliv,S,party_motion,7583,9552.305,61.723000000000006,9229.175012549995,1646.1750125499948,https://data.riksdagen.se/dokument/HB01FiU1.html,https://www.statskontoret.se/analys-och-statistik/oppna-data/arsutfall/
2023/24,2024,25,Allmänna bidrag till kommuner,S,party_motion,177344,174280.27000000002,100.1,174244.66640699998,-3099.3335930000176,https://data.riksdagen.se/dokument/HB01FiU1.html,https://www.statskontoret.se/analys-och-statistik/oppna-data/arsutfall/
2023/24,2024,26,Statsskuldsräntor m.m.,S,party_motion,26855,20455.2,27866.652000000002,45198.242345880004,18343.242345880004,https://data.riksdagen.se/dokument/HB01FiU1.html,https://www.statskontoret.se/analys-och-statistik/oppna-data/arsutfall/
2023/24,2024,27,Avgiften till Europeiska unionen,S,party_motion,52897,40759.809,0.0,41186.92542815,-11710.074571849997,https://data.riksdagen.se/dokument/HB01FiU1.html,https://www.statskontoret.se/analys-och-statistik/oppna-data/arsutfall/
2023/24,2024,1,Rikets styrelse,V,party_motion,19386,19070.362999999998,705.9999999999999,19024.45261106999,-361.5473889300083,https://data.riksdagen.se/dokument/HB01FiU1.html,https://www.statskontoret.se/analys-och-statistik/oppna-data/arsutfall/
2023/24,2024,2,Samhällsekonomi och finansförvaltning,V,party_motion,23478,20881.058,112.0,20823.817052579994,-2654.182947420006,https://data.riksdagen.se/dokument/HB01FiU1.html,https://www.statskontoret.se/analys-och-statistik/oppna-data/arsutfall/
2023/24,2024,3,"Skatt, tull och exekution",V,party_motion,14489,16854.356999999996,457.0,16923.57297361,2434.57297361,https://data.riksdagen.se/dokument/HB01FiU1.html,https://www.statskontoret.se/analys-och-statistik/oppna-data/arsutfall/
2023/24,2024,4,Rättsväsendet,V,party_motion,89877,76028.01299999999,2747.0,78298.00418315001,-11578.995816849987,https://data.riksdagen.se/dokument/HB01FiU1.html,https://www.statskontoret.se/analys-och-statistik/oppna-data/arsutfall/
2023/24,2024,5,Internationell samverkan,V,party_motion,2265,2273.9240000000004,156.0,2320.8432911,55.84329109999999,https://data.riksdagen.se/dokument/HB01FiU1.html,https://www.statskontoret.se/analys-och-statistik/oppna-data/arsutfall/
2023/24,2024,6,Försvar och samhällets krisberedskap,V,party_motion,139582,126059.68899999998,6742.240000000001,128176.89504317,-11405.104956829993,https://data.riksdagen.se/dokument/HB01FiU1.html,https://www.statskontoret.se/analys-och-statistik/oppna-data/arsutfall/
2023/24,2024,7,Internationellt bistånd,V,party_motion,64977,48630.129,1385.1,49603.55867824,-15373.441321760001,https://data.riksdagen.se/dokument/HB01FiU1.html,https://www.statskontoret.se/analys-och-statistik/oppna-data/arsutfall/
2023/24,2024,8,Migration,V,party_motion,12362,13808.274000000001,-55.5,11765.257869070003,-596.7421309299971,https://data.riksdagen.se/dokument/HB01FiU1.html,https://www.statskontoret.se/analys-och-statistik/oppna-data/arsutfall/
2023/24,2024,9,"Hälsovård, sjukvård och social omsorg",V,party_motion,111687,110258.264,8193.599999999999,116049.22727752,4362.227277519996,https://data.riksdagen.se/dokument/HB01FiU1.html,https://www.statskontoret.se/analys-och-statistik/oppna-data/arsutfall/
2023/24,2024,10,Ekonomisk trygghet vid sjukdom och funktionsnedsättning,V,party_motion,135478,116907.208,8843.4,120095.85122272,-15382.148777280003,https://data.riksdagen.se/dokument/HB01FiU1.html,https://www.statskontoret.se/analys-och-statistik/oppna-data/arsutfall/
2023/24,2024,11,Ekonomisk trygghet vid ålderdom,V,party_motion,58615,60310.48299999999,3942.6,63564.69158536,4949.69158536,https://data.riksdagen.se/dokument/HB01FiU1.html,https://www.statskontoret.se/analys-och-statistik/oppna-data/arsutfall/
2023/24,2024,12,Ekonomisk trygghet för familjer och barn,V,party_motion,133177,106070.73199999999,1264.6,102877.35741718,-30299.64258282,https://data.riksdagen.se/dokument/HB01FiU1.html,https://www.statskontoret.se/analys-och-statistik/oppna-data/arsutfall/
2023/24,2024,13,Integration och jämställdhet,V,party_motion,5134,4018.388,940.349,4737.79234735,-396.20765265000045,https://data.riksdagen.se/dokument/HB01FiU1.html,https://www.statskontoret.se/analys-och-statistik/oppna-data/arsutfall/
2023/24,2024,14,Arbetsmarknad och arbetsliv,V,party_motion,114595,92059.39899999999,1480.9499999999998,88531.10892500002,-26063.891074999978,https://data.riksdagen.se/dokument/HB01FiU1.html,https://www.statskontoret.se/analys-och-statistik/oppna-data/arsutfall/
2023/24,2024,15,Studiestöd,V,party_motion,37923,30545.170000000002,58.6,28038.604766250002,-9884.395233749998,https://data.riksdagen.se/dokument/HB01FiU1.html,https://www.statskontoret.se/analys-och-statistik/oppna-data/arsutfall/
2023/24,2024,16,Utbildning och universitetsforskning,V,party_motion,102449,99461.04700000005,660.0,98133.01239804007,-4315.987601959932,https://data.riksdagen.se/dokument/HB01FiU1.html,https://www.statskontoret.se/analys-och-statistik/oppna-data/arsutfall/
2023/24,2024,17,"Kultur, medier, trossamfund och fritid",V,party_motion,18904,16646.285,23.8,16621.09120014,-2282.9087998600007,https://data.riksdagen.se/dokument/HB01FiU1.html,https://www.statskontoret.se/analys-och-statistik/oppna-data/arsutfall/
2023/24,2024,18,"Samhällsplanering, bostadsförsörjning och byggande samt konsumentpolitik",V,party_motion,13780,6081.906,6.1,4628.86004467,-9151.13995533,https://data.riksdagen.se/dokument/HB01FiU1.html,https://www.statskontoret.se/analys-och-statistik/oppna-data/arsutfall/
2023/24,2024,19,Regional utveckling,V,party_motion,4393,3922.201,84.0,2818.8262679299996,-1574.1737320700004,https://data.riksdagen.se/dokument/HB01FiU1.html,https://www.statskontoret.se/analys-och-statistik/oppna-data/arsutfall/
2023/24,2024,20,"Klimat, miljö och natur",V,party_motion,32112,19307.359,315.5,14587.216696169999,-17524.78330383,https://data.riksdagen.se/dokument/HB01FiU1.html,https://www.statskontoret.se/analys-och-statistik/oppna-data/arsutfall/
2023/24,2024,21,Energi,V,party_motion,9799,5604.32,70.0,4401.830807,-5397.169193,https://data.riksdagen.se/dokument/HB01FiU1.html,https://www.statskontoret.se/analys-och-statistik/oppna-data/arsutfall/
2023/24,2024,22,Kommunikationer,V,party_motion,120720,82874.98000000001,2068.0,81216.29673813,-39503.70326187,https://data.riksdagen.se/dokument/HB01FiU1.html,https://www.statskontoret.se/analys-och-statistik/oppna-data/arsutfall/
2023/24,2024,23,"Areella näringar, landsbygd och livsmedel",V,party_motion,22151,23973.181000000004,452.0,21553.931766229998,-597.0682337700018,https://data.riksdagen.se/dokument/HB01FiU1.html,https://www.statskontoret.se/analys-och-statistik/oppna-data/arsutfall/
2023/24,2024,24,Näringsliv,V,party_motion,8455,9552.305,61.723000000000006,9229.175012549995,774.1750125499948,https://data.riksdagen.se/dokument/HB01FiU1.html,https://www.statskontoret.se/analys-och-statistik/oppna-data/arsutfall/
2023/24,2024,25,Allmänna bidrag till kommuner,V,party_motion,172939,174280.27000000002,100.1,174244.66640699998,1305.6664069999824,https://data.riksdagen.se/dokument/HB01FiU1.html,https://www.statskontoret.se/analys-och-statistik/oppna-data/arsutfall/
2023/24,2024,26,Statsskuldsräntor m.m.,V,party_motion,26865,20455.2,27866.652000000002,45198.242345880004,18333.242345880004,https://data.riksdagen.se/dokument/HB01FiU1.html,https://www.statskontoret.se/analys-och-statistik/oppna-data/arsutfall/
2023/24,2024,27,Avgiften till Europeiska unionen,V,party_motion,52897,40759.809,0.0,41186.92542815,-11710.074571849997,https://data.riksdagen.se/dokument/HB01FiU1.html,https://www.statskontoret.se/analys-och-statistik/oppna-data/arsutfall/
2024/25,2025,1,Rikets styrelse,C,party_motion,20203,20130.981,41.5,19627.737897860003,-575.2621021399973,https://data.riksdagen.se/dokument/HC01FiU1.html,https://www.statskontoret.se/analys-och-statistik/oppna-data/arsutfall/
2024/25,2025,2,Samhällsekonomi och finansförvaltning,C,party_motion,22267,21734.078000000005,242.664,21518.212084910003,-748.7879150899971,https://data.riksdagen.se/dokument/HC01FiU1.html,https://www.statskontoret.se/analys-och-statistik/oppna-data/arsutfall/
2024/25,2025,3,"Skatt, tull och exekution",C,party_motion,15493,14812.398000000001,35.0,14433.98844661,-1059.0115533900007,https://data.riksdagen.se/dokument/HC01FiU1.html,https://www.statskontoret.se/analys-och-statistik/oppna-data/arsutfall/
2024/25,2025,4,Rättsväsendet,C,party_motion,100940,86791.679,598.0,86139.89598496,-14800.104015039993,https://data.riksdagen.se/dokument/HC01FiU1.html,https://www.statskontoret.se/analys-och-statistik/oppna-data/arsutfall/
2024/25,2025,5,Internationell samverkan,C,party_motion,2292,2278.371,551.5,2551.26919348,259.26919348,https://data.riksdagen.se/dokument/HC01FiU1.html,https://www.statskontoret.se/analys-och-statistik/oppna-data/arsutfall/
2024/25,2025,6,Försvar och samhällets krisberedskap,C,party_motion,167150,169680.34399999998,-862.2849999999984,163509.38368134,-3640.6163186600024,https://data.riksdagen.se/dokument/HC01FiU1.html,https://www.statskontoret.se/analys-och-statistik/oppna-data/arsutfall/
2024/25,2025,7,Internationellt bistånd,C,party_motion,58573,44499.84399999999,238.0,45410.330001769995,-13162.669998230005,https://data.riksdagen.se/dokument/HC01FiU1.html,https://www.statskontoret.se/analys-och-statistik/oppna-data/arsutfall/
2024/25,2025,8,Migration,C,party_motion,11456,11937.532000000001,0.0,10173.7752285,-1282.2247714999994,https://data.riksdagen.se/dokument/HC01FiU1.html,https://www.statskontoret.se/analys-och-statistik/oppna-data/arsutfall/
2024/25,2025,9,"Hälsovård, sjukvård och social omsorg",C,party_motion,112838,120254.872,215.6,116298.44449471,3460.4444947099983,https://data.riksdagen.se/dokument/HC01FiU1.html,https://www.statskontoret.se/analys-och-statistik/oppna-data/arsutfall/
2024/25,2025,10,Ekonomisk trygghet vid sjukdom och funktionsnedsättning,C,party_motion,129523,123058.92700000001,303.0,119943.16698030003,-9579.833019699974,https://data.riksdagen.se/dokument/HC01FiU1.html,https://www.statskontoret.se/analys-och-statistik/oppna-data/arsutfall/
2024/25,2025,11,Ekonomisk trygghet vid ålderdom,C,party_motion,57710,62890.36,0.0,62411.61405724999,4701.6140572499935,https://data.riksdagen.se/dokument/HC01FiU1.html,https://www.statskontoret.se/analys-och-statistik/oppna-data/arsutfall/
2024/25,2025,12,Ekonomisk trygghet för familjer och barn,C,party_motion,105206,104531.449,0.0,100610.18691201002,-4595.813087989984,https://data.riksdagen.se/dokument/HC01FiU1.html,https://www.statskontoret.se/analys-och-statistik/oppna-data/arsutfall/
2024/25,2025,13,Integration och jämställdhet,C,party_motion,4887,6265.767,20.0,5838.86258716,951.8625871599997,https://data.riksdagen.se/dokument/HC01FiU1.html,https://www.statskontoret.se/analys-och-statistik/oppna-data/arsutfall/
2024/25,2025,14,Arbetsmarknad och arbetsliv,C,party_motion,80954,93539.39900000002,3516.0,91327.99128866002,10373.991288660021,https://data.riksdagen.se/dokument/HC01FiU1.html,https://www.statskontoret.se/analys-och-statistik/oppna-data/arsutfall/
2024/25,2025,15,Studiestöd,C,party_motion,37538,33793.466,188.8,30609.70164824,-6928.2983517600005,https://data.riksdagen.se/dokument/HC01FiU1.html,https://www.statskontoret.se/analys-och-statistik/oppna-data/arsutfall/
2024/25,2025,16,Utbildning och universitetsforskning,C,party_motion,108320,103845.14099999996,1037.373,101957.25116871999,-6362.748831280012,https://data.riksdagen.se/dokument/HC01FiU1.html,https://www.statskontoret.se/analys-och-statistik/oppna-data/arsutfall/
2024/25,2025,17,"Kultur, medier, trossamfund och fritid",C,party_motion,17280,16861.894,54.0,16862.046953200002,-417.95304679999754,https://data.riksdagen.se/dokument/HC01FiU1.html,https://www.statskontoret.se/analys-och-statistik/oppna-data/arsutfall/
2024/25,2025,18,"Samhällsplanering, bostadsförsörjning och byggande samt konsumentpolitik",C,party_motion,2223,3240.0939999999996,-94.9,2975.7207821,752.7207821000002,https://data.riksdagen.se/dokument/HC01FiU1.html,https://www.statskontoret.se/analys-och-statistik/oppna-data/arsutfall/
2024/25,2025,19,Regional utveckling,C,party_motion,3893,4294.201,0.0,3685.8778219900005,-207.12217800999952,https://data.riksdagen.se/dokument/HC01FiU1.html,https://www.statskontoret.se/analys-och-statistik/oppna-data/arsutfall/
2024/25,2025,20,"Klimat, miljö och natur",C,party_motion,18951,16438.897,40.0,13446.947149389998,-5504.052850610002,https://data.riksdagen.se/dokument/HC01FiU1.html,https://www.statskontoret.se/analys-och-statistik/oppna-data/arsutfall/
2024/25,2025,21,Energi,C,party_motion,9346,6631.297,0.0,5124.68917412,-4221.31082588,https://data.riksdagen.se/dokument/HC01FiU1.html,https://www.statskontoret.se/analys-och-statistik/oppna-data/arsutfall/
2024/25,2025,22,Kommunikationer,C,party_motion,110866,94447.43199999999,679.5,89109.87035276997,-21756.12964723003,https://data.riksdagen.se/dokument/HC01FiU1.html,https://www.statskontoret.se/analys-och-statistik/oppna-data/arsutfall/
2024/25,2025,23,"Areella näringar, landsbygd och livsmedel",C,party_motion,21668,21697.804000000004,136.42700000000002,21181.48179191,-486.5182080900013,https://data.riksdagen.se/dokument/HC01FiU1.html,https://www.statskontoret.se/analys-och-statistik/oppna-data/arsutfall/
2024/25,2025,24,Näringsliv,C,party_motion,8299,8315.298,1167.25,8458.624721490001,159.62472149000132,https://data.riksdagen.se/dokument/HC01FiU1.html,https://www.statskontoret.se/analys-och-statistik/oppna-data/arsutfall/
2024/25,2025,25,Allmänna bidrag till kommuner,C,party_motion,174654,173107.254,89.318,173190.23719038,-1463.762809620006,https://data.riksdagen.se/dokument/HC01FiU1.html,https://www.statskontoret.se/analys-och-statistik/oppna-data/arsutfall/
2024/25,2025,26,Statsskuldsräntor m.m.,C,party_motion,18955,28755.2,0.0,30219.71942977,11264.71942977,https://data.riksdagen.se/dokument/HC01FiU1.html,https://www.statskontoret.se/analys-och-statistik/oppna-data/arsutfall/
2024/25,2025,27,Avgiften till Europeiska unionen,C,party_motion,58173,47761.911,0.0,45713.927888,-12459.072112000002,https://data.riksdagen.se/dokument/HC01FiU1.html,https://www.statskontoret.se/analys-och-statistik/oppna-data/arsutfall/
2024/25,2025,1,Rikets styrelse,GOV,government,20783,20130.981,41.5,19627.737897860003,-1155.2621021399973,https://data.riksdagen.se/dokument/HC01FiU1.html,https://www.statskontoret.se/analys-och-statistik/oppna-data/arsutfall/
2024/25,2025,2,Samhällsekonomi och finansförvaltning,GOV,government,22271,21734.078000000005,242.664,21518.212084910003,-752.7879150899971,https://data.riksdagen.se/dokument/HC01FiU1.html,https://www.statskontoret.se/analys-och-statistik/oppna-data/arsutfall/
2024/25,2025,3,"Skatt, tull och exekution",GOV,government,15493,14812.398000000001,35.0,14433.98844661,-1059.0115533900007,https://data.riksdagen.se/dokument/HC01FiU1.html,https://www.statskontoret.se/analys-och-statistik/oppna-data/arsutfall/
2024/25,2025,4,Rättsväsendet,GOV,government,100485,86791.679,598.0,86139.89598496,-14345.104015039993,https://data.riksdagen.se/dokument/HC01FiU1.html,https://www.statskontoret.se/analys-och-statistik/oppna-data/arsutfall/
2024/25,2025,5,Internationell samverkan,GOV,government,2292,2278.371,551.5,2551.26919348,259.26919348,https://data.riksdagen.se/dokument/HC01FiU1.html,https://www.statskontoret.se/analys-och-statistik/oppna-data/arsutfall/
2024/25,2025,6,Försvar och samhällets krisberedskap,GOV,government,166800,169680.34399999998,-862.2849999999984,163509.38368134,-3290.6163186600024,https://data.riksdagen.se/dokument/HC01FiU1.html,https://www.statskontoret.se/analys-och-statistik/oppna-data/arsutfall/
2024/25,2025,7,Internationellt bistånd,GOV,government,43819,44499.84399999999,238.0,45410.330001769995,1591.3300017699949,https://data.riksdagen.se/dokument/HC01FiU1.html,https://www.statskontoret.se/analys-och-statistik/oppna-data/arsutfall/
2024/25,2025,8,Migration,GOV,government,12376,11937.532000000001,0.0,10173.7752285,-2202.2247714999994,https://data.riksdagen.se/dokument/HC01FiU1.html,https://www.statskontoret.se/analys-och-statistik/oppna-data/arsutfall/
2024/25,2025,9,"Hälsovård, sjukvård och social omsorg",GOV,government,113077,120254.872,215.6,116298.44449471,3221.4444947099983,https://data.riksdagen.se/dokument/HC01FiU1.html,https://www.statskontoret.se/analys-och-statistik/oppna-data/arsutfall/
2024/25,2025,10,Ekonomisk trygghet vid sjukdom och funktionsnedsättning,GOV,government,127585,123058.92700000001,303.0,119943.16698030003,-7641.833019699974,https://data.riksdagen.se/dokument/HC01FiU1.html,https://www.statskontoret.se/analys-och-statistik/oppna-data/arsutfall/
2024/25,2025,11,Ekonomisk trygghet vid ålderdom,GOV,government,57710,62890.36,0.0,62411.61405724999,4701.6140572499935,https://data.riksdagen.se/dokument/HC01FiU1.html,https://www.statskontoret.se/analys-och-statistik/oppna-data/arsutfall/
2024/25,2025,12,Ekonomisk trygghet för familjer och barn,GOV,government,106706,104531.449,0.0,100610.18691201002,-6095.813087989984,https://data.riksdagen.se/dokument/HC01FiU1.html,https://www.statskontoret.se/analys-och-statistik/oppna-data/arsutfall/
2024/25,2025,13,Integration och jämställdhet,GOV,government,2747,6265.767,20.0,5838.86258716,3091.8625871599997,https://data.riksdagen.se/dokument/HC01FiU1.html,https://www.statskontoret.se/analys-och-statistik/oppna-data/arsutfall/
2024/25,2025,14,Arbetsmarknad och arbetsliv,GOV,government,91048,93539.39900000002,3516.0,91327.99128866002,279.9912886600214,https://data.riksdagen.se/dokument/HC01FiU1.html,https://www.statskontoret.se/analys-och-statistik/oppna-data/arsutfall/
2024/25,2025,15,Studiestöd,GOV,government,37393,33793.466,188.8,30609.70164824,-6783.2983517600005,https://data.riksdagen.se/dokument/HC01FiU1.html,https://www.statskontoret.se/analys-och-statistik/oppna-data/arsutfall/
2024/25,2025,16,Utbildning och universitetsforskning,GOV,government,103067,103845.14099999996,1037.373,101957.25116871999,-1109.7488312800124,https://data.riksdagen.se/dokument/HC01FiU1.html,https://www.statskontoret.se/analys-och-statistik/oppna-data/arsutfall/
2024/25,2025,17,"Kultur, medier, trossamfund och fritid",GOV,government,16410,16861.894,54.0,16862.046953200002,452.04695320000246,https://data.riksdagen.se/dokument/HC01FiU1.html,https://www.statskontoret.se/analys-och-statistik/oppna-data/arsutfall/
2024/25,2025,18,"Samhällsplanering, bostadsförsörjning och byggande samt konsumentpolitik",GOV,government,2213,3240.0939999999996,-94.9,2975.7207821,762.7207821000002,https://data.riksdagen.se/dokument/HC01FiU1.html,https://www.statskontoret.se/analys-och-statistik/oppna-data/arsutfall/
2024/25,2025,19,Regional utveckling,GOV,government,3773,4294.201,0.0,3685.8778219900005,-87.12217800999952,https://data.riksdagen.se/dokument/HC01FiU1.html,https://www.statskontoret.se/analys-och-statistik/oppna-data/arsutfall/
2024/25,2025,20,"Klimat, miljö och natur",GOV,government,14481,16438.897,40.0,13446.947149389998,-1034.0528506100018,https://data.riksdagen.se/dokument/HC01FiU1.html,https://www.statskontoret.se/analys-och-statistik/oppna-data/arsutfall/
2024/25,2025,21,Energi,GOV,government,7486,6631.297,0.0,5124.68917412,-2361.3108258800003,https://data.riksdagen.se/dokument/HC01FiU1.html,https://www.statskontoret.se/analys-och-statistik/oppna-data/arsutfall/
2024/25,2025,22,Kommunikationer,GOV,government,109866,94447.43199999999,679.5,89109.87035276997,-20756.12964723003,https://data.riksdagen.se/dokument/HC01FiU1.html,https://www.statskontoret.se/analys-och-statistik/oppna-data/arsutfall/
2024/25,2025,23,"Areella näringar, landsbygd och livsmedel",GOV,government,21253,21697.804000000004,136.42700000000002,21181.48179191,-71.51820809000128,https://data.riksdagen.se/dokument/HC01FiU1.html,https://www.statskontoret.se/analys-och-statistik/oppna-data/arsutfall/
2024/25,2025,24,Näringsliv,GOV,government,8249,8315.298,1167.25,8458.624721490001,209.62472149000132,https://data.riksdagen.se/dokument/HC01FiU1.html,https://www.statskontoret.se/analys-och-statistik/oppna-data/arsutfall/
2024/25,2025,25,Allmänna bidrag till kommuner,GOV,government,170834,173107.254,89.318,173190.23719038,2356.237190379994,https://data.riksdagen.se/dokument/HC01FiU1.html,https://www.statskontoret.se/analys-och-statistik/oppna-data/arsutfall/
2024/25,2025,26,Statsskuldsräntor m.m.,GOV,government,18955,28755.2,0.0,30219.71942977,11264.71942977,https://data.riksdagen.se/dokument/HC01FiU1.html,https://www.statskontoret.se/analys-och-statistik/oppna-data/arsutfall/
2024/25,2025,27,Avgiften till Europeiska unionen,GOV,government,58173,47761.911,0.0,45713.927888,-12459.072112000002,https://data.riksdagen.se/dokument/HC01FiU1.html,https://www.statskontoret.se/analys-och-statistik/oppna-data/arsutfall/
2024/25,2025,1,Rikets styrelse,MP,party_motion,20883,20130.981,41.5,19627.737897860003,-1255.2621021399973,https://data.riksdagen.se/dokument/HC01FiU1.html,https://www.statskontoret.se/analys-och-statistik/oppna-data/arsutfall/
2024/25,2025,2,Samhällsekonomi och finansförvaltning,MP,party_motion,22421,21734.078000000005,242.664,21518.212084910003,-902.7879150899971,https://data.riksdagen.se/dokument/HC01FiU1.html,https://www.statskontoret.se/analys-och-statistik/oppna-data/arsutfall/
2024/25,2025,3,"Skatt, tull och exekution",MP,party_motion,15493,14812.398000000001,35.0,14433.98844661,-1059.0115533900007,https://data.riksdagen.se/dokument/HC01FiU1.html,https://www.statskontoret.se/analys-och-statistik/oppna-data/arsutfall/
2024/25,2025,4,Rättsväsendet,MP,party_motion,101621,86791.679,598.0,86139.89598496,-15481.104015039993,https://data.riksdagen.se/dokument/HC01FiU1.html,https://www.statskontoret.se/analys-och-statistik/oppna-data/arsutfall/
2024/25,2025,5,Internationell samverkan,MP,party_motion,2370,2278.371,551.5,2551.26919348,181.26919348,https://data.riksdagen.se/dokument/HC01FiU1.html,https://www.statskontoret.se/analys-och-statistik/oppna-data/arsutfall/
2024/25,2025,6,Försvar och samhällets krisberedskap,MP,party_motion,166814,169680.34399999998,-862.2849999999984,163509.38368134,-3304.6163186600024,https://data.riksdagen.se/dokument/HC01FiU1.html,https://www.statskontoret.se/analys-och-statistik/oppna-data/arsutfall/
2024/25,2025,7,Internationellt bistånd,MP,party_motion,66186,44499.84399999999,238.0,45410.330001769995,-20775.669998230005,https://data.riksdagen.se/dokument/HC01FiU1.html,https://www.statskontoret.se/analys-och-statistik/oppna-data/arsutfall/
2024/25,2025,8,Migration,MP,party_motion,11651,11937.532000000001,0.0,10173.7752285,-1477.2247714999994,https://data.riksdagen.se/dokument/HC01FiU1.html,https://www.statskontoret.se/analys-och-statistik/oppna-data/arsutfall/
2024/25,2025,9,"Hälsovård, sjukvård och social omsorg",MP,party_motion,117771,120254.872,215.6,116298.44449471,-1472.5555052900017,https://data.riksdagen.se/dokument/HC01FiU1.html,https://www.statskontoret.se/analys-och-statistik/oppna-data/arsutfall/
2024/25,2025,10,Ekonomisk trygghet vid sjukdom och funktionsnedsättning,MP,party_motion,132502,123058.92700000001,303.0,119943.16698030003,-12558.833019699974,https://data.riksdagen.se/dokument/HC01FiU1.html,https://www.statskontoret.se/analys-och-statistik/oppna-data/arsutfall/
2024/25,2025,11,Ekonomisk trygghet vid ålderdom,MP,party_motion,57710,62890.36,0.0,62411.61405724999,4701.6140572499935,https://data.riksdagen.se/dokument/HC01FiU1.html,https://www.statskontoret.se/analys-och-statistik/oppna-data/arsutfall/
2024/25,2025,12,Ekonomisk trygghet för familjer och barn,MP,party_motion,116305,104531.449,0.0,100610.18691201002,-15694.813087989984,https://data.riksdagen.se/dokument/HC01FiU1.html,https://www.statskontoret.se/analys-och-statistik/oppna-data/arsutfall/
2024/25,2025,13,Integration och jämställdhet,MP,party_motion,6319,6265.767,20.0,5838.86258716,-480.13741284000025,https://data.riksdagen.se/dokument/HC01FiU1.html,https://www.statskontoret.se/analys-och-statistik/oppna-data/arsutfall/
2024/25,2025,14,Arbetsmarknad och arbetsliv,MP,party_motion,91817,93539.39900000002,3516.0,91327.99128866002,-489.0087113399786,https://data.riksdagen.se/dokument/HC01FiU1.html,https://www.statskontoret.se/analys-och-statistik/oppna-data/arsutfall/
2024/25,2025,15,Studiestöd,MP,party_motion,39798,33793.466,188.8,30609.70164824,-9188.29835176,https://data.riksdagen.se/dokument/HC01FiU1.html,https://www.statskontoret.se/analys-och-statistik/oppna-data/arsutfall/
2024/25,2025,16,Utbildning och universitetsforskning,MP,party_motion,105714,103845.14099999996,1037.373,101957.25116871999,-3756.7488312800124,https://data.riksdagen.se/dokument/HC01FiU1.html,https://www.statskontoret.se/analys-och-statistik/oppna-data/arsutfall/
2024/25,2025,17,"Kultur, medier, trossamfund och fritid",MP,party_motion,18873,16861.894,54.0,16862.046953200002,-2010.9530467999975,https://data.riksdagen.se/dokument/HC01FiU1.html,https://www.statskontoret.se/analys-och-statistik/oppna-data/arsutfall/
2024/25,2025,18,"Samhällsplanering, bostadsförsörjning och byggande samt konsumentpolitik",MP,party_motion,12389,3240.0939999999996,-94.9,2975.7207821,-9413.279217899999,https://data.riksdagen.se/dokument/HC01FiU1.html,https://www.statskontoret.se/analys-och-statistik/oppna-data/arsutfall/
2024/25,2025,19,Regional utveckling,MP,party_motion,3938,4294.201,0.0,3685.8778219900005,-252.12217800999952,https://data.riksdagen.se/dokument/HC01FiU1.html,https://www.statskontoret.se/analys-och-statistik/oppna-data/arsutfall/
2024/25,2025,20,"Klimat, miljö och natur",MP,party_motion,40318,16438.897,40.0,13446.947149389998,-26871.05285061,https://data.riksdagen.se/dokument/HC01FiU1.html,https://www.statskontoret.se/analys-och-statistik/oppna-data/arsutfall/
2024/25,2025,21,Energi,MP,party_motion,20781,6631.297,0.0,5124.68917412,-15656.31082588,https://data.riksdagen.se/dokument/HC01FiU1.html,https://www.statskontoret.se/analys-och-statistik/oppna-data/arsutfall/
2024/25,2025,22,Kommunikationer,MP,party_motion,149663,94447.43199999999,679.5,89109.87035276997,-60553.12964723003,https://data.riksdagen.se/dokument/HC01FiU1.html,https://www.statskontoret.se/analys-och-statistik/oppna-data/arsutfall/
2024/25,2025,23,"Areella näringar, landsbygd och livsmedel",MP,party_motion,25301,21697.804000000004,136.42700000000002,21181.48179191,-4119.518208090001,https://data.riksdagen.se/dokument/HC01FiU1.html,https://www.statskontoret.se/analys-och-statistik/oppna-data/arsutfall/
2024/25,2025,24,Näringsliv,MP,party_motion,8583,8315.298,1167.25,8458.624721490001,-124.37527850999868,https://data.riksdagen.se/dokument/HC01FiU1.html,https://www.statskontoret.se/analys-och-statistik/oppna-data/arsutfall/
2024/25,2025,25,Allmänna bidrag till kommuner,MP,party_motion,177200,173107.254,89.318,173190.23719038,-4009.762809620006,https://data.riksdagen.se/dokument/HC01FiU1.html,https://www.statskontoret.se/analys-och-statistik/oppna-data/arsutfall/
2024/25,2025,26,Statsskuldsräntor m.m.,MP,party_motion,18955,28755.2,0.0,30219.71942977,11264.71942977,https://data.riksdagen.se/dokument/HC01FiU1.html,https://www.statskontoret.se/analys-och-statistik/oppna-data/arsutfall/
2024/25,2025,27,Avgiften till Europeiska unionen,MP,party_motion,58173,47761.911,0.0,45713.927888,-12459.072112000002,https://data.riksdagen.se/dokument/HC01FiU1.html,https://www.statskontoret.se/analys-och-statistik/oppna-data/arsutfall/
2024/25,2025,1,Rikets styrelse,S,party_motion,20503,20130.981,41.5,19627.737897860003,-875.2621021399973,https://data.riksdagen.se/dokument/HC01FiU1.html,https://www.statskontoret.se/analys-och-statistik/oppna-data/arsutfall/
2024/25,2025,2,Samhällsekonomi och finansförvaltning,S,party_motion,22321,21734.078000000005,242.664,21518.212084910003,-802.7879150899971,https://data.riksdagen.se/dokument/HC01FiU1.html,https://www.statskontoret.se/analys-och-statistik/oppna-data/arsutfall/
2024/25,2025,3,"Skatt, tull och exekution",S,party_motion,15493,14812.398000000001,35.0,14433.98844661,-1059.0115533900007,https://data.riksdagen.se/dokument/HC01FiU1.html,https://www.statskontoret.se/analys-och-statistik/oppna-data/arsutfall/
2024/25,2025,4,Rättsväsendet,S,party_motion,100525,86791.679,598.0,86139.89598496,-14385.104015039993,https://data.riksdagen.se/dokument/HC01FiU1.html,https://www.statskontoret.se/analys-och-statistik/oppna-data/arsutfall/
2024/25,2025,5,Internationell samverkan,S,party_motion,2292,2278.371,551.5,2551.26919348,259.26919348,https://data.riksdagen.se/dokument/HC01FiU1.html,https://www.statskontoret.se/analys-och-statistik/oppna-data/arsutfall/
2024/25,2025,6,Försvar och samhällets krisberedskap,S,party_motion,166800,169680.34399999998,-862.2849999999984,163509.38368134,-3290.6163186600024,https://data.riksdagen.se/dokument/HC01FiU1.html,https://www.statskontoret.se/analys-och-statistik/oppna-data/arsutfall/
2024/25,2025,7,Internationellt bistånd,S,party_motion,47819,44499.84399999999,238.0,45410.330001769995,-2408.669998230005,https://data.riksdagen.se/dokument/HC01FiU1.html,https://www.statskontoret.se/analys-och-statistik/oppna-data/arsutfall/
2024/25,2025,8,Migration,S,party_motion,12376,11937.532000000001,0.0,10173.7752285,-2202.2247714999994,https://data.riksdagen.se/dokument/HC01FiU1.html,https://www.statskontoret.se/analys-och-statistik/oppna-data/arsutfall/
2024/25,2025,9,"Hälsovård, sjukvård och social omsorg",S,party_motion,113440,120254.872,215.6,116298.44449471,2858.4444947099983,https://data.riksdagen.se/dokument/HC01FiU1.html,https://www.statskontoret.se/analys-och-statistik/oppna-data/arsutfall/
2024/25,2025,10,Ekonomisk trygghet vid sjukdom och funktionsnedsättning,S,party_motion,127819,123058.92700000001,303.0,119943.16698030003,-7875.833019699974,https://data.riksdagen.se/dokument/HC01FiU1.html,https://www.statskontoret.se/analys-och-statistik/oppna-data/arsutfall/
2024/25,2025,11,Ekonomisk trygghet vid ålderdom,S,party_motion,58760,62890.36,0.0,62411.61405724999,3651.6140572499935,https://data.riksdagen.se/dokument/HC01FiU1.html,https://www.statskontoret.se/analys-och-statistik/oppna-data/arsutfall/
2024/25,2025,12,Ekonomisk trygghet för familjer och barn,S,party_motion,112075,104531.449,0.0,100610.18691201002,-11464.813087989984,https://data.riksdagen.se/dokument/HC01FiU1.html,https://www.statskontoret.se/analys-och-statistik/oppna-data/arsutfall/
2024/25,2025,13,Integration och jämställdhet,S,party_motion,2839,6265.767,20.0,5838.86258716,2999.8625871599997,https://data.riksdagen.se/dokument/HC01FiU1.html,https://www.statskontoret.se/analys-och-statistik/oppna-data/arsutfall/
2024/25,2025,14,Arbetsmarknad och arbetsliv,S,party_motion,92065,93539.39900000002,3516.0,91327.99128866002,-737.0087113399786,https://data.riksdagen.se/dokument/HC01FiU1.html,https://www.statskontoret.se/analys-och-statistik/oppna-data/arsutfall/
2024/25,2025,15,Studiestöd,S,party_motion,38167,33793.466,188.8,30609.70164824,-7557.2983517600005,https://data.riksdagen.se/dokument/HC01FiU1.html,https://www.statskontoret.se/analys-och-statistik/oppna-data/arsutfall/
2024/25,2025,16,Utbildning och universitetsforskning,S,party_motion,107777,103845.14099999996,1037.373,101957.25116871999,-5819.748831280012,https://data.riksdagen.se/dokument/HC01FiU1.html,https://www.statskontoret.se/analys-och-statistik/oppna-data/arsutfall/
2024/25,2025,17,"Kultur, medier, trossamfund och fritid",S,party_motion,18106,16861.894,54.0,16862.046953200002,-1243.9530467999975,https://data.riksdagen.se/dokument/HC01FiU1.html,https://www.statskontoret.se/analys-och-statistik/oppna-data/arsutfall/
2024/25,2025,18,"Samhällsplanering, bostadsförsörjning och byggande samt konsumentpolitik",S,party_motion,3623,3240.0939999999996,-94.9,2975.7207821,-647.2792178999998,https://data.riksdagen.se/dokument/HC01FiU1.html,https://www.statskontoret.se/analys-och-statistik/oppna-data/arsutfall/
2024/25,2025,19,Regional utveckling,S,party_motion,6393,4294.201,0.0,3685.8778219900005,-2707.1221780099995,https://data.riksdagen.se/dokument/HC01FiU1.html,https://www.statskontoret.se/analys-och-statistik/oppna-data/arsutfall/
2024/25,2025,20,"Klimat, miljö och natur",S,party_motion,15781,16438.897,40.0,13446.947149389998,-2334.0528506100018,https://data.riksdagen.se/dokument/HC01FiU1.html,https://www.statskontoret.se/analys-och-statistik/oppna-data/arsutfall/
2024/25,2025,21,Energi,S,party_motion,7586,6631.297,0.0,5124.68917412,-2461.3108258800003,https://data.riksdagen.se/dokument/HC01FiU1.html,https://www.statskontoret.se/analys-och-statistik/oppna-data/arsutfall/
2024/25,2025,22,Kommunikationer,S,party_motion,111541,94447.43199999999,679.5,89109.87035276997,-22431.12964723003,https://data.riksdagen.se/dokument/HC01FiU1.html,https://www.statskontoret.se/analys-och-statistik/oppna-data/arsutfall/
2024/25,2025,23,"Areella näringar, landsbygd och livsmedel",S,party_motion,21408,21697.804000000004,136.42700000000002,21181.48179191,-226.51820809000128,https://data.riksdagen.se/dokument/HC01FiU1.html,https://www.statskontoret.se/analys-och-statistik/oppna-data/arsutfall/
2024/25,2025,24,Näringsliv,S,party_motion,8429,8315.298,1167.25,8458.624721490001,29.62472149000132,https://data.riksdagen.se/dokument/HC01FiU1.html,https://www.statskontoret.se/analys-och-statistik/oppna-data/arsutfall/
2024/25,2025,25,Allmänna bidrag till kommuner,S,party_motion,178960,173107.254,89.318,173190.23719038,-5769.762809620006,https://data.riksdagen.se/dokument/HC01FiU1.html,https://www.statskontoret.se/analys-och-statistik/oppna-data/arsutfall/
2024/25,2025,26,Statsskuldsräntor m.m.,S,party_motion,18955,28755.2,0.0,30219.71942977,11264.71942977,https://data.riksdagen.se/dokument/HC01FiU1.html,https://www.statskontoret.se/analys-och-statistik/oppna-data/arsutfall/
2024/25,2025,27,Avgiften till Europeiska unionen,S,party_motion,58173,47761.911,0.0,45713.927888,-12459.072112000002,https://data.riksdagen.se/dokument/HC01FiU1.html,https://www.statskontoret.se/analys-och-statistik/oppna-data/arsutfall/
2024/25,2025,1,Rikets styrelse,V,party_motion,21163,20130.981,41.5,19627.737897860003,-1535.2621021399973,https://data.riksdagen.se/dokument/HC01FiU1.html,https://www.statskontoret.se/analys-och-statistik/oppna-data/arsutfall/
2024/25,2025,2,Samhällsekonomi och finansförvaltning,V,party_motion,22508,21734.078000000005,242.664,21518.212084910003,-989.7879150899971,https://data.riksdagen.se/dokument/HC01FiU1.html,https://www.statskontoret.se/analys-och-statistik/oppna-data/arsutfall/
2024/25,2025,3,"Skatt, tull och exekution",V,party_motion,15593,14812.398000000001,35.0,14433.98844661,-1159.0115533900007,https://data.riksdagen.se/dokument/HC01FiU1.html,https://www.statskontoret.se/analys-och-statistik/oppna-data/arsutfall/
2024/25,2025,4,Rättsväsendet,V,party_motion,100564,86791.679,598.0,86139.89598496,-14424.104015039993,https://data.riksdagen.se/dokument/HC01FiU1.html,https://www.statskontoret.se/analys-och-statistik/oppna-data/arsutfall/
2024/25,2025,5,Internationell samverkan,V,party_motion,2344,2278.371,551.5,2551.26919348,207.26919348,https://data.riksdagen.se/dokument/HC01FiU1.html,https://www.statskontoret.se/analys-och-statistik/oppna-data/arsutfall/
2024/25,2025,6,Försvar och samhällets krisberedskap,V,party_motion,166800,169680.34399999998,-862.2849999999984,163509.38368134,-3290.6163186600024,https://data.riksdagen.se/dokument/HC01FiU1.html,https://www.statskontoret.se/analys-och-statistik/oppna-data/arsutfall/
2024/25,2025,7,Internationellt bistånd,V,party_motion,54418,44499.84399999999,238.0,45410.330001769995,-9007.669998230005,https://data.riksdagen.se/dokument/HC01FiU1.html,https://www.statskontoret.se/analys-och-statistik/oppna-data/arsutfall/
2024/25,2025,8,Migration,V,party_motion,11056,11937.532000000001,0.0,10173.7752285,-882.2247714999994,https://data.riksdagen.se/dokument/HC01FiU1.html,https://www.statskontoret.se/analys-och-statistik/oppna-data/arsutfall/
2024/25,2025,9,"Hälsovård, sjukvård och social omsorg",V,party_motion,118649,120254.872,215.6,116298.44449471,-2350.5555052900017,https://data.riksdagen.se/dokument/HC01FiU1.html,https://www.statskontoret.se/analys-och-statistik/oppna-data/arsutfall/
2024/25,2025,10,Ekonomisk trygghet vid sjukdom och funktionsnedsättning,V,party_motion,145305,123058.92700000001,303.0,119943.16698030003,-25361.833019699974,https://data.riksdagen.se/dokument/HC01FiU1.html,https://www.statskontoret.se/analys-och-statistik/oppna-data/arsutfall/
2024/25,2025,11,Ekonomisk trygghet vid ålderdom,V,party_motion,59910,62890.36,0.0,62411.61405724999,2501.6140572499935,https://data.riksdagen.se/dokument/HC01FiU1.html,https://www.statskontoret.se/analys-och-statistik/oppna-data/arsutfall/
2024/25,2025,12,Ekonomisk trygghet för familjer och barn,V,party_motion,127506,104531.449,0.0,100610.18691201002,-26895.813087989984,https://data.riksdagen.se/dokument/HC01FiU1.html,https://www.statskontoret.se/analys-och-statistik/oppna-data/arsutfall/
2024/25,2025,13,Integration och jämställdhet,V,party_motion,4336,6265.767,20.0,5838.86258716,1502.8625871599997,https://data.riksdagen.se/dokument/HC01FiU1.html,https://www.statskontoret.se/analys-och-statistik/oppna-data/arsutfall/
2024/25,2025,14,Arbetsmarknad och arbetsliv,V,party_motion,115429,93539.39900000002,3516.0,91327.99128866002,-24101.00871133998,https://data.riksdagen.se/dokument/HC01FiU1.html,https://www.statskontoret.se/analys-och-statistik/oppna-data/arsutfall/
2024/25,2025,15,Studiestöd,V,party_motion,38513,33793.466,188.8,30609.70164824,-7903.2983517600005,https://data.riksdagen.se/dokument/HC01FiU1.html,https://www.statskontoret.se/analys-och-statistik/oppna-data/arsutfall/
2024/25,2025,16,Utbildning och universitetsforskning,V,party_motion,112967,103845.14099999996,1037.373,101957.25116871999,-11009.748831280012,https://data.riksdagen.se/dokument/HC01FiU1.html,https://www.statskontoret.se/analys-och-statistik/oppna-data/arsutfall/
2024/25,2025,17,"Kultur, medier, trossamfund och fritid",V,party_motion,19044,16861.894,54.0,16862.046953200002,-2181.9530467999975,https://data.riksdagen.se/dokument/HC01FiU1.html,https://www.statskontoret.se/analys-och-statistik/oppna-data/arsutfall/
2024/25,2025,18,"Samhällsplanering, bostadsförsörjning och byggande samt konsumentpolitik",V,party_motion,12923,3240.0939999999996,-94.9,2975.7207821,-9947.279217899999,https://data.riksdagen.se/dokument/HC01FiU1.html,https://www.statskontoret.se/analys-och-statistik/oppna-data/arsutfall/
2024/25,2025,19,Regional utveckling,V,party_motion,3943,4294.201,0.0,3685.8778219900005,-257.1221780099995,https://data.riksdagen.se/dokument/HC01FiU1.html,https://www.statskontoret.se/analys-och-statistik/oppna-data/arsutfall/
2024/25,2025,20,"Klimat, miljö och natur",V,party_motion,33992,16438.897,40.0,13446.947149389998,-20545.05285061,https://data.riksdagen.se/dokument/HC01FiU1.html,https://www.statskontoret.se/analys-och-statistik/oppna-data/arsutfall/
2024/25,2025,21,Energi,V,party_motion,12516,6631.297,0.0,5124.68917412,-7391.31082588,https://data.riksdagen.se/dokument/HC01FiU1.html,https://www.statskontoret.se/analys-och-statistik/oppna-data/arsutfall/
2024/25,2025,22,Kommunikationer,V,party_motion,124289,94447.43199999999,679.5,89109.87035276997,-35179.12964723003,https://data.riksdagen.se/dokument/HC01FiU1.html,https://www.statskontoret.se/analys-och-statistik/oppna-data/arsutfall/
2024/25,2025,23,"Areella näringar, landsbygd och livsmedel",V,party_motion,24325,21697.804000000004,136.42700000000002,21181.48179191,-3143.5182080900013,https://data.riksdagen.se/dokument/HC01FiU1.html,https://www.statskontoret.se/analys-och-statistik/oppna-data/arsutfall/
2024/25,2025,24,Näringsliv,V,party_motion,8826,8315.298,1167.25,8458.624721490001,-367.3752785099987,https://data.riksdagen.se/dokument/HC01FiU1.html,https://www.statskontoret.se/analys-och-statistik/oppna-data/arsutfall/
2024/25,2025,25,Allmänna bidrag till kommuner,V,party_motion,193121,173107.254,89.318,173190.23719038,-19930.762809620006,https://data.riksdagen.se/dokument/HC01FiU1.html,https://www.statskontoret.se/analys-och-statistik/oppna-data/arsutfall/
2024/25,2025,26,Statsskuldsräntor m.m.,V,party_motion,18955,28755.2,0.0,30219.71942977,11264.71942977,https://data.riksdagen.se/dokument/HC01FiU1.html,https://www.statskontoret.se/analys-och-statistik/oppna-data/arsutfall/
2024/25,2025,27,Avgiften till Europeiska unionen,V,party_motion,58173,47761.911,0.0,45713.927888,-12459.072112000002,https://data.riksdagen.se/dokument/HC01FiU1.html,https://www.statskontoret.se/analys-och-statistik/oppna-data/arsutfall/
2025/26,2026,1,Rikets styrelse,C,party_motion,19633,,,,,https://data.riksdagen.se/dokument/HD01FiU1.html,
2025/26,2026,2,Samhällsekonomi och finansförvaltning,C,party_motion,22596,,,,,https://data.riksdagen.se/dokument/HD01FiU1.html,
2025/26,2026,3,"Skatt, tull och exekution",C,party_motion,15600,,,,,https://data.riksdagen.se/dokument/HD01FiU1.html,
2025/26,2026,4,Rättsväsendet,C,party_motion,107923,,,,,https://data.riksdagen.se/dokument/HD01FiU1.html,
2025/26,2026,5,Internationell samverkan,C,party_motion,2321,,,,,https://data.riksdagen.se/dokument/HD01FiU1.html,
2025/26,2026,6,Försvar och samhällets krisberedskap,C,party_motion,207201,,,,,https://data.riksdagen.se/dokument/HD01FiU1.html,
2025/26,2026,7,Internationellt bistånd,C,party_motion,47545,,,,,https://data.riksdagen.se/dokument/HD01FiU1.html,
2025/26,2026,8,Migration,C,party_motion,11858,,,,,https://data.riksdagen.se/dokument/HD01FiU1.html,
2025/26,2026,9,"Hälsovård, sjukvård och social omsorg",C,party_motion,118416,,,,,https://data.riksdagen.se/dokument/HD01FiU1.html,
2025/26,2026,10,Ekonomisk trygghet vid sjukdom och funktionsnedsättning,C,party_motion,125073,,,,,https://data.riksdagen.se/dokument/HD01FiU1.html,
2025/26,2026,11,Ekonomisk trygghet vid ålderdom,C,party_motion,56930,,,,,https://data.riksdagen.se/dokument/HD01FiU1.html,
2025/26,2026,12,Ekonomisk trygghet för familjer och barn,C,party_motion,105067,,,,,https://data.riksdagen.se/dokument/HD01FiU1.html,
2025/26,2026,13,Integration och jämställdhet,C,party_motion,3369,,,,,https://data.riksdagen.se/dokument/HD01FiU1.html,
2025/26,2026,14,Arbetsmarknad och arbetsliv,C,party_motion,72260,,,,,https://data.riksdagen.se/dokument/HD01FiU1.html,
2025/26,2026,15,Studiestöd,C,party_motion,37019,,,,,https://data.riksdagen.se/dokument/HD01FiU1.html,
2025/26,2026,16,Utbildning och universitetsforskning,C,party_motion,108235,,,,,https://data.riksdagen.se/dokument/HD01FiU1.html,
2025/26,2026,17,"Kultur, medier, trossamfund och fritid",C,party_motion,17661,,,,,https://data.riksdagen.se/dokument/HD01FiU1.html,
2025/26,2026,18,"Samhällsplanering, bostadsförsörjning och byggande samt konsumentpolitik",C,party_motion,2104,,,,,https://data.riksdagen.se/dokument/HD01FiU1.html,
2025/26,2026,19,Regional utveckling,C,party_motion,4191,,,,,https://data.riksdagen.se/dokument/HD01FiU1.html,
2025/26,2026,20,"Klimat, miljö och natur",C,party_motion,22015,,,,,https://data.riksdagen.se/dokument/HD01FiU1.html,
2025/26,2026,21,Energi,C,party_motion,10698,,,,,https://data.riksdagen.se/dokument/HD01FiU1.html,
2025/26,2026,22,Kommunikationer,C,party_motion,121272,,,,,https://data.riksdagen.se/dokument/HD01FiU1.html,
2025/26,2026,23,"Areella näringar, landsbygd och livsmedel",C,party_motion,20316,,,,,https://data.riksdagen.se/dokument/HD01FiU1.html,
2025/26,2026,24,Näringsliv,C,party_motion,10266,,,,,https://data.riksdagen.se/dokument/HD01FiU1.html,
2025/26,2026,25,Allmänna bidrag till kommuner,C,party_motion,186906,,,,,https://data.riksdagen.se/dokument/HD01FiU1.html,
2025/26,2026,26,Statsskuldsräntor m.m.,C,party_motion,42655,,,,,https://data.riksdagen.se/dokument/HD01FiU1.html,
2025/26,2026,27,Avgiften till Europeiska unionen,C,party_motion,62097,,,,,https://data.riksdagen.se/dokument/HD01FiU1.html,
2025/26,2026,1,Rikets styrelse,GOV,government,21331,,,,,https://data.riksdagen.se/dokument/HD01FiU1.html,
2025/26,2026,2,Samhällsekonomi och finansförvaltning,GOV,government,22611,,,,,https://data.riksdagen.se/dokument/HD01FiU1.html,
2025/26,2026,3,"Skatt, tull och exekution",GOV,government,16140,,,,,https://data.riksdagen.se/dokument/HD01FiU1.html,
2025/26,2026,4,Rättsväsendet,GOV,government,108001,,,,,https://data.riksdagen.se/dokument/HD01FiU1.html,
2025/26,2026,5,Internationell samverkan,GOV,government,2326,,,,,https://data.riksdagen.se/dokument/HD01FiU1.html,
2025/26,2026,6,Försvar och samhällets krisberedskap,GOV,government,207201,,,,,https://data.riksdagen.se/dokument/HD01FiU1.html,
2025/26,2026,7,Internationellt bistånd,GOV,government,44072,,,,,https://data.riksdagen.se/dokument/HD01FiU1.html,
2025/26,2026,8,Migration,GOV,government,13093,,,,,https://data.riksdagen.se/dokument/HD01FiU1.html,
2025/26,2026,9,"Hälsovård, sjukvård och social omsorg",GOV,government,118231,,,,,https://data.riksdagen.se/dokument/HD01FiU1.html,
2025/26,2026,10,Ekonomisk trygghet vid sjukdom och funktionsnedsättning,GOV,government,124266,,,,,https://data.riksdagen.se/dokument/HD01FiU1.html,
2025/26,2026,11,Ekonomisk trygghet vid ålderdom,GOV,government,56941,,,,,https://data.riksdagen.se/dokument/HD01FiU1.html,
2025/26,2026,12,Ekonomisk trygghet för familjer och barn,GOV,government,107667,,,,,https://data.riksdagen.se/dokument/HD01FiU1.html,
2025/26,2026,13,Integration och jämställdhet,GOV,government,2498,,,,,https://data.riksdagen.se/dokument/HD01FiU1.html,
2025/26,2026,14,Arbetsmarknad och arbetsliv,GOV,government,87523,,,,,https://data.riksdagen.se/dokument/HD01FiU1.html,
2025/26,2026,15,Studiestöd,GOV,government,37023,,,,,https://data.riksdagen.se/dokument/HD01FiU1.html,
2025/26,2026,16,Utbildning och universitetsforskning,GOV,government,106805,,,,,https://data.riksdagen.se/dokument/HD01FiU1.html,
2025/26,2026,17,"Kultur, medier, trossamfund och fritid",GOV,government,16765,,,,,https://data.riksdagen.se/dokument/HD01FiU1.html,
2025/26,2026,18,"Samhällsplanering, bostadsförsörjning och byggande samt konsumentpolitik",GOV,government,2136,,,,,https://data.riksdagen.se/dokument/HD01FiU1.html,
2025/26,2026,19,Regional utveckling,GOV,government,4189,,,,,https://data.riksdagen.se/dokument/HD01FiU1.html,
2025/26,2026,20,"Klimat, miljö och natur",GOV,government,17392,,,,,https://data.riksdagen.se/dokument/HD01FiU1.html,
2025/26,2026,21,Energi,GOV,government,8495,,,,,https://data.riksdagen.se/dokument/HD01FiU1.html,
2025/26,2026,22,Kommunikationer,GOV,government,120896,,,,,https://data.riksdagen.se/dokument/HD01FiU1.html,
2025/26,2026,23,"Areella näringar, landsbygd och livsmedel",GOV,government,20023,,,,,https://data.riksdagen.se/dokument/HD01FiU1.html,
2025/26,2026,24,Näringsliv,GOV,government,9229,,,,,https://data.riksdagen.se/dokument/HD01FiU1.html,
2025/26,2026,25,Allmänna bidrag till kommuner,GOV,government,183538,,,,,https://data.riksdagen.se/dokument/HD01FiU1.html,
2025/26,2026,26,Statsskuldsräntor m.m.,GOV,government,42655,,,,,https://data.riksdagen.se/dokument/HD01FiU1.html,
2025/26,2026,27,Avgiften till Europeiska unionen,GOV,government,62097,,,,,https://data.riksdagen.se/dokument/HD01FiU1.html,
2025/26,2026,1,Rikets styrelse,MP,party_motion,21502,,,,,https://data.riksdagen.se/dokument/HD01FiU1.html,
2025/26,2026,2,Samhällsekonomi och finansförvaltning,MP,party_motion,22645,,,,,https://data.riksdagen.se/dokument/HD01FiU1.html,
2025/26,2026,3,"Skatt, tull och exekution",MP,party_motion,16140,,,,,https://data.riksdagen.se/dokument/HD01FiU1.html,
2025/26,2026,4,Rättsväsendet,MP,party_motion,109452,,,,,https://data.riksdagen.se/dokument/HD01FiU1.html,
2025/26,2026,5,Internationell samverkan,MP,party_motion,2333,,,,,https://data.riksdagen.se/dokument/HD01FiU1.html,
2025/26,2026,6,Försvar och samhällets krisberedskap,MP,party_motion,206986,,,,,https://data.riksdagen.se/dokument/HD01FiU1.html,
2025/26,2026,7,Internationellt bistånd,MP,party_motion,69262,,,,,https://data.riksdagen.se/dokument/HD01FiU1.html,
2025/26,2026,8,Migration,MP,party_motion,11873,,,,,https://data.riksdagen.se/dokument/HD01FiU1.html,
2025/26,2026,9,"Hälsovård, sjukvård och social omsorg",MP,party_motion,124300,,,,,https://data.riksdagen.se/dokument/HD01FiU1.html,
2025/26,2026,10,Ekonomisk trygghet vid sjukdom och funktionsnedsättning,MP,party_motion,126685,,,,,https://data.riksdagen.se/dokument/HD01FiU1.html,
2025/26,2026,11,Ekonomisk trygghet vid ålderdom,MP,party_motion,56941,,,,,https://data.riksdagen.se/dokument/HD01FiU1.html,
2025/26,2026,12,Ekonomisk trygghet för familjer och barn,MP,party_motion,118350,,,,,https://data.riksdagen.se/dokument/HD01FiU1.html,
2025/26,2026,13,Integration och jämställdhet,MP,party_motion,3733,,,,,https://data.riksdagen.se/dokument/HD01FiU1.html,
2025/26,2026,14,Arbetsmarknad och arbetsliv,MP,party_motion,90988,,,,,https://data.riksdagen.se/dokument/HD01FiU1.html,
2025/26,2026,15,Studiestöd,MP,party_motion,39471,,,,,https://data.riksdagen.se/dokument/HD01FiU1.html,
2025/26,2026,16,Utbildning och universitetsforskning,MP,party_motion,110160,,,,,https://data.riksdagen.se/dokument/HD01FiU1.html,
2025/26,2026,17,"Kultur, medier, trossamfund och fritid",MP,party_motion,19260,,,,,https://data.riksdagen.se/dokument/HD01FiU1.html,
2025/26,2026,18,"Samhällsplanering, bostadsförsörjning och byggande samt konsumentpolitik",MP,party_motion,2613,,,,,https://data.riksdagen.se/dokument/HD01FiU1.html,
2025/26,2026,19,Regional utveckling,MP,party_motion,4489,,,,,https://data.riksdagen.se/dokument/HD01FiU1.html,
2025/26,2026,20,"Klimat, miljö och natur",MP,party_motion,36646,,,,,https://data.riksdagen.se/dokument/HD01FiU1.html,
2025/26,2026,21,Energi,MP,party_motion,8224,,,,,https://data.riksdagen.se/dokument/HD01FiU1.html,
2025/26,2026,22,Kommunikationer,MP,party_motion,132256,,,,,https://data.riksdagen.se/dokument/HD01FiU1.html,
2025/26,2026,23,"Areella näringar, landsbygd och livsmedel",MP,party_motion,23991,,,,,https://data.riksdagen.se/dokument/HD01FiU1.html,
2025/26,2026,24,Näringsliv,MP,party_motion,9229,,,,,https://data.riksdagen.se/dokument/HD01FiU1.html,
2025/26,2026,25,Allmänna bidrag till kommuner,MP,party_motion,180800,,,,,https://data.riksdagen.se/dokument/HD01FiU1.html,
2025/26,2026,26,Statsskuldsräntor m.m.,MP,party_motion,42655,,,,,https://data.riksdagen.se/dokument/HD01FiU1.html,
2025/26,2026,27,Avgiften till Europeiska unionen,MP,party_motion,62097,,,,,https://data.riksdagen.se/dokument/HD01FiU1.html,
2025/26,2026,1,Rikets styrelse,S,party_motion,20882,,,,,https://data.riksdagen.se/dokument/HD01FiU1.html,
2025/26,2026,2,Samhällsekonomi och finansförvaltning,S,party_motion,22661,,,,,https://data.riksdagen.se/dokument/HD01FiU1.html,
2025/26,2026,3,"Skatt, tull och exekution",S,party_motion,16215,,,,,https://data.riksdagen.se/dokument/HD01FiU1.html,
2025/26,2026,4,Rättsväsendet,S,party_motion,108246,,,,,https://data.riksdagen.se/dokument/HD01FiU1.html,
2025/26,2026,5,Internationell samverkan,S,party_motion,2336,,,,,https://data.riksdagen.se/dokument/HD01FiU1.html,
2025/26,2026,6,Försvar och samhällets krisberedskap,S,party_motion,207201,,,,,https://data.riksdagen.se/dokument/HD01FiU1.html,
2025/26,2026,7,Internationellt bistånd,S,party_motion,48072,,,,,https://data.riksdagen.se/dokument/HD01FiU1.html,
2025/26,2026,8,Migration,S,party_motion,13093,,,,,https://data.riksdagen.se/dokument/HD01FiU1.html,
2025/26,2026,9,"Hälsovård, sjukvård och social omsorg",S,party_motion,123917,,,,,https://data.riksdagen.se/dokument/HD01FiU1.html,
2025/26,2026,10,Ekonomisk trygghet vid sjukdom och funktionsnedsättning,S,party_motion,124546,,,,,https://data.riksdagen.se/dokument/HD01FiU1.html,
2025/26,2026,11,Ekonomisk trygghet vid ålderdom,S,party_motion,56941,,,,,https://data.riksdagen.se/dokument/HD01FiU1.html,
2025/26,2026,12,Ekonomisk trygghet för familjer och barn,S,party_motion,112794,,,,,https://data.riksdagen.se/dokument/HD01FiU1.html,
2025/26,2026,13,Integration och jämställdhet,S,party_motion,2548,,,,,https://data.riksdagen.se/dokument/HD01FiU1.html,
2025/26,2026,14,Arbetsmarknad och arbetsliv,S,party_motion,90328,,,,,https://data.riksdagen.se/dokument/HD01FiU1.html,
2025/26,2026,15,Studiestöd,S,party_motion,37827,,,,,https://data.riksdagen.se/dokument/HD01FiU1.html,
2025/26,2026,16,Utbildning och universitetsforskning,S,party_motion,111875,,,,,https://data.riksdagen.se/dokument/HD01FiU1.html,
2025/26,2026,17,"Kultur, medier, trossamfund och fritid",S,party_motion,17564,,,,,https://data.riksdagen.se/dokument/HD01FiU1.html,
2025/26,2026,18,"Samhällsplanering, bostadsförsörjning och byggande samt konsumentpolitik",S,party_motion,2821,,,,,https://data.riksdagen.se/dokument/HD01FiU1.html,
2025/26,2026,19,Regional utveckling,S,party_motion,4309,,,,,https://data.riksdagen.se/dokument/HD01FiU1.html,
2025/26,2026,20,"Klimat, miljö och natur",S,party_motion,18527,,,,,https://data.riksdagen.se/dokument/HD01FiU1.html,
2025/26,2026,21,Energi,S,party_motion,8595,,,,,https://data.riksdagen.se/dokument/HD01FiU1.html,
2025/26,2026,22,Kommunikationer,S,party_motion,122621,,,,,https://data.riksdagen.se/dokument/HD01FiU1.html,
2025/26,2026,23,"Areella näringar, landsbygd och livsmedel",S,party_motion,20123,,,,,https://data.riksdagen.se/dokument/HD01FiU1.html,
2025/26,2026,24,Näringsliv,S,party_motion,9679,,,,,https://data.riksdagen.se/dokument/HD01FiU1.html,
2025/26,2026,25,Allmänna bidrag till kommuner,S,party_motion,186268,,,,,https://data.riksdagen.se/dokument/HD01FiU1.html,
2025/26,2026,26,Statsskuldsräntor m.m.,S,party_motion,42655,,,,,https://data.riksdagen.se/dokument/HD01FiU1.html,
2025/26,2026,27,Avgiften till Europeiska unionen,S,party_motion,62097,,,,,https://data.riksdagen.se/dokument/HD01FiU1.html,
2025/26,2026,1,Rikets styrelse,V,party_motion,21430,,,,,https://data.riksdagen.se/dokument/HD01FiU1.html,
2025/26,2026,2,Samhällsekonomi och finansförvaltning,V,party_motion,22611,,,,,https://data.riksdagen.se/dokument/HD01FiU1.html,
2025/26,2026,3,"Skatt, tull och exekution",V,party_motion,16170,,,,,https://data.riksdagen.se/dokument/HD01FiU1.html,
2025/26,2026,4,Rättsväsendet,V,party_motion,108376,,,,,https://data.riksdagen.se/dokument/HD01FiU1.html,
2025/26,2026,5,Internationell samverkan,V,party_motion,2376,,,,,https://data.riksdagen.se/dokument/HD01FiU1.html,
2025/26,2026,6,Försvar och samhällets krisberedskap,V,party_motion,207201,,,,,https://data.riksdagen.se/dokument/HD01FiU1.html,
2025/26,2026,7,Internationellt bistånd,V,party_motion,52072,,,,,https://data.riksdagen.se/dokument/HD01FiU1.html,
2025/26,2026,8,Migration,V,party_motion,11577,,,,,https://data.riksdagen.se/dokument/HD01FiU1.html,
2025/26,2026,9,"Hälsovård, sjukvård och social omsorg",V,party_motion,122781,,,,,https://data.riksdagen.se/dokument/HD01FiU1.html,
2025/26,2026,10,Ekonomisk trygghet vid sjukdom och funktionsnedsättning,V,party_motion,129677,,,,,https://data.riksdagen.se/dokument/HD01FiU1.html,
2025/26,2026,11,Ekonomisk trygghet vid ålderdom,V,party_motion,56941,,,,,https://data.riksdagen.se/dokument/HD01FiU1.html,
2025/26,2026,12,Ekonomisk trygghet för familjer och barn,V,party_motion,119267,,,,,https://data.riksdagen.se/dokument/HD01FiU1.html,
2025/26,2026,13,Integration och jämställdhet,V,party_motion,3124,,,,,https://data.riksdagen.se/dokument/HD01FiU1.html,
2025/26,2026,14,Arbetsmarknad och arbetsliv,V,party_motion,94114,,,,,https://data.riksdagen.se/dokument/HD01FiU1.html,
2025/26,2026,15,Studiestöd,V,party_motion,37363,,,,,https://data.riksdagen.se/dokument/HD01FiU1.html,
2025/26,2026,16,Utbildning och universitetsforskning,V,party_motion,111250,,,,,https://data.riksdagen.se/dokument/HD01FiU1.html,
2025/26,2026,17,"Kultur, medier, trossamfund och fritid",V,party_motion,19205,,,,,https://data.riksdagen.se/dokument/HD01FiU1.html,
2025/26,2026,18,"Samhällsplanering, bostadsförsörjning och byggande samt konsumentpolitik",V,party_motion,7351,,,,,https://data.riksdagen.se/dokument/HD01FiU1.html,
2025/26,2026,19,Regional utveckling,V,party_motion,4259,,,,,https://data.riksdagen.se/dokument/HD01FiU1.html,
2025/26,2026,20,"Klimat, miljö och natur",V,party_motion,27504,,,,,https://data.riksdagen.se/dokument/HD01FiU1.html,
2025/26,2026,21,Energi,V,party_motion,8354,,,,,https://data.riksdagen.se/dokument/HD01FiU1.html,
2025/26,2026,22,Kommunikationer,V,party_motion,124365,,,,,https://data.riksdagen.se/dokument/HD01FiU1.html,
2025/26,2026,23,"Areella näringar, landsbygd och livsmedel",V,party_motion,22771,,,,,https://data.riksdagen.se/dokument/HD01FiU1.html,
2025/26,2026,24,Näringsliv,V,party_motion,9849,,,,,https://data.riksdagen.se/dokument/HD01FiU1.html,
2025/26,2026,25,Allmänna bidrag till kommuner,V,party_motion,190268,,,,,https://data.riksdagen.se/dokument/HD01FiU1.html,
2025/26,2026,26,Statsskuldsräntor m.m.,V,party_motion,42655,,,,,https://data.riksdagen.se/dokument/HD01FiU1.html,
2025/26,2026,27,Avgiften till Europeiska unionen,V,party_motion,62097,,,,,https://data.riksdagen.se/dokument/HD01FiU1.html,
