session,budget_year,party,expenditure_area,expenditure_area_name,amount_msek,deviation_msek,budget_share_pct,speech_keyword_occurrences,speech_attention_pct,attention_minus_budget_pp,alignment_correlation,source_url
2016/17,2017,C,1,Rikets styrelse,12923,-345,1.3756,0,0.0,-1.3756,-0.0975,https://data.riksdagen.se/dokument/H401FiU1.html
2016/17,2017,C,2,Samhällsekonomi och finansförvaltning,14757,-502,1.5708,1,0.8264,-0.7444,-0.0975,https://data.riksdagen.se/dokument/H401FiU1.html
2016/17,2017,C,3,"Skatt, tull och exekution",10880,-106,1.1581,11,9.0909,7.9328,-0.0975,https://data.riksdagen.se/dokument/H401FiU1.html
2016/17,2017,C,4,Rättsväsendet,42982,515,4.5751,1,0.8264,-3.7487,-0.0975,https://data.riksdagen.se/dokument/H401FiU1.html
2016/17,2017,C,5,Internationell samverkan,1901,-12,0.2023,0,0.0,-0.2023,-0.0975,https://data.riksdagen.se/dokument/H401FiU1.html
2016/17,2017,C,6,Försvar och samhällets krisberedskap,50249,-5,5.3486,4,3.3058,-2.0428,-0.0975,https://data.riksdagen.se/dokument/H401FiU1.html
2016/17,2017,C,7,Internationellt bistånd,35490,500,3.7777,0,0.0,-3.7777,-0.0975,https://data.riksdagen.se/dokument/H401FiU1.html
2016/17,2017,C,8,Migration,32556,-24,3.4654,6,4.9587,1.4933,-0.0975,https://data.riksdagen.se/dokument/H401FiU1.html
2016/17,2017,C,9,"Hälsovård, sjukvård och social omsorg",63532,-4964,6.7625,11,9.0909,2.3284,-0.0975,https://data.riksdagen.se/dokument/H401FiU1.html
2016/17,2017,C,10,Ekonomisk trygghet vid sjukdom och funktionsnedsättning,103097,-3955,10.9739,0,0.0,-10.9739,-0.0975,https://data.riksdagen.se/dokument/H401FiU1.html
2016/17,2017,C,11,Ekonomisk trygghet vid ålderdom,34355,-419,3.6568,0,0.0,-3.6568,-0.0975,https://data.riksdagen.se/dokument/H401FiU1.html
2016/17,2017,C,12,Ekonomisk trygghet för familjer och barn,87227,-2264,9.2847,0,0.0,-9.2847,-0.0975,https://data.riksdagen.se/dokument/H401FiU1.html
2016/17,2017,C,13,Jämställdhet och nyanlända invandrares etablering,32781,146,3.4893,9,7.438,3.9487,-0.0975,https://data.riksdagen.se/dokument/H401FiU1.html
2016/17,2017,C,14,Arbetsmarknad och arbetsliv,68395,-7262,7.2802,2,1.6529,-5.6273,-0.0975,https://data.riksdagen.se/dokument/H401FiU1.html
2016/17,2017,C,15,Studiestöd,21391,-1043,2.2769,0,0.0,-2.2769,-0.0975,https://data.riksdagen.se/dokument/H401FiU1.html
2016/17,2017,C,16,Utbildning och universitetsforskning,69657,-2724,7.4145,12,9.9174,2.5029,-0.0975,https://data.riksdagen.se/dokument/H401FiU1.html
2016/17,2017,C,17,"Kultur, medier, trossamfund och fritid",13919,-602,1.4816,1,0.8264,-0.6552,-0.0975,https://data.riksdagen.se/dokument/H401FiU1.html
2016/17,2017,C,18,"Samhällsplanering, bostadsförsörjning och byggande samt konsumentpolitik",1231,-5534,0.131,2,1.6529,1.5219,-0.0975,https://data.riksdagen.se/dokument/H401FiU1.html
2016/17,2017,C,19,Regional tillväxt,3575,-20,0.3805,0,0.0,-0.3805,-0.0975,https://data.riksdagen.se/dokument/H401FiU1.html
2016/17,2017,C,20,Allmän miljö- och naturvård,6266,-2138,0.667,21,17.3554,16.6884,-0.0975,https://data.riksdagen.se/dokument/H401FiU1.html
2016/17,2017,C,21,Energi,3021,144,0.3216,5,4.1322,3.8106,-0.0975,https://data.riksdagen.se/dokument/H401FiU1.html
2016/17,2017,C,22,Kommunikationer,54232,-883,5.7726,6,4.9587,-0.8139,-0.0975,https://data.riksdagen.se/dokument/H401FiU1.html
2016/17,2017,C,23,"Areella näringar, landsbygd och livsmedel",17259,70,1.8371,0,0.0,-1.8371,-0.0975,https://data.riksdagen.se/dokument/H401FiU1.html
2016/17,2017,C,24,Näringsliv,6045,-411,0.6434,24,19.8347,19.1913,-0.0975,https://data.riksdagen.se/dokument/H401FiU1.html
2016/17,2017,C,25,Allmänna bidrag till kommuner,105697,142,11.2507,5,4.1322,-7.1185,-0.0975,https://data.riksdagen.se/dokument/H401FiU1.html
2016/17,2017,C,26,Statsskuldsräntor m.m.,16468,0,1.7529,0,0.0,-1.7529,-0.0975,https://data.riksdagen.se/dokument/H401FiU1.html
2016/17,2017,C,27,Avgiften till Europeiska unionen,29586,0,3.1492,0,0.0,-3.1492,-0.0975,https://data.riksdagen.se/dokument/H401FiU1.html
2016/17,2017,KD,1,Rikets styrelse,12864,-404,1.357,1,2.0833,0.7263,0.1396,https://data.riksdagen.se/dokument/H401FiU1.html
2016/17,2017,KD,2,Samhällsekonomi och finansförvaltning,15089,-170,1.5917,0,0.0,-1.5917,0.1396,https://data.riksdagen.se/dokument/H401FiU1.html
2016/17,2017,KD,3,"Skatt, tull och exekution",10939,-47,1.1539,4,8.3333,7.1794,0.1396,https://data.riksdagen.se/dokument/H401FiU1.html
2016/17,2017,KD,4,Rättsväsendet,43076,609,4.544,4,8.3333,3.7893,0.1396,https://data.riksdagen.se/dokument/H401FiU1.html
2016/17,2017,KD,5,Internationell samverkan,1913,0,0.2018,0,0.0,-0.2018,0.1396,https://data.riksdagen.se/dokument/H401FiU1.html
2016/17,2017,KD,6,Försvar och samhällets krisberedskap,50294,40,5.3054,0,0.0,-5.3054,0.1396,https://data.riksdagen.se/dokument/H401FiU1.html
2016/17,2017,KD,7,Internationellt bistånd,34990,0,3.691,0,0.0,-3.691,0.1396,https://data.riksdagen.se/dokument/H401FiU1.html
2016/17,2017,KD,8,Migration,34586,2006,3.6484,0,0.0,-3.6484,0.1396,https://data.riksdagen.se/dokument/H401FiU1.html
2016/17,2017,KD,9,"Hälsovård, sjukvård och social omsorg",73075,4579,7.7085,10,20.8333,13.1248,0.1396,https://data.riksdagen.se/dokument/H401FiU1.html
2016/17,2017,KD,10,Ekonomisk trygghet vid sjukdom och funktionsnedsättning,104404,-2648,11.0133,0,0.0,-11.0133,0.1396,https://data.riksdagen.se/dokument/H401FiU1.html
2016/17,2017,KD,11,Ekonomisk trygghet vid ålderdom,36072,1298,3.8052,18,37.5,33.6948,0.1396,https://data.riksdagen.se/dokument/H401FiU1.html
2016/17,2017,KD,12,Ekonomisk trygghet för familjer och barn,92459,2968,9.7533,1,2.0833,-7.67,0.1396,https://data.riksdagen.se/dokument/H401FiU1.html
2016/17,2017,KD,13,Jämställdhet och nyanlända invandrares etablering,31333,-1302,3.3052,1,2.0833,-1.2219,0.1396,https://data.riksdagen.se/dokument/H401FiU1.html
2016/17,2017,KD,14,Arbetsmarknad och arbetsliv,69198,-6459,7.2995,0,0.0,-7.2995,0.1396,https://data.riksdagen.se/dokument/H401FiU1.html
2016/17,2017,KD,15,Studiestöd,18954,-3480,1.9994,0,0.0,-1.9994,0.1396,https://data.riksdagen.se/dokument/H401FiU1.html
2016/17,2017,KD,16,Utbildning och universitetsforskning,73025,644,7.7032,0,0.0,-7.7032,0.1396,https://data.riksdagen.se/dokument/H401FiU1.html
2016/17,2017,KD,17,"Kultur, medier, trossamfund och fritid",13966,-555,1.4732,0,0.0,-1.4732,0.1396,https://data.riksdagen.se/dokument/H401FiU1.html
2016/17,2017,KD,18,"Samhällsplanering, bostadsförsörjning och byggande samt konsumentpolitik",1161,-5604,0.1225,0,0.0,-0.1225,0.1396,https://data.riksdagen.se/dokument/H401FiU1.html
2016/17,2017,KD,19,Regional tillväxt,3599,4,0.3797,0,0.0,-0.3797,0.1396,https://data.riksdagen.se/dokument/H401FiU1.html
2016/17,2017,KD,20,Allmän miljö- och naturvård,5449,-2955,0.5748,0,0.0,-0.5748,0.1396,https://data.riksdagen.se/dokument/H401FiU1.html
2016/17,2017,KD,21,Energi,2764,-113,0.2916,0,0.0,-0.2916,0.1396,https://data.riksdagen.se/dokument/H401FiU1.html
2016/17,2017,KD,22,Kommunikationer,55467,352,5.8511,0,0.0,-5.8511,0.1396,https://data.riksdagen.se/dokument/H401FiU1.html
2016/17,2017,KD,23,"Areella näringar, landsbygd och livsmedel",17241,52,1.8187,0,0.0,-1.8187,0.1396,https://data.riksdagen.se/dokument/H401FiU1.html
2016/17,2017,KD,24,Näringsliv,5280,-1176,0.557,5,10.4167,9.8597,0.1396,https://data.riksdagen.se/dokument/H401FiU1.html
2016/17,2017,KD,25,Allmänna bidrag till kommuner,94725,-10830,9.9923,4,8.3333,-1.659,0.1396,https://data.riksdagen.se/dokument/H401FiU1.html
2016/17,2017,KD,26,Statsskuldsräntor m.m.,16468,0,1.7372,0,0.0,-1.7372,0.1396,https://data.riksdagen.se/dokument/H401FiU1.html
2016/17,2017,KD,27,Avgiften till Europeiska unionen,29586,0,3.121,0,0.0,-3.121,0.1396,https://data.riksdagen.se/dokument/H401FiU1.html
2016/17,2017,L,1,Rikets styrelse,13242,-26,1.4026,0,0.0,-1.4026,0.2913,https://data.riksdagen.se/dokument/H401FiU1.html
2016/17,2017,L,2,Samhällsekonomi och finansförvaltning,15096,-163,1.599,1,1.6667,0.0677,0.2913,https://data.riksdagen.se/dokument/H401FiU1.html
2016/17,2017,L,3,"Skatt, tull och exekution",11005,19,1.1657,0,0.0,-1.1657,0.2913,https://data.riksdagen.se/dokument/H401FiU1.html
2016/17,2017,L,4,Rättsväsendet,43279,812,4.5842,0,0.0,-4.5842,0.2913,https://data.riksdagen.se/dokument/H401FiU1.html
2016/17,2017,L,5,Internationell samverkan,1913,0,0.2026,0,0.0,-0.2026,0.2913,https://data.riksdagen.se/dokument/H401FiU1.html
2016/17,2017,L,6,Försvar och samhällets krisberedskap,52221,1967,5.5313,1,1.6667,-3.8646,0.2913,https://data.riksdagen.se/dokument/H401FiU1.html
2016/17,2017,L,7,Internationellt bistånd,35454,464,3.7553,0,0.0,-3.7553,0.2913,https://data.riksdagen.se/dokument/H401FiU1.html
2016/17,2017,L,8,Migration,32111,-469,3.4012,3,5.0,1.5988,0.2913,https://data.riksdagen.se/dokument/H401FiU1.html
2016/17,2017,L,9,"Hälsovård, sjukvård och social omsorg",67974,-522,7.1999,7,11.6667,4.4668,0.2913,https://data.riksdagen.se/dokument/H401FiU1.html
2016/17,2017,L,10,Ekonomisk trygghet vid sjukdom och funktionsnedsättning,102095,-4957,10.814,1,1.6667,-9.1473,0.2913,https://data.riksdagen.se/dokument/H401FiU1.html
2016/17,2017,L,11,Ekonomisk trygghet vid ålderdom,35073,299,3.715,1,1.6667,-2.0483,0.2913,https://data.riksdagen.se/dokument/H401FiU1.html
2016/17,2017,L,12,Ekonomisk trygghet för familjer och barn,89496,5,9.4795,0,0.0,-9.4795,0.2913,https://data.riksdagen.se/dokument/H401FiU1.html
2016/17,2017,L,13,Jämställdhet och nyanlända invandrares etablering,33229,594,3.5197,15,25.0,21.4803,0.2913,https://data.riksdagen.se/dokument/H401FiU1.html
2016/17,2017,L,14,Arbetsmarknad och arbetsliv,69105,-6552,7.3197,8,13.3333,6.0136,0.2913,https://data.riksdagen.se/dokument/H401FiU1.html
2016/17,2017,L,15,Studiestöd,21153,-1281,2.2406,0,0.0,-2.2406,0.2913,https://data.riksdagen.se/dokument/H401FiU1.html
2016/17,2017,L,16,Utbildning och universitetsforskning,71744,-637,7.5992,11,18.3333,10.7341,0.2913,https://data.riksdagen.se/dokument/H401FiU1.html
2016/17,2017,L,17,"Kultur, medier, trossamfund och fritid",13923,-598,1.4747,0,0.0,-1.4747,0.2913,https://data.riksdagen.se/dokument/H401FiU1.html
2016/17,2017,L,18,"Samhällsplanering, bostadsförsörjning och byggande samt konsumentpolitik",1172,-5593,0.1241,0,0.0,-0.1241,0.2913,https://data.riksdagen.se/dokument/H401FiU1.html
2016/17,2017,L,19,Regional tillväxt,3507,-88,0.3715,0,0.0,-0.3715,0.2913,https://data.riksdagen.se/dokument/H401FiU1.html
2016/17,2017,L,20,Allmän miljö- och naturvård,6103,-2301,0.6464,0,0.0,-0.6464,0.2913,https://data.riksdagen.se/dokument/H401FiU1.html
2016/17,2017,L,21,Energi,2571,-306,0.2723,8,13.3333,13.061,0.2913,https://data.riksdagen.se/dokument/H401FiU1.html
2016/17,2017,L,22,Kommunikationer,54463,-652,5.7688,0,0.0,-5.7688,0.2913,https://data.riksdagen.se/dokument/H401FiU1.html
2016/17,2017,L,23,"Areella näringar, landsbygd och livsmedel",16978,-211,1.7983,0,0.0,-1.7983,0.2913,https://data.riksdagen.se/dokument/H401FiU1.html
2016/17,2017,L,24,Näringsliv,5514,-942,0.5841,0,0.0,-0.5841,0.2913,https://data.riksdagen.se/dokument/H401FiU1.html
2016/17,2017,L,25,Allmänna bidrag till kommuner,99621,-5934,10.552,4,6.6667,-3.8853,0.2913,https://data.riksdagen.se/dokument/H401FiU1.html
2016/17,2017,L,26,Statsskuldsräntor m.m.,16468,0,1.7443,0,0.0,-1.7443,0.2913,https://data.riksdagen.se/dokument/H401FiU1.html
2016/17,2017,L,27,Avgiften till Europeiska unionen,29586,0,3.1338,0,0.0,-3.1338,0.2913,https://data.riksdagen.se/dokument/H401FiU1.html
2016/17,2017,M,1,Rikets styrelse,13070,-198,1.3736,0,0.0,-1.3736,-0.0884,https://data.riksdagen.se/dokument/H401FiU1.html
2016/17,2017,M,2,Samhällsekonomi och finansförvaltning,15089,-170,1.5858,2,5.5556,3.9698,-0.0884,https://data.riksdagen.se/dokument/H401FiU1.html
2016/17,2017,M,3,"Skatt, tull och exekution",10974,-12,1.1534,4,11.1111,9.9577,-0.0884,https://data.riksdagen.se/dokument/H401FiU1.html
2016/17,2017,M,4,Rättsväsendet,43523,1056,4.5742,1,2.7778,-1.7964,-0.0884,https://data.riksdagen.se/dokument/H401FiU1.html
2016/17,2017,M,5,Internationell samverkan,1913,0,0.2011,0,0.0,-0.2011,-0.0884,https://data.riksdagen.se/dokument/H401FiU1.html
2016/17,2017,M,6,Försvar och samhällets krisberedskap,50254,0,5.2817,2,5.5556,0.2739,-0.0884,https://data.riksdagen.se/dokument/H401FiU1.html
2016/17,2017,M,7,Internationellt bistånd,33592,-1398,3.5305,0,0.0,-3.5305,-0.0884,https://data.riksdagen.se/dokument/H401FiU1.html
2016/17,2017,M,8,Migration,32072,-508,3.3707,1,2.7778,-0.5929,-0.0884,https://data.riksdagen.se/dokument/H401FiU1.html
2016/17,2017,M,9,"Hälsovård, sjukvård och social omsorg",68060,-436,7.1531,1,2.7778,-4.3753,-0.0884,https://data.riksdagen.se/dokument/H401FiU1.html
2016/17,2017,M,10,Ekonomisk trygghet vid sjukdom och funktionsnedsättning,102369,-4683,10.7589,0,0.0,-10.7589,-0.0884,https://data.riksdagen.se/dokument/H401FiU1.html
2016/17,2017,M,11,Ekonomisk trygghet vid ålderdom,34972,198,3.6755,1,2.7778,-0.8977,-0.0884,https://data.riksdagen.se/dokument/H401FiU1.html
2016/17,2017,M,12,Ekonomisk trygghet för familjer och barn,88784,-707,9.3311,0,0.0,-9.3311,-0.0884,https://data.riksdagen.se/dokument/H401FiU1.html
2016/17,2017,M,13,Jämställdhet och nyanlända invandrares etablering,32546,-89,3.4206,5,13.8889,10.4683,-0.0884,https://data.riksdagen.se/dokument/H401FiU1.html
2016/17,2017,M,14,Arbetsmarknad och arbetsliv,72028,-3629,7.5701,1,2.7778,-4.7923,-0.0884,https://data.riksdagen.se/dokument/H401FiU1.html
2016/17,2017,M,15,Studiestöd,22583,149,2.3735,0,0.0,-2.3735,-0.0884,https://data.riksdagen.se/dokument/H401FiU1.html
2016/17,2017,M,16,Utbildning och universitetsforskning,72392,11,7.6083,4,11.1111,3.5028,-0.0884,https://data.riksdagen.se/dokument/H401FiU1.html
2016/17,2017,M,17,"Kultur, medier, trossamfund och fritid",14042,-479,1.4758,0,0.0,-1.4758,-0.0884,https://data.riksdagen.se/dokument/H401FiU1.html
2016/17,2017,M,18,"Samhällsplanering, bostadsförsörjning och byggande samt konsumentpolitik",1229,-5536,0.1292,0,0.0,-0.1292,-0.0884,https://data.riksdagen.se/dokument/H401FiU1.html
2016/17,2017,M,19,Regional tillväxt,3595,0,0.3778,0,0.0,-0.3778,-0.0884,https://data.riksdagen.se/dokument/H401FiU1.html
2016/17,2017,M,20,Allmän miljö- och naturvård,6288,-2116,0.6609,4,11.1111,10.4502,-0.0884,https://data.riksdagen.se/dokument/H401FiU1.html
2016/17,2017,M,21,Energi,2456,-421,0.2581,5,13.8889,13.6308,-0.0884,https://data.riksdagen.se/dokument/H401FiU1.html
2016/17,2017,M,22,Kommunikationer,54695,-420,5.7484,0,0.0,-5.7484,-0.0884,https://data.riksdagen.se/dokument/H401FiU1.html
2016/17,2017,M,23,"Areella näringar, landsbygd och livsmedel",16887,-302,1.7748,0,0.0,-1.7748,-0.0884,https://data.riksdagen.se/dokument/H401FiU1.html
2016/17,2017,M,24,Näringsliv,6055,-401,0.6364,3,8.3333,7.6969,-0.0884,https://data.riksdagen.se/dokument/H401FiU1.html
2016/17,2017,M,25,Allmänna bidrag till kommuner,105959,404,11.1362,2,5.5556,-5.5806,-0.0884,https://data.riksdagen.se/dokument/H401FiU1.html
2016/17,2017,M,26,Statsskuldsräntor m.m.,16468,0,1.7308,0,0.0,-1.7308,-0.0884,https://data.riksdagen.se/dokument/H401FiU1.html
2016/17,2017,M,27,Avgiften till Europeiska unionen,29586,0,3.1095,0,0.0,-3.1095,-0.0884,https://data.riksdagen.se/dokument/H401FiU1.html
2016/17,2017,SD,1,Rikets styrelse,12658,-610,1.3571,1,2.0,0.6429,0.0191,https://data.riksdagen.se/dokument/H401FiU1.html
2016/17,2017,SD,2,Samhällsekonomi och finansförvaltning,15451,192,1.6566,1,2.0,0.3434,0.0191,https://data.riksdagen.se/dokument/H401FiU1.html
2016/17,2017,SD,3,"Skatt, tull och exekution",11361,375,1.2181,2,4.0,2.7819,0.0191,https://data.riksdagen.se/dokument/H401FiU1.html
2016/17,2017,SD,4,Rättsväsendet,45134,2667,4.8391,3,6.0,1.1609,0.0191,https://data.riksdagen.se/dokument/H401FiU1.html
2016/17,2017,SD,5,Internationell samverkan,2754,841,0.2953,0,0.0,-0.2953,0.0191,https://data.riksdagen.se/dokument/H401FiU1.html
2016/17,2017,SD,6,Försvar och samhällets krisberedskap,52346,2092,5.6123,3,6.0,0.3877,0.0191,https://data.riksdagen.se/dokument/H401FiU1.html
2016/17,2017,SD,7,Internationellt bistånd,36040,1050,3.864,2,4.0,0.136,0.0191,https://data.riksdagen.se/dokument/H401FiU1.html
2016/17,2017,SD,8,Migration,20060,-12520,2.1507,7,14.0,11.8493,0.0191,https://data.riksdagen.se/dokument/H401FiU1.html
2016/17,2017,SD,9,"Hälsovård, sjukvård och social omsorg",71240,2744,7.638,2,4.0,-3.638,0.0191,https://data.riksdagen.se/dokument/H401FiU1.html
2016/17,2017,SD,10,Ekonomisk trygghet vid sjukdom och funktionsnedsättning,111462,4410,11.9505,0,0.0,-11.9505,0.0191,https://data.riksdagen.se/dokument/H401FiU1.html
2016/17,2017,SD,11,Ekonomisk trygghet vid ålderdom,39941,5167,4.2823,6,12.0,7.7177,0.0191,https://data.riksdagen.se/dokument/H401FiU1.html
2016/17,2017,SD,12,Ekonomisk trygghet för familjer och barn,88984,-507,9.5405,0,0.0,-9.5405,0.0191,https://data.riksdagen.se/dokument/H401FiU1.html
2016/17,2017,SD,13,Jämställdhet och nyanlända invandrares etablering,15887,-16748,1.7033,3,6.0,4.2967,0.0191,https://data.riksdagen.se/dokument/H401FiU1.html
2016/17,2017,SD,14,Arbetsmarknad och arbetsliv,78129,2472,8.3766,3,6.0,-2.3766,0.0191,https://data.riksdagen.se/dokument/H401FiU1.html
2016/17,2017,SD,15,Studiestöd,22834,400,2.4482,0,0.0,-2.4482,0.0191,https://data.riksdagen.se/dokument/H401FiU1.html
2016/17,2017,SD,16,Utbildning och universitetsforskning,71034,-1347,7.6159,1,2.0,-5.6159,0.0191,https://data.riksdagen.se/dokument/H401FiU1.html
2016/17,2017,SD,17,"Kultur, medier, trossamfund och fritid",14625,104,1.568,0,0.0,-1.568,0.0191,https://data.riksdagen.se/dokument/H401FiU1.html
2016/17,2017,SD,18,"Samhällsplanering, bostadsförsörjning och byggande samt konsumentpolitik",2390,-4375,0.2562,1,2.0,1.7438,0.0191,https://data.riksdagen.se/dokument/H401FiU1.html
2016/17,2017,SD,19,Regional tillväxt,3595,0,0.3854,1,2.0,1.6146,0.0191,https://data.riksdagen.se/dokument/H401FiU1.html
2016/17,2017,SD,20,Allmän miljö- och naturvård,6122,-2282,0.6564,1,2.0,1.3436,0.0191,https://data.riksdagen.se/dokument/H401FiU1.html
2016/17,2017,SD,21,Energi,2522,-355,0.2704,1,2.0,1.7296,0.0191,https://data.riksdagen.se/dokument/H401FiU1.html
2016/17,2017,SD,22,Kommunikationer,57273,2158,6.1406,0,0.0,-6.1406,0.0191,https://data.riksdagen.se/dokument/H401FiU1.html
2016/17,2017,SD,23,"Areella näringar, landsbygd och livsmedel",19197,2008,2.0582,1,2.0,-0.0582,0.0191,https://data.riksdagen.se/dokument/H401FiU1.html
2016/17,2017,SD,24,Näringsliv,6015,-441,0.6449,6,12.0,11.3551,0.0191,https://data.riksdagen.se/dokument/H401FiU1.html
2016/17,2017,SD,25,Allmänna bidrag till kommuner,79593,-25962,8.5336,5,10.0,1.4664,0.0191,https://data.riksdagen.se/dokument/H401FiU1.html
2016/17,2017,SD,26,Statsskuldsräntor m.m.,16468,0,1.7656,0,0.0,-1.7656,0.0191,https://data.riksdagen.se/dokument/H401FiU1.html
2016/17,2017,SD,27,Avgiften till Europeiska unionen,29586,0,3.1721,0,0.0,-3.1721,0.0191,https://data.riksdagen.se/dokument/H401FiU1.html
2017/18,2018,C,1,Rikets styrelse,14108,-423,1.932,0,0.0,-1.932,-0.0678,https://data.riksdagen.se/dokument/H501FiU1.html
2017/18,2018,C,2,Samhällsekonomi och finansförvaltning,16274,-12,2.2286,2,3.2787,1.0501,-0.0678,https://data.riksdagen.se/dokument/H501FiU1.html
2017/18,2018,C,3,"Skatt, tull och exekution",11257,-142,1.5416,5,8.1967,6.6551,-0.0678,https://data.riksdagen.se/dokument/H501FiU1.html
2017/18,2018,C,4,Rättsväsendet,46427,650,6.3578,0,0.0,-6.3578,-0.0678,https://data.riksdagen.se/dokument/H501FiU1.html
2017/18,2018,C,5,Internationell samverkan,2020,11,0.2766,0,0.0,-0.2766,-0.0678,https://data.riksdagen.se/dokument/H501FiU1.html
2017/18,2018,C,6,Försvar och samhällets krisberedskap,53836,0,7.3724,0,0.0,-7.3724,-0.0678,https://data.riksdagen.se/dokument/H501FiU1.html
2017/18,2018,C,7,Internationellt bistånd,42985,0,5.8865,0,0.0,-5.8865,-0.0678,https://data.riksdagen.se/dokument/H501FiU1.html
2017/18,2018,C,8,Migration,15703,-45,2.1504,2,3.2787,1.1283,-0.0678,https://data.riksdagen.se/dokument/H501FiU1.html
2017/18,2018,C,9,"Hälsovård, sjukvård och social omsorg",78244,548,10.7149,4,6.5574,-4.1575,-0.0678,https://data.riksdagen.se/dokument/H501FiU1.html
2017/18,2018,C,10,Ekonomisk trygghet vid sjukdom och,103389,774,14.1584,1,1.6393,-12.5191,-0.0678,https://data.riksdagen.se/dokument/H501FiU1.html
2017/18,2018,C,11,Ekonomisk trygghet vid ålderdom,34781,145,4.763,2,3.2787,-1.4843,-0.0678,https://data.riksdagen.se/dokument/H501FiU1.html
2017/18,2018,C,12,Ekonomisk trygghet för familjer och barn,93283,-1303,12.7744,0,0.0,-12.7744,-0.0678,https://data.riksdagen.se/dokument/H501FiU1.html
2017/18,2018,C,13,Jämställdhet och nyanlända invandrares etablering,25195,-405,3.4503,10,16.3934,12.9431,-0.0678,https://data.riksdagen.se/dokument/H501FiU1.html
2017/18,2018,C,14,Arbetsmarknad och arbetsliv,62089,-11995,8.5026,3,4.918,-3.5846,-0.0678,https://data.riksdagen.se/dokument/H501FiU1.html
2017/18,2018,C,15,Studiestöd,22831,-1522,3.1265,0,0.0,-3.1265,-0.0678,https://data.riksdagen.se/dokument/H501FiU1.html
2017/18,2018,C,16,Utbildning och universitetsforskning,74235,-3731,10.1659,10,16.3934,6.2275,-0.0678,https://data.riksdagen.se/dokument/H501FiU1.html
2017/18,2018,C,17,"Kultur, medier, trossamfund och fritid",14978,-902,2.0511,1,1.6393,-0.4118,-0.0678,https://data.riksdagen.se/dokument/H501FiU1.html
2017/18,2018,C,18,"Samhällsplanering, bostadsförsörjning och byggande samt",2895,-4057,0.3964,1,1.6393,1.2429,-0.0678,https://data.riksdagen.se/dokument/H501FiU1.html
2017/18,2018,C,19,Regional tillväxt,3922,0,0.5371,1,1.6393,1.1022,-0.0678,https://data.riksdagen.se/dokument/H501FiU1.html
2017/18,2018,C,20,Allmän miljö- och naturvård,8343,-2430,1.1425,15,24.5902,23.4477,-0.0678,https://data.riksdagen.se/dokument/H501FiU1.html
2017/18,2018,C,21,Energi,3438,-150,0.4708,4,6.5574,6.0866,-0.0678,https://data.riksdagen.se/dokument/H501FiU1.html
2017/18,2018,KD,1,Rikets styrelse,14280,-251,1.9396,0,0.0,-1.9396,0.3232,https://data.riksdagen.se/dokument/H501FiU1.html
2017/18,2018,KD,2,Samhällsekonomi och finansförvaltning,16129,-157,2.1907,0,0.0,-2.1907,0.3232,https://data.riksdagen.se/dokument/H501FiU1.html
2017/18,2018,KD,3,"Skatt, tull och exekution",11348,-51,1.5413,0,0.0,-1.5413,0.3232,https://data.riksdagen.se/dokument/H501FiU1.html
2017/18,2018,KD,4,Rättsväsendet,48601,2824,6.6012,0,0.0,-6.6012,0.3232,https://data.riksdagen.se/dokument/H501FiU1.html
2017/18,2018,KD,5,Internationell samverkan,1997,-12,0.2712,1,3.3333,3.0621,0.3232,https://data.riksdagen.se/dokument/H501FiU1.html
2017/18,2018,KD,6,Försvar och samhällets krisberedskap,55023,1187,7.4735,0,0.0,-7.4735,0.3232,https://data.riksdagen.se/dokument/H501FiU1.html
2017/18,2018,KD,7,Internationellt bistånd,42994,9,5.8396,0,0.0,-5.8396,0.3232,https://data.riksdagen.se/dokument/H501FiU1.html
2017/18,2018,KD,8,Migration,17261,1513,2.3445,0,0.0,-2.3445,0.3232,https://data.riksdagen.se/dokument/H501FiU1.html
2017/18,2018,KD,9,"Hälsovård, sjukvård och social omsorg",78811,1115,10.7045,24,80.0,69.2955,0.3232,https://data.riksdagen.se/dokument/H501FiU1.html
2017/18,2018,KD,10,Ekonomisk trygghet vid sjukdom och,96401,-6214,13.0936,1,3.3333,-9.7603,0.3232,https://data.riksdagen.se/dokument/H501FiU1.html
2017/18,2018,KD,11,Ekonomisk trygghet vid ålderdom,34279,-357,4.6559,2,6.6667,2.0108,0.3232,https://data.riksdagen.se/dokument/H501FiU1.html
2017/18,2018,KD,12,Ekonomisk trygghet för familjer och barn,97343,2757,13.2215,0,0.0,-13.2215,0.3232,https://data.riksdagen.se/dokument/H501FiU1.html
2017/18,2018,KD,13,Jämställdhet och nyanlända invandrares etablering,24668,-932,3.3505,0,0.0,-3.3505,0.3232,https://data.riksdagen.se/dokument/H501FiU1.html
2017/18,2018,KD,14,Arbetsmarknad och arbetsliv,65942,-8142,8.9565,1,3.3333,-5.6232,0.3232,https://data.riksdagen.se/dokument/H501FiU1.html
2017/18,2018,KD,15,Studiestöd,20541,-3812,2.79,0,0.0,-2.79,0.3232,https://data.riksdagen.se/dokument/H501FiU1.html
2017/18,2018,KD,16,Utbildning och universitetsforskning,79338,1372,10.776,0,0.0,-10.776,0.3232,https://data.riksdagen.se/dokument/H501FiU1.html
2017/18,2018,KD,17,"Kultur, medier, trossamfund och fritid",15057,-823,2.0451,0,0.0,-2.0451,0.3232,https://data.riksdagen.se/dokument/H501FiU1.html
2017/18,2018,KD,18,"Samhällsplanering, bostadsförsörjning och byggande samt",2815,-4137,0.3823,1,3.3333,2.951,0.3232,https://data.riksdagen.se/dokument/H501FiU1.html
2017/18,2018,KD,19,Regional tillväxt,3309,-613,0.4494,0,0.0,-0.4494,0.3232,https://data.riksdagen.se/dokument/H501FiU1.html
2017/18,2018,KD,20,Allmän miljö- och naturvård,7203,-3570,0.9783,0,0.0,-0.9783,0.3232,https://data.riksdagen.se/dokument/H501FiU1.html
2017/18,2018,KD,21,Energi,2905,-683,0.3946,0,0.0,-0.3946,0.3232,https://data.riksdagen.se/dokument/H501FiU1.html
2017/18,2018,L,1,Rikets styrelse,14431,-100,2.0215,2,2.9412,0.9197,0.2263,https://data.riksdagen.se/dokument/H501FiU1.html
2017/18,2018,L,2,Samhällsekonomi och finansförvaltning,15957,-329,2.2352,6,8.8235,6.5883,0.2263,https://data.riksdagen.se/dokument/H501FiU1.html
2017/18,2018,L,3,"Skatt, tull och exekution",11408,9,1.598,10,14.7059,13.1079,0.2263,https://data.riksdagen.se/dokument/H501FiU1.html
2017/18,2018,L,4,Rättsväsendet,46715,938,6.5437,1,1.4706,-5.0731,0.2263,https://data.riksdagen.se/dokument/H501FiU1.html
2017/18,2018,L,5,Internationell samverkan,1945,-64,0.2725,0,0.0,-0.2725,0.2263,https://data.riksdagen.se/dokument/H501FiU1.html
2017/18,2018,L,6,Försvar och samhällets krisberedskap,53833,-3,7.5408,3,4.4118,-3.129,0.2263,https://data.riksdagen.se/dokument/H501FiU1.html
2017/18,2018,L,7,Internationellt bistånd,42985,0,6.0212,0,0.0,-6.0212,0.2263,https://data.riksdagen.se/dokument/H501FiU1.html
2017/18,2018,L,8,Migration,15399,-349,2.1571,1,1.4706,-0.6865,0.2263,https://data.riksdagen.se/dokument/H501FiU1.html
2017/18,2018,L,9,"Hälsovård, sjukvård och social omsorg",69871,-7825,9.7873,0,0.0,-9.7873,0.2263,https://data.riksdagen.se/dokument/H501FiU1.html
2017/18,2018,L,10,Ekonomisk trygghet vid sjukdom och,93820,-8795,13.1421,1,1.4706,-11.6715,0.2263,https://data.riksdagen.se/dokument/H501FiU1.html
2017/18,2018,L,11,Ekonomisk trygghet vid ålderdom,33851,-785,4.7418,0,0.0,-4.7418,0.2263,https://data.riksdagen.se/dokument/H501FiU1.html
2017/18,2018,L,12,Ekonomisk trygghet för familjer och barn,95059,473,13.3156,0,0.0,-13.3156,0.2263,https://data.riksdagen.se/dokument/H501FiU1.html
2017/18,2018,L,13,Jämställdhet och nyanlända invandrares etablering,26899,1299,3.7679,7,10.2941,6.5262,0.2263,https://data.riksdagen.se/dokument/H501FiU1.html
2017/18,2018,L,14,Arbetsmarknad och arbetsliv,62107,-11977,8.6998,7,10.2941,1.5943,0.2263,https://data.riksdagen.se/dokument/H501FiU1.html
2017/18,2018,L,15,Studiestöd,20434,-3919,2.8623,0,0.0,-2.8623,0.2263,https://data.riksdagen.se/dokument/H501FiU1.html
2017/18,2018,L,16,Utbildning och universitetsforskning,77323,-643,10.8312,24,35.2941,24.4629,0.2263,https://data.riksdagen.se/dokument/H501FiU1.html
2017/18,2018,L,17,"Kultur, medier, trossamfund och fritid",15213,-667,2.131,1,1.4706,-0.6604,0.2263,https://data.riksdagen.se/dokument/H501FiU1.html
2017/18,2018,L,18,"Samhällsplanering, bostadsförsörjning och byggande samt",2873,-4079,0.4024,0,0.0,-0.4024,0.2263,https://data.riksdagen.se/dokument/H501FiU1.html
2017/18,2018,L,19,Regional tillväxt,3415,-507,0.4784,0,0.0,-0.4784,0.2263,https://data.riksdagen.se/dokument/H501FiU1.html
2017/18,2018,L,20,Allmän miljö- och naturvård,7665,-3108,1.0737,4,5.8824,4.8087,0.2263,https://data.riksdagen.se/dokument/H501FiU1.html
2017/18,2018,L,21,Energi,2688,-900,0.3765,1,1.4706,1.0941,0.2263,https://data.riksdagen.se/dokument/H501FiU1.html
2017/18,2018,M,1,Rikets styrelse,14360,-171,2.0026,0,0.0,-2.0026,0.0568,https://data.riksdagen.se/dokument/H501FiU1.html
2017/18,2018,M,2,Samhällsekonomi och finansförvaltning,16185,-101,2.2571,1,2.9412,0.6841,0.0568,https://data.riksdagen.se/dokument/H501FiU1.html
2017/18,2018,M,3,"Skatt, tull och exekution",11444,45,1.5959,3,8.8235,7.2276,0.0568,https://data.riksdagen.se/dokument/H501FiU1.html
2017/18,2018,M,4,Rättsväsendet,46138,361,6.4342,3,8.8235,2.3893,0.0568,https://data.riksdagen.se/dokument/H501FiU1.html
2017/18,2018,M,5,Internationell samverkan,2009,0,0.2802,0,0.0,-0.2802,0.0568,https://data.riksdagen.se/dokument/H501FiU1.html
2017/18,2018,M,6,Försvar och samhällets krisberedskap,53836,0,7.5077,1,2.9412,-4.5665,0.0568,https://data.riksdagen.se/dokument/H501FiU1.html
2017/18,2018,M,7,Internationellt bistånd,39562,-3423,5.5171,0,0.0,-5.5171,0.0568,https://data.riksdagen.se/dokument/H501FiU1.html
2017/18,2018,M,8,Migration,15172,-576,2.1158,5,14.7059,12.5901,0.0568,https://data.riksdagen.se/dokument/H501FiU1.html
2017/18,2018,M,9,"Hälsovård, sjukvård och social omsorg",76239,-1457,10.6319,3,8.8235,-1.8084,0.0568,https://data.riksdagen.se/dokument/H501FiU1.html
2017/18,2018,M,10,Ekonomisk trygghet vid sjukdom och,93213,-9402,12.9991,0,0.0,-12.9991,0.0568,https://data.riksdagen.se/dokument/H501FiU1.html
2017/18,2018,M,11,Ekonomisk trygghet vid ålderdom,34236,-400,4.7744,3,8.8235,4.0491,0.0568,https://data.riksdagen.se/dokument/H501FiU1.html
2017/18,2018,M,12,Ekonomisk trygghet för familjer och barn,94302,-284,13.1509,0,0.0,-13.1509,0.0568,https://data.riksdagen.se/dokument/H501FiU1.html
2017/18,2018,M,13,Jämställdhet och nyanlända invandrares etablering,25245,-355,3.5206,8,23.5294,20.0088,0.0568,https://data.riksdagen.se/dokument/H501FiU1.html
2017/18,2018,M,14,Arbetsmarknad och arbetsliv,65571,-8513,9.1442,0,0.0,-9.1442,0.0568,https://data.riksdagen.se/dokument/H501FiU1.html
2017/18,2018,M,15,Studiestöd,22916,-1437,3.1958,0,0.0,-3.1958,0.0568,https://data.riksdagen.se/dokument/H501FiU1.html
2017/18,2018,M,16,Utbildning och universitetsforskning,75373,-2593,10.5112,5,14.7059,4.1947,0.0568,https://data.riksdagen.se/dokument/H501FiU1.html
2017/18,2018,M,17,"Kultur, medier, trossamfund och fritid",14658,-1222,2.0441,0,0.0,-2.0441,0.0568,https://data.riksdagen.se/dokument/H501FiU1.html
2017/18,2018,M,18,"Samhällsplanering, bostadsförsörjning och byggande samt",2897,-4055,0.404,0,0.0,-0.404,0.0568,https://data.riksdagen.se/dokument/H501FiU1.html
2017/18,2018,M,19,Regional tillväxt,3880,-42,0.5411,0,0.0,-0.5411,0.0568,https://data.riksdagen.se/dokument/H501FiU1.html
2017/18,2018,M,20,Allmän miljö- och naturvård,7486,-3287,1.044,1,2.9412,1.8972,0.0568,https://data.riksdagen.se/dokument/H501FiU1.html
2017/18,2018,M,21,Energi,2353,-1235,0.3281,1,2.9412,2.6131,0.0568,https://data.riksdagen.se/dokument/H501FiU1.html
2017/18,2018,SD,1,Rikets styrelse,13895,-636,2.0118,0,0.0,-2.0118,0.1766,https://data.riksdagen.se/dokument/H501FiU1.html
2017/18,2018,SD,3,"Skatt, tull och exekution",11753,354,1.7016,4,15.3846,13.683,0.1766,https://data.riksdagen.se/dokument/H501FiU1.html
2017/18,2018,SD,4,Rättsväsendet,45779,2,6.628,2,7.6923,1.0643,0.1766,https://data.riksdagen.se/dokument/H501FiU1.html
2017/18,2018,SD,5,Internationell samverkan,2010,1,0.291,0,0.0,-0.291,0.1766,https://data.riksdagen.se/dokument/H501FiU1.html
2017/18,2018,SD,6,Försvar och samhällets krisberedskap,53840,4,7.7951,0,0.0,-7.7951,0.1766,https://data.riksdagen.se/dokument/H501FiU1.html
2017/18,2018,SD,7,Internationellt bistånd,43235,250,6.2597,0,0.0,-6.2597,0.1766,https://data.riksdagen.se/dokument/H501FiU1.html
2017/18,2018,SD,8,Migration,9951,-5797,1.4407,2,7.6923,6.2516,0.1766,https://data.riksdagen.se/dokument/H501FiU1.html
2017/18,2018,SD,9,"Hälsovård, sjukvård och social omsorg",77699,3,11.2495,8,30.7692,19.5197,0.1766,https://data.riksdagen.se/dokument/H501FiU1.html
2017/18,2018,SD,10,Ekonomisk trygghet vid sjukdom och,102617,2,14.8572,0,0.0,-14.8572,0.1766,https://data.riksdagen.se/dokument/H501FiU1.html
2017/18,2018,SD,11,Ekonomisk trygghet vid ålderdom,34640,4,5.0153,5,19.2308,14.2155,0.1766,https://data.riksdagen.se/dokument/H501FiU1.html
2017/18,2018,SD,12,Ekonomisk trygghet för familjer och barn,91365,-3221,13.2281,0,0.0,-13.2281,0.1766,https://data.riksdagen.se/dokument/H501FiU1.html
2017/18,2018,SD,13,Jämställdhet och nyanlända invandrares etablering,10151,-15449,1.4697,1,3.8462,2.3765,0.1766,https://data.riksdagen.se/dokument/H501FiU1.html
2017/18,2018,SD,14,Arbetsmarknad och arbetsliv,63575,-10509,9.2046,2,7.6923,-1.5123,0.1766,https://data.riksdagen.se/dokument/H501FiU1.html
2017/18,2018,SD,15,Studiestöd,23778,-575,3.4426,0,0.0,-3.4426,0.1766,https://data.riksdagen.se/dokument/H501FiU1.html
2017/18,2018,SD,16,Utbildning och universitetsforskning,78434,468,11.3559,1,3.8462,-7.5097,0.1766,https://data.riksdagen.se/dokument/H501FiU1.html
2017/18,2018,SD,17,"Kultur, medier, trossamfund och fritid",15350,-530,2.2224,0,0.0,-2.2224,0.1766,https://data.riksdagen.se/dokument/H501FiU1.html
2017/18,2018,SD,18,"Samhällsplanering, bostadsförsörjning och byggande samt",2602,-4350,0.3767,1,3.8462,3.4695,0.1766,https://data.riksdagen.se/dokument/H501FiU1.html
2017/18,2018,SD,20,Allmän miljö- och naturvård,7333,-3440,1.0617,0,0.0,-1.0617,0.1766,https://data.riksdagen.se/dokument/H501FiU1.html
2017/18,2018,SD,21,Energi,2683,-905,0.3885,0,0.0,-0.3885,0.1766,https://data.riksdagen.se/dokument/H501FiU1.html
2018/19,2019,C,1,Rikets styrelse,14912,10,1.7749,5,7.6923,5.9174,-0.1629,https://data.riksdagen.se/dokument/H601FiU1.html
2018/19,2019,C,2,Samhällsekonomi och finansförvaltning,17191,-124,2.0461,0,0.0,-2.0461,-0.1629,https://data.riksdagen.se/dokument/H601FiU1.html
2018/19,2019,C,3,"Skatt, tull och exekution",11413,10,1.3584,3,4.6154,3.257,-0.1629,https://data.riksdagen.se/dokument/H601FiU1.html
2018/19,2019,C,4,Rättsväsendet,47112,769,5.6074,0,0.0,-5.6074,-0.1629,https://data.riksdagen.se/dokument/H601FiU1.html
2018/19,2019,C,5,Internationell samverkan,2382,20,0.2835,0,0.0,-0.2835,-0.1629,https://data.riksdagen.se/dokument/H601FiU1.html
2018/19,2019,C,6,Försvar och samhällets krisberedskap,56692,501,6.7477,5,7.6923,0.9446,-0.1629,https://data.riksdagen.se/dokument/H601FiU1.html
2018/19,2019,C,7,Internationellt bistånd,44945,0,5.3495,0,0.0,-5.3495,-0.1629,https://data.riksdagen.se/dokument/H601FiU1.html
2018/19,2019,C,8,Migration,12303,-1270,1.4643,0,0.0,-1.4643,-0.1629,https://data.riksdagen.se/dokument/H601FiU1.html
2018/19,2019,C,9,"Hälsovård, sjukvård och social omsorg",78422,300,9.3341,5,7.6923,-1.6418,-0.1629,https://data.riksdagen.se/dokument/H601FiU1.html
2018/19,2019,C,10,Ekonomisk trygghet vid sjukdom och funktionsnedsättning,97073,-584,11.554,0,0.0,-11.554,-0.1629,https://data.riksdagen.se/dokument/H601FiU1.html
2018/19,2019,C,11,Ekonomisk trygghet vid ålderdom,34050,-400,4.0528,0,0.0,-4.0528,-0.1629,https://data.riksdagen.se/dokument/H601FiU1.html
2018/19,2019,C,12,Ekonomisk trygghet för familjer och barn,97339,7,11.5857,0,0.0,-11.5857,-0.1629,https://data.riksdagen.se/dokument/H601FiU1.html
2018/19,2019,C,13,Jämställdhet och nyanlända invandrares etablering,18486,0,2.2003,1,1.5385,-0.6618,-0.1629,https://data.riksdagen.se/dokument/H601FiU1.html
2018/19,2019,C,14,Arbetsmarknad och arbetsliv,74802,-2013,8.9032,0,0.0,-8.9032,-0.1629,https://data.riksdagen.se/dokument/H601FiU1.html
2018/19,2019,C,15,Studiestöd,24603,-420,2.9283,0,0.0,-2.9283,-0.1629,https://data.riksdagen.se/dokument/H601FiU1.html
2018/19,2019,C,16,Utbildning och universitetsforskning,80667,-680,9.6013,6,9.2308,-0.3705,-0.1629,https://data.riksdagen.se/dokument/H601FiU1.html
2018/19,2019,C,17,"Kultur, medier, trossamfund och fritid",15995,0,1.9038,1,1.5385,-0.3653,-0.1629,https://data.riksdagen.se/dokument/H601FiU1.html
2018/19,2019,C,18,"Samhällsplanering, bostadsförsörjning och byggande samt konsumentpolitik",3597,-3375,0.4281,1,1.5385,1.1104,-0.1629,https://data.riksdagen.se/dokument/H601FiU1.html
2018/19,2019,C,19,Regional tillväxt,3497,0,0.4162,1,1.5385,1.1223,-0.1629,https://data.riksdagen.se/dokument/H601FiU1.html
2018/19,2019,C,20,Allmän miljö- och naturvård,12536,700,1.4921,15,23.0769,21.5848,-0.1629,https://data.riksdagen.se/dokument/H601FiU1.html
2018/19,2019,C,21,Energi,3595,0,0.4279,0,0.0,-0.4279,-0.1629,https://data.riksdagen.se/dokument/H601FiU1.html
2018/19,2019,C,22,Kommunikationer,59457,0,7.0768,0,0.0,-7.0768,-0.1629,https://data.riksdagen.se/dokument/H601FiU1.html
2018/19,2019,C,23,"Areella näringar, landsbygd och livsmedel",21832,2045,2.5985,2,3.0769,0.4784,-0.1629,https://data.riksdagen.se/dokument/H601FiU1.html
2018/19,2019,C,24,Näringsliv,7267,0,0.8649,20,30.7692,29.9043,-0.1629,https://data.riksdagen.se/dokument/H601FiU1.html
2018/19,2019,KD,1,Rikets styrelse,14831,-71,1.7531,1,2.8571,1.104,0.1215,https://data.riksdagen.se/dokument/H601FiU1.html
2018/19,2019,KD,2,Samhällsekonomi och finansförvaltning,17182,-133,2.0309,0,0.0,-2.0309,0.1215,https://data.riksdagen.se/dokument/H601FiU1.html
2018/19,2019,KD,3,"Skatt, tull och exekution",11563,160,1.3668,8,22.8571,21.4903,0.1215,https://data.riksdagen.se/dokument/H601FiU1.html
2018/19,2019,KD,4,Rättsväsendet,48443,2100,5.726,0,0.0,-5.726,0.1215,https://data.riksdagen.se/dokument/H601FiU1.html
2018/19,2019,KD,5,Internationell samverkan,2362,0,0.2792,0,0.0,-0.2792,0.1215,https://data.riksdagen.se/dokument/H601FiU1.html
2018/19,2019,KD,6,Försvar och samhällets krisberedskap,59675,3484,7.0537,0,0.0,-7.0537,0.1215,https://data.riksdagen.se/dokument/H601FiU1.html
2018/19,2019,KD,7,Internationellt bistånd,44954,9,5.3136,0,0.0,-5.3136,0.1215,https://data.riksdagen.se/dokument/H601FiU1.html
2018/19,2019,KD,8,Migration,12643,-930,1.4944,0,0.0,-1.4944,0.1215,https://data.riksdagen.se/dokument/H601FiU1.html
2018/19,2019,KD,9,"Hälsovård, sjukvård och social omsorg",87998,9876,10.4015,11,31.4286,21.0271,0.1215,https://data.riksdagen.se/dokument/H601FiU1.html
2018/19,2019,KD,10,Ekonomisk trygghet vid sjukdom och funktionsnedsättning,96863,-794,11.4494,1,2.8571,-8.5923,0.1215,https://data.riksdagen.se/dokument/H601FiU1.html
2018/19,2019,KD,11,Ekonomisk trygghet vid ålderdom,36591,2141,4.3251,1,2.8571,-1.468,0.1215,https://data.riksdagen.se/dokument/H601FiU1.html
2018/19,2019,KD,12,Ekonomisk trygghet för familjer och barn,100210,2878,11.845,0,0.0,-11.845,0.1215,https://data.riksdagen.se/dokument/H601FiU1.html
2018/19,2019,KD,13,Jämställdhet och nyanlända invandrares etablering,17309,-1177,2.046,0,0.0,-2.046,0.1215,https://data.riksdagen.se/dokument/H601FiU1.html
2018/19,2019,KD,14,Arbetsmarknad och arbetsliv,69184,-7631,8.1777,1,2.8571,-5.3206,0.1215,https://data.riksdagen.se/dokument/H601FiU1.html
2018/19,2019,KD,15,Studiestöd,21606,-3417,2.5539,0,0.0,-2.5539,0.1215,https://data.riksdagen.se/dokument/H601FiU1.html
2018/19,2019,KD,16,Utbildning och universitetsforskning,83090,1743,9.8214,2,5.7143,-4.1071,0.1215,https://data.riksdagen.se/dokument/H601FiU1.html
2018/19,2019,KD,17,"Kultur, medier, trossamfund och fritid",15123,-872,1.7876,0,0.0,-1.7876,0.1215,https://data.riksdagen.se/dokument/H601FiU1.html
2018/19,2019,KD,18,"Samhällsplanering, bostadsförsörjning och byggande samt konsumentpolitik",4584,-2388,0.5418,2,5.7143,5.1725,0.1215,https://data.riksdagen.se/dokument/H601FiU1.html
2018/19,2019,KD,19,Regional tillväxt,3497,0,0.4134,0,0.0,-0.4134,0.1215,https://data.riksdagen.se/dokument/H601FiU1.html
2018/19,2019,KD,20,Allmän miljö- och naturvård,8906,-2930,1.0527,2,5.7143,4.6616,0.1215,https://data.riksdagen.se/dokument/H601FiU1.html
2018/19,2019,KD,21,Energi,3405,-190,0.4025,6,17.1429,16.7404,0.1215,https://data.riksdagen.se/dokument/H601FiU1.html
2018/19,2019,KD,22,Kommunikationer,59298,-159,7.0091,0,0.0,-7.0091,0.1215,https://data.riksdagen.se/dokument/H601FiU1.html
2018/19,2019,KD,23,"Areella näringar, landsbygd och livsmedel",20220,433,2.39,0,0.0,-2.39,0.1215,https://data.riksdagen.se/dokument/H601FiU1.html
2018/19,2019,KD,24,Näringsliv,6474,-793,0.7652,0,0.0,-0.7652,0.1215,https://data.riksdagen.se/dokument/H601FiU1.html
2018/19,2019,L,1,Rikets styrelse,14780,-122,1.7799,8,33.3333,31.5534,-0.3582,https://data.riksdagen.se/dokument/H601FiU1.html
2018/19,2019,L,2,Samhällsekonomi och finansförvaltning,17141,-174,2.0642,0,0.0,-2.0642,-0.3582,https://data.riksdagen.se/dokument/H601FiU1.html
2018/19,2019,L,3,"Skatt, tull och exekution",11525,122,1.3879,3,12.5,11.1121,-0.3582,https://data.riksdagen.se/dokument/H601FiU1.html
2018/19,2019,L,4,Rättsväsendet,48243,1900,5.8097,0,0.0,-5.8097,-0.3582,https://data.riksdagen.se/dokument/H601FiU1.html
2018/19,2019,L,5,Internationell samverkan,2317,-45,0.279,0,0.0,-0.279,-0.3582,https://data.riksdagen.se/dokument/H601FiU1.html
2018/19,2019,L,6,Försvar och samhällets krisberedskap,57296,1105,6.8999,0,0.0,-6.8999,-0.3582,https://data.riksdagen.se/dokument/H601FiU1.html
2018/19,2019,L,7,Internationellt bistånd,44945,0,5.4125,0,0.0,-5.4125,-0.3582,https://data.riksdagen.se/dokument/H601FiU1.html
2018/19,2019,L,8,Migration,13460,-113,1.6209,0,0.0,-1.6209,-0.3582,https://data.riksdagen.se/dokument/H601FiU1.html
2018/19,2019,L,9,"Hälsovård, sjukvård och social omsorg",82111,3989,9.8883,0,0.0,-9.8883,-0.3582,https://data.riksdagen.se/dokument/H601FiU1.html
2018/19,2019,L,10,Ekonomisk trygghet vid sjukdom och funktionsnedsättning,91738,-5919,11.0476,0,0.0,-11.0476,-0.3582,https://data.riksdagen.se/dokument/H601FiU1.html
2018/19,2019,L,11,Ekonomisk trygghet vid ålderdom,34349,-101,4.1365,1,4.1667,0.0302,-0.3582,https://data.riksdagen.se/dokument/H601FiU1.html
2018/19,2019,L,12,Ekonomisk trygghet för familjer och barn,97363,31,11.725,0,0.0,-11.725,-0.3582,https://data.riksdagen.se/dokument/H601FiU1.html
2018/19,2019,L,13,Jämställdhet och nyanlända invandrares etablering,18229,-257,2.1952,0,0.0,-2.1952,-0.3582,https://data.riksdagen.se/dokument/H601FiU1.html
2018/19,2019,L,14,Arbetsmarknad och arbetsliv,67613,-9202,8.1423,0,0.0,-8.1423,-0.3582,https://data.riksdagen.se/dokument/H601FiU1.html
2018/19,2019,L,15,Studiestöd,24247,-776,2.92,0,0.0,-2.92,-0.3582,https://data.riksdagen.se/dokument/H601FiU1.html
2018/19,2019,L,16,Utbildning och universitetsforskning,84195,2848,10.1392,0,0.0,-10.1392,-0.3582,https://data.riksdagen.se/dokument/H601FiU1.html
2018/19,2019,L,17,"Kultur, medier, trossamfund och fritid",16382,387,1.9728,0,0.0,-1.9728,-0.3582,https://data.riksdagen.se/dokument/H601FiU1.html
2018/19,2019,L,18,"Samhällsplanering, bostadsförsörjning och byggande samt konsumentpolitik",3626,-3346,0.4367,0,0.0,-0.4367,-0.3582,https://data.riksdagen.se/dokument/H601FiU1.html
2018/19,2019,L,19,Regional tillväxt,3422,-75,0.4121,0,0.0,-0.4121,-0.3582,https://data.riksdagen.se/dokument/H601FiU1.html
2018/19,2019,L,20,Allmän miljö- och naturvård,9803,-2033,1.1805,2,8.3333,7.1528,-0.3582,https://data.riksdagen.se/dokument/H601FiU1.html
2018/19,2019,L,21,Energi,2616,-979,0.315,3,12.5,12.185,-0.3582,https://data.riksdagen.se/dokument/H601FiU1.html
2018/19,2019,L,22,Kommunikationer,58698,-759,7.0688,0,0.0,-7.0688,-0.3582,https://data.riksdagen.se/dokument/H601FiU1.html
2018/19,2019,L,23,"Areella näringar, landsbygd och livsmedel",19364,-423,2.3319,0,0.0,-2.3319,-0.3582,https://data.riksdagen.se/dokument/H601FiU1.html
2018/19,2019,L,24,Näringsliv,6924,-343,0.8338,7,29.1667,28.3329,-0.3582,https://data.riksdagen.se/dokument/H601FiU1.html
2018/19,2019,M,1,Rikets styrelse,14745,-157,1.7527,1,1.9231,0.1704,-0.1952,https://data.riksdagen.se/dokument/H601FiU1.html
2018/19,2019,M,2,Samhällsekonomi och finansförvaltning,17319,4,2.0586,0,0.0,-2.0586,-0.1952,https://data.riksdagen.se/dokument/H601FiU1.html
2018/19,2019,M,3,"Skatt, tull och exekution",11553,150,1.3732,2,3.8462,2.473,-0.1952,https://data.riksdagen.se/dokument/H601FiU1.html
2018/19,2019,M,4,Rättsväsendet,48587,2244,5.7752,2,3.8462,-1.929,-0.1952,https://data.riksdagen.se/dokument/H601FiU1.html
2018/19,2019,M,5,Internationell samverkan,2362,0,0.2808,0,0.0,-0.2808,-0.1952,https://data.riksdagen.se/dokument/H601FiU1.html
2018/19,2019,M,6,Försvar och samhällets krisberedskap,60090,3899,7.1425,5,9.6154,2.4729,-0.1952,https://data.riksdagen.se/dokument/H601FiU1.html
2018/19,2019,M,7,Internationellt bistånd,43745,-1200,5.1997,0,0.0,-5.1997,-0.1952,https://data.riksdagen.se/dokument/H601FiU1.html
2018/19,2019,M,8,Migration,11767,-1806,1.3987,8,15.3846,13.9859,-0.1952,https://data.riksdagen.se/dokument/H601FiU1.html
2018/19,2019,M,9,"Hälsovård, sjukvård och social omsorg",79072,950,9.3988,0,0.0,-9.3988,-0.1952,https://data.riksdagen.se/dokument/H601FiU1.html
2018/19,2019,M,10,Ekonomisk trygghet vid sjukdom och funktionsnedsättning,97657,0,11.6079,2,3.8462,-7.7617,-0.1952,https://data.riksdagen.se/dokument/H601FiU1.html
2018/19,2019,M,11,Ekonomisk trygghet vid ålderdom,34450,0,4.0949,0,0.0,-4.0949,-0.1952,https://data.riksdagen.se/dokument/H601FiU1.html
2018/19,2019,M,12,Ekonomisk trygghet för familjer och barn,97332,0,11.5693,0,0.0,-11.5693,-0.1952,https://data.riksdagen.se/dokument/H601FiU1.html
2018/19,2019,M,13,Jämställdhet och nyanlända invandrares etablering,17967,-519,2.1356,5,9.6154,7.4798,-0.1952,https://data.riksdagen.se/dokument/H601FiU1.html
2018/19,2019,M,14,Arbetsmarknad och arbetsliv,73915,-2900,8.7858,3,5.7692,-3.0166,-0.1952,https://data.riksdagen.se/dokument/H601FiU1.html
2018/19,2019,M,15,Studiestöd,24669,-354,2.9323,0,0.0,-2.9323,-0.1952,https://data.riksdagen.se/dokument/H601FiU1.html
2018/19,2019,M,16,Utbildning och universitetsforskning,81059,-288,9.635,2,3.8462,-5.7888,-0.1952,https://data.riksdagen.se/dokument/H601FiU1.html
2018/19,2019,M,17,"Kultur, medier, trossamfund och fritid",15767,-228,1.8741,0,0.0,-1.8741,-0.1952,https://data.riksdagen.se/dokument/H601FiU1.html
2018/19,2019,M,18,"Samhällsplanering, bostadsförsörjning och byggande samt konsumentpolitik",4727,-2245,0.5619,0,0.0,-0.5619,-0.1952,https://data.riksdagen.se/dokument/H601FiU1.html
2018/19,2019,M,19,Regional tillväxt,3497,0,0.4157,1,1.9231,1.5074,-0.1952,https://data.riksdagen.se/dokument/H601FiU1.html
2018/19,2019,M,20,Allmän miljö- och naturvård,10072,-1764,1.1972,1,1.9231,0.7259,-0.1952,https://data.riksdagen.se/dokument/H601FiU1.html
2018/19,2019,M,21,Energi,3199,-396,0.3802,14,26.9231,26.5429,-0.1952,https://data.riksdagen.se/dokument/H601FiU1.html
2018/19,2019,M,22,Kommunikationer,59359,-98,7.0557,1,1.9231,-5.1326,-0.1952,https://data.riksdagen.se/dokument/H601FiU1.html
2018/19,2019,M,23,"Areella näringar, landsbygd och livsmedel",21000,1213,2.4961,0,0.0,-2.4961,-0.1952,https://data.riksdagen.se/dokument/H601FiU1.html
2018/19,2019,M,24,Näringsliv,7387,120,0.878,5,9.6154,8.7374,-0.1952,https://data.riksdagen.se/dokument/H601FiU1.html
2018/19,2019,SD,1,Rikets styrelse,14372,-530,1.7153,4,13.3333,11.618,-0.1018,https://data.riksdagen.se/dokument/H601FiU1.html
2018/19,2019,SD,2,Samhällsekonomi och finansförvaltning,17792,477,2.1235,0,0.0,-2.1235,-0.1018,https://data.riksdagen.se/dokument/H601FiU1.html
2018/19,2019,SD,3,"Skatt, tull och exekution",11953,550,1.4266,2,6.6667,5.2401,-0.1018,https://data.riksdagen.se/dokument/H601FiU1.html
2018/19,2019,SD,4,Rättsväsendet,46347,4,5.5315,0,0.0,-5.5315,-0.1018,https://data.riksdagen.se/dokument/H601FiU1.html
2018/19,2019,SD,6,Försvar och samhällets krisberedskap,56198,7,6.7073,2,6.6667,-0.0406,-0.1018,https://data.riksdagen.se/dokument/H601FiU1.html
2018/19,2019,SD,7,Internationellt bistånd,33672,-11273,4.0188,0,0.0,-4.0188,-0.1018,https://data.riksdagen.se/dokument/H601FiU1.html
2018/19,2019,SD,8,Migration,13010,-563,1.5528,7,23.3333,21.7805,-0.1018,https://data.riksdagen.se/dokument/H601FiU1.html
2018/19,2019,SD,9,"Hälsovård, sjukvård och social omsorg",84067,5945,10.0335,0,0.0,-10.0335,-0.1018,https://data.riksdagen.se/dokument/H601FiU1.html
2018/19,2019,SD,10,Ekonomisk trygghet vid sjukdom och funktionsnedsättning,102132,4475,12.1895,1,3.3333,-8.8562,-0.1018,https://data.riksdagen.se/dokument/H601FiU1.html
2018/19,2019,SD,11,Ekonomisk trygghet vid ålderdom,41150,6700,4.9113,2,6.6667,1.7554,-0.1018,https://data.riksdagen.se/dokument/H601FiU1.html
2018/19,2019,SD,12,Ekonomisk trygghet för familjer och barn,100075,2743,11.944,0,0.0,-11.944,-0.1018,https://data.riksdagen.se/dokument/H601FiU1.html
2018/19,2019,SD,13,Jämställdhet och nyanlända invandrares etablering,10671,-7815,1.2736,0,0.0,-1.2736,-0.1018,https://data.riksdagen.se/dokument/H601FiU1.html
2018/19,2019,SD,14,Arbetsmarknad och arbetsliv,74798,-2017,8.9272,3,10.0,1.0728,-0.1018,https://data.riksdagen.se/dokument/H601FiU1.html
2018/19,2019,SD,15,Studiestöd,24143,-880,2.8815,0,0.0,-2.8815,-0.1018,https://data.riksdagen.se/dokument/H601FiU1.html
2018/19,2019,SD,16,Utbildning och universitetsforskning,82017,670,9.7888,2,6.6667,-3.1221,-0.1018,https://data.riksdagen.se/dokument/H601FiU1.html
2018/19,2019,SD,17,"Kultur, medier, trossamfund och fritid",15576,-419,1.859,0,0.0,-1.859,-0.1018,https://data.riksdagen.se/dokument/H601FiU1.html
2018/19,2019,SD,18,"Samhällsplanering, bostadsförsörjning och byggande samt konsumentpolitik",5943,-1029,0.7093,1,3.3333,2.624,-0.1018,https://data.riksdagen.se/dokument/H601FiU1.html
2018/19,2019,SD,19,Regional tillväxt,4017,520,0.4794,1,3.3333,2.8539,-0.1018,https://data.riksdagen.se/dokument/H601FiU1.html
2018/19,2019,SD,20,Allmän miljö- och naturvård,7844,-3992,0.9362,4,13.3333,12.3971,-0.1018,https://data.riksdagen.se/dokument/H601FiU1.html
2018/19,2019,SD,21,Energi,2840,-755,0.339,0,0.0,-0.339,-0.1018,https://data.riksdagen.se/dokument/H601FiU1.html
2018/19,2019,SD,22,Kommunikationer,61992,2535,7.3988,1,3.3333,-4.0655,-0.1018,https://data.riksdagen.se/dokument/H601FiU1.html
2018/19,2019,SD,23,"Areella näringar, landsbygd och livsmedel",20284,497,2.4209,0,0.0,-2.4209,-0.1018,https://data.riksdagen.se/dokument/H601FiU1.html
2018/19,2019,SD,24,Näringsliv,6974,-293,0.8324,0,0.0,-0.8324,-0.1018,https://data.riksdagen.se/dokument/H601FiU1.html
2019/20,2020,KD,1,Rikets styrelse,15306,175,1.4358,1,1.5385,0.1027,0.354,https://data.riksdagen.se/dokument/H701FiU1.html
2019/20,2020,KD,2,Samhällsekonomi och finansförvaltning,17348,-42,1.6274,0,0.0,-1.6274,0.354,https://data.riksdagen.se/dokument/H701FiU1.html
2019/20,2020,KD,3,"Skatt, tull och exekution",11946,-111,1.1206,13,20.0,18.8794,0.354,https://data.riksdagen.se/dokument/H701FiU1.html
2019/20,2020,KD,4,Rättsväsendet,52621,890,4.9362,1,1.5385,-3.3977,0.354,https://data.riksdagen.se/dokument/H701FiU1.html
2019/20,2020,KD,5,Internationell samverkan,1998,-30,0.1874,0,0.0,-0.1874,0.354,https://data.riksdagen.se/dokument/H701FiU1.html
2019/20,2020,KD,6,Försvar och samhällets krisberedskap,64800,0,6.0787,2,3.0769,-3.0018,0.354,https://data.riksdagen.se/dokument/H701FiU1.html
2019/20,2020,KD,7,Internationellt bistånd,45989,0,4.3141,0,0.0,-4.3141,0.354,https://data.riksdagen.se/dokument/H701FiU1.html
2019/20,2020,KD,8,Migration,11544,98,1.0829,2,3.0769,1.994,0.354,https://data.riksdagen.se/dokument/H701FiU1.html
2019/20,2020,KD,9,"Hälsovård, sjukvård och social omsorg",91304,7137,8.565,17,26.1538,17.5888,0.354,https://data.riksdagen.se/dokument/H701FiU1.html
2019/20,2020,KD,10,Ekonomisk trygghet vid sjukdom och funktionsnedsättning,95287,-419,8.9386,0,0.0,-8.9386,0.354,https://data.riksdagen.se/dokument/H701FiU1.html
2019/20,2020,KD,11,Ekonomisk trygghet vid ålderdom,36343,-199,3.4092,1,1.5385,-1.8707,0.354,https://data.riksdagen.se/dokument/H701FiU1.html
2019/20,2020,KD,12,Ekonomisk trygghet för familjer och barn,104852,3422,9.8359,0,0.0,-9.8359,0.354,https://data.riksdagen.se/dokument/H701FiU1.html
2019/20,2020,KD,13,Jämställdhet och nyanlända invandrares etablering,10023,-43,0.9402,0,0.0,-0.9402,0.354,https://data.riksdagen.se/dokument/H701FiU1.html
2019/20,2020,KD,14,Arbetsmarknad och arbetsliv,74142,-3022,6.955,7,10.7692,3.8142,0.354,https://data.riksdagen.se/dokument/H701FiU1.html
2019/20,2020,KD,15,Studiestöd,22600,-2908,2.12,0,0.0,-2.12,0.354,https://data.riksdagen.se/dokument/H701FiU1.html
2019/20,2020,KD,16,Utbildning och universitetsforskning,84241,925,7.9024,0,0.0,-7.9024,0.354,https://data.riksdagen.se/dokument/H701FiU1.html
2019/20,2020,KD,17,"Kultur, medier, trossamfund och fritid",15613,-448,1.4646,0,0.0,-1.4646,0.354,https://data.riksdagen.se/dokument/H701FiU1.html
2019/20,2020,KD,18,"Samhällsplanering, bostadsförsörjning och byggande samt konsumentpolitik",3227,-500,0.3027,0,0.0,-0.3027,0.354,https://data.riksdagen.se/dokument/H701FiU1.html
2019/20,2020,KD,19,Regional tillväxt,3693,20,0.3464,0,0.0,-0.3464,0.354,https://data.riksdagen.se/dokument/H701FiU1.html
2019/20,2020,KD,20,Allmän miljö- och naturvård,10634,-1937,0.9975,2,3.0769,2.0794,0.354,https://data.riksdagen.se/dokument/H701FiU1.html
2019/20,2020,KD,21,Energi,3174,-295,0.2977,4,6.1538,5.8561,0.354,https://data.riksdagen.se/dokument/H701FiU1.html
2019/20,2020,KD,22,Kommunikationer,61626,330,5.781,0,0.0,-5.781,0.354,https://data.riksdagen.se/dokument/H701FiU1.html
2019/20,2020,KD,23,"Areella näringar, landsbygd och livsmedel",19865,75,1.8635,0,0.0,-1.8635,0.354,https://data.riksdagen.se/dokument/H701FiU1.html
2019/20,2020,KD,24,Näringsliv,6361,-903,0.5967,3,4.6154,4.0187,0.354,https://data.riksdagen.se/dokument/H701FiU1.html
2019/20,2020,KD,25,Allmänna bidrag till kommuner,129835,1417,12.1794,12,18.4615,6.2821,0.354,https://data.riksdagen.se/dokument/H701FiU1.html
2019/20,2020,KD,26,Statsskuldsräntor m.m.,29655,0,2.7819,0,0.0,-2.7819,0.354,https://data.riksdagen.se/dokument/H701FiU1.html
2019/20,2020,KD,27,Avgiften till Europeiska unionen,41990,0,3.939,0,0.0,-3.939,0.354,https://data.riksdagen.se/dokument/H701FiU1.html
2019/20,2020,M,1,Rikets styrelse,14985,-146,1.43,2,2.0619,0.6319,0.265,https://data.riksdagen.se/dokument/H701FiU1.html
2019/20,2020,M,2,Samhällsekonomi och finansförvaltning,17362,-28,1.6568,1,1.0309,-0.6259,0.265,https://data.riksdagen.se/dokument/H701FiU1.html
2019/20,2020,M,3,"Skatt, tull och exekution",11795,-262,1.1256,6,6.1856,5.06,0.265,https://data.riksdagen.se/dokument/H701FiU1.html
2019/20,2020,M,4,Rättsväsendet,54225,2494,5.1746,0,0.0,-5.1746,0.265,https://data.riksdagen.se/dokument/H701FiU1.html
2019/20,2020,M,5,Internationell samverkan,2028,0,0.1935,0,0.0,-0.1935,0.265,https://data.riksdagen.se/dokument/H701FiU1.html
2019/20,2020,M,6,Försvar och samhällets krisberedskap,65364,564,6.2376,1,1.0309,-5.2067,0.265,https://data.riksdagen.se/dokument/H701FiU1.html
2019/20,2020,M,7,Internationellt bistånd,38854,-7135,3.7078,6,6.1856,2.4778,0.265,https://data.riksdagen.se/dokument/H701FiU1.html
2019/20,2020,M,8,Migration,10847,-599,1.0351,3,3.0928,2.0577,0.265,https://data.riksdagen.se/dokument/H701FiU1.html
2019/20,2020,M,9,"Hälsovård, sjukvård och social omsorg",78097,-6070,7.4527,1,1.0309,-6.4218,0.265,https://data.riksdagen.se/dokument/H701FiU1.html
2019/20,2020,M,10,Ekonomisk trygghet vid sjukdom och funktionsnedsättning,85500,-10206,8.1591,1,1.0309,-7.1282,0.265,https://data.riksdagen.se/dokument/H701FiU1.html
2019/20,2020,M,11,Ekonomisk trygghet vid ålderdom,36137,-405,3.4485,6,6.1856,2.7371,0.265,https://data.riksdagen.se/dokument/H701FiU1.html
2019/20,2020,M,12,Ekonomisk trygghet för familjer och barn,100980,-450,9.6364,0,0.0,-9.6364,0.265,https://data.riksdagen.se/dokument/H701FiU1.html
2019/20,2020,M,13,Jämställdhet och nyanlända invandrares etablering,9062,-1004,0.8648,2,2.0619,1.1971,0.265,https://data.riksdagen.se/dokument/H701FiU1.html
2019/20,2020,M,14,Arbetsmarknad och arbetsliv,74137,-3027,7.0748,13,13.4021,6.3273,0.265,https://data.riksdagen.se/dokument/H701FiU1.html
2019/20,2020,M,15,Studiestöd,25141,-367,2.3992,0,0.0,-2.3992,0.265,https://data.riksdagen.se/dokument/H701FiU1.html
2019/20,2020,M,16,Utbildning och universitetsforskning,81417,-1899,7.7695,4,4.1237,-3.6458,0.265,https://data.riksdagen.se/dokument/H701FiU1.html
2019/20,2020,M,17,"Kultur, medier, trossamfund och fritid",16061,0,1.5327,2,2.0619,0.5292,0.265,https://data.riksdagen.se/dokument/H701FiU1.html
2019/20,2020,M,18,"Samhällsplanering, bostadsförsörjning och byggande samt konsumentpolitik",1452,-2275,0.1386,0,0.0,-0.1386,0.265,https://data.riksdagen.se/dokument/H701FiU1.html
2019/20,2020,M,19,Regional tillväxt,3673,0,0.3505,0,0.0,-0.3505,0.265,https://data.riksdagen.se/dokument/H701FiU1.html
2019/20,2020,M,20,Allmän miljö- och naturvård,12574,3,1.1999,2,2.0619,0.862,0.265,https://data.riksdagen.se/dokument/H701FiU1.html
2019/20,2020,M,21,Energi,3215,-254,0.3068,8,8.2474,7.9406,0.265,https://data.riksdagen.se/dokument/H701FiU1.html
2019/20,2020,M,22,Kommunikationer,61641,345,5.8823,3,3.0928,-2.7895,0.265,https://data.riksdagen.se/dokument/H701FiU1.html
2019/20,2020,M,23,"Areella näringar, landsbygd och livsmedel",19858,68,1.895,0,0.0,-1.895,0.265,https://data.riksdagen.se/dokument/H701FiU1.html
2019/20,2020,M,24,Näringsliv,7236,-28,0.6905,18,18.5567,17.8662,0.265,https://data.riksdagen.se/dokument/H701FiU1.html
2019/20,2020,M,25,Allmänna bidrag till kommuner,144620,16202,13.8009,17,17.5258,3.7249,0.265,https://data.riksdagen.se/dokument/H701FiU1.html
2019/20,2020,M,26,Statsskuldsräntor m.m.,29655,0,2.8299,0,0.0,-2.8299,0.265,https://data.riksdagen.se/dokument/H701FiU1.html
2019/20,2020,M,27,Avgiften till Europeiska unionen,41990,0,4.007,1,1.0309,-2.9761,0.265,https://data.riksdagen.se/dokument/H701FiU1.html
2019/20,2020,SD,1,Rikets styrelse,14575,-556,1.3691,2,5.1282,3.7591,0.3653,https://data.riksdagen.se/dokument/H701FiU1.html
2019/20,2020,SD,2,Samhällsekonomi och finansförvaltning,17162,-228,1.6121,3,7.6923,6.0802,0.3653,https://data.riksdagen.se/dokument/H701FiU1.html
2019/20,2020,SD,3,"Skatt, tull och exekution",12391,334,1.164,1,2.5641,1.4001,0.3653,https://data.riksdagen.se/dokument/H701FiU1.html
2019/20,2020,SD,4,Rättsväsendet,57410,5679,5.3929,0,0.0,-5.3929,0.3653,https://data.riksdagen.se/dokument/H701FiU1.html
2019/20,2020,SD,5,Internationell samverkan,2048,20,0.1924,0,0.0,-0.1924,0.3653,https://data.riksdagen.se/dokument/H701FiU1.html
2019/20,2020,SD,6,Försvar och samhällets krisberedskap,64800,0,6.0871,0,0.0,-6.0871,0.3653,https://data.riksdagen.se/dokument/H701FiU1.html
2019/20,2020,SD,7,Internationellt bistånd,29546,-16443,2.7755,1,2.5641,-0.2114,0.3653,https://data.riksdagen.se/dokument/H701FiU1.html
2019/20,2020,SD,8,Migration,10782,-664,1.0128,1,2.5641,1.5513,0.3653,https://data.riksdagen.se/dokument/H701FiU1.html
2019/20,2020,SD,9,"Hälsovård, sjukvård och social omsorg",88627,4460,8.3254,4,10.2564,1.931,0.3653,https://data.riksdagen.se/dokument/H701FiU1.html
2019/20,2020,SD,10,Ekonomisk trygghet vid sjukdom och funktionsnedsättning,100744,5038,9.4636,0,0.0,-9.4636,0.3653,https://data.riksdagen.se/dokument/H701FiU1.html
2019/20,2020,SD,11,Ekonomisk trygghet vid ålderdom,40639,4097,3.8175,0,0.0,-3.8175,0.3653,https://data.riksdagen.se/dokument/H701FiU1.html
2019/20,2020,SD,12,Ekonomisk trygghet för familjer och barn,106721,5291,10.0251,0,0.0,-10.0251,0.3653,https://data.riksdagen.se/dokument/H701FiU1.html
2019/20,2020,SD,13,Jämställdhet och nyanlända invandrares etablering,5156,-4910,0.4843,0,0.0,-0.4843,0.3653,https://data.riksdagen.se/dokument/H701FiU1.html
2019/20,2020,SD,14,Arbetsmarknad och arbetsliv,71995,-5169,6.763,1,2.5641,-4.1989,0.3653,https://data.riksdagen.se/dokument/H701FiU1.html
2019/20,2020,SD,15,Studiestöd,25960,452,2.4386,0,0.0,-2.4386,0.3653,https://data.riksdagen.se/dokument/H701FiU1.html
2019/20,2020,SD,16,Utbildning och universitetsforskning,83829,513,7.8747,0,0.0,-7.8747,0.3653,https://data.riksdagen.se/dokument/H701FiU1.html
2019/20,2020,SD,17,"Kultur, medier, trossamfund och fritid",15948,-113,1.4981,2,5.1282,3.6301,0.3653,https://data.riksdagen.se/dokument/H701FiU1.html
2019/20,2020,SD,18,"Samhällsplanering, bostadsförsörjning och byggande samt konsumentpolitik",4079,352,0.3832,0,0.0,-0.3832,0.3653,https://data.riksdagen.se/dokument/H701FiU1.html
2019/20,2020,SD,19,Regional tillväxt,3673,0,0.345,0,0.0,-0.345,0.3653,https://data.riksdagen.se/dokument/H701FiU1.html
2019/20,2020,SD,20,Allmän miljö- och naturvård,8462,-4109,0.7949,1,2.5641,1.7692,0.3653,https://data.riksdagen.se/dokument/H701FiU1.html
2019/20,2020,SD,21,Energi,2945,-524,0.2766,3,7.6923,7.4157,0.3653,https://data.riksdagen.se/dokument/H701FiU1.html
2019/20,2020,SD,22,Kommunikationer,63941,2645,6.0064,0,0.0,-6.0064,0.3653,https://data.riksdagen.se/dokument/H701FiU1.html
2019/20,2020,SD,23,"Areella näringar, landsbygd och livsmedel",20682,892,1.9428,0,0.0,-1.9428,0.3653,https://data.riksdagen.se/dokument/H701FiU1.html
2019/20,2020,SD,24,Näringsliv,7364,100,0.6918,5,12.8205,12.1287,0.3653,https://data.riksdagen.se/dokument/H701FiU1.html
2019/20,2020,SD,25,Allmänna bidrag till kommuner,133418,5000,12.5329,14,35.8974,23.3645,0.3653,https://data.riksdagen.se/dokument/H701FiU1.html
2019/20,2020,SD,26,Statsskuldsräntor m.m.,29655,0,2.7857,0,0.0,-2.7857,0.3653,https://data.riksdagen.se/dokument/H701FiU1.html
2019/20,2020,SD,27,Avgiften till Europeiska unionen,41990,0,3.9444,1,2.5641,-1.3803,0.3653,https://data.riksdagen.se/dokument/H701FiU1.html
2019/20,2020,V,1,Rikets styrelse,15078,-53,1.3634,1,1.087,-0.2764,0.3766,https://data.riksdagen.se/dokument/H701FiU1.html
2019/20,2020,V,2,Samhällsekonomi och finansförvaltning,17400,10,1.5733,0,0.0,-1.5733,0.3766,https://data.riksdagen.se/dokument/H701FiU1.html
2019/20,2020,V,3,"Skatt, tull och exekution",12057,0,1.0902,5,5.4348,4.3446,0.3766,https://data.riksdagen.se/dokument/H701FiU1.html
2019/20,2020,V,4,Rättsväsendet,51738,7,4.6783,0,0.0,-4.6783,0.3766,https://data.riksdagen.se/dokument/H701FiU1.html
2019/20,2020,V,5,Internationell samverkan,2028,0,0.1834,1,1.087,0.9036,0.3766,https://data.riksdagen.se/dokument/H701FiU1.html
2019/20,2020,V,6,Försvar och samhällets krisberedskap,64800,0,5.8593,0,0.0,-5.8593,0.3766,https://data.riksdagen.se/dokument/H701FiU1.html
2019/20,2020,V,7,Internationellt bistånd,46489,500,4.2036,0,0.0,-4.2036,0.3766,https://data.riksdagen.se/dokument/H701FiU1.html
2019/20,2020,V,8,Migration,10753,-693,0.9723,0,0.0,-0.9723,0.3766,https://data.riksdagen.se/dokument/H701FiU1.html
2019/20,2020,V,9,"Hälsovård, sjukvård och social omsorg",87492,3325,7.9112,8,8.6957,0.7845,0.3766,https://data.riksdagen.se/dokument/H701FiU1.html
2019/20,2020,V,10,Ekonomisk trygghet vid sjukdom och funktionsnedsättning,100784,5078,9.1131,1,1.087,-8.0261,0.3766,https://data.riksdagen.se/dokument/H701FiU1.html
2019/20,2020,V,11,Ekonomisk trygghet vid ålderdom,40142,3600,3.6297,10,10.8696,7.2399,0.3766,https://data.riksdagen.se/dokument/H701FiU1.html
2019/20,2020,V,12,Ekonomisk trygghet för familjer och barn,101430,0,9.1715,0,0.0,-9.1715,0.3766,https://data.riksdagen.se/dokument/H701FiU1.html
2019/20,2020,V,13,Jämställdhet och nyanlända invandrares etablering,11976,1910,1.0829,1,1.087,0.0041,0.3766,https://data.riksdagen.se/dokument/H701FiU1.html
2019/20,2020,V,14,Arbetsmarknad och arbetsliv,82398,5234,7.4506,4,4.3478,-3.1028,0.3766,https://data.riksdagen.se/dokument/H701FiU1.html
2019/20,2020,V,15,Studiestöd,26418,910,2.3888,0,0.0,-2.3888,0.3766,https://data.riksdagen.se/dokument/H701FiU1.html
2019/20,2020,V,16,Utbildning och universitetsforskning,86375,3059,7.8102,14,15.2174,7.4072,0.3766,https://data.riksdagen.se/dokument/H701FiU1.html
2019/20,2020,V,17,"Kultur, medier, trossamfund och fritid",16719,658,1.5118,1,1.087,-0.4248,0.3766,https://data.riksdagen.se/dokument/H701FiU1.html
2019/20,2020,V,18,"Samhällsplanering, bostadsförsörjning och byggande samt konsumentpolitik",7331,3604,0.6629,0,0.0,-0.6629,0.3766,https://data.riksdagen.se/dokument/H701FiU1.html
2019/20,2020,V,19,Regional tillväxt,3703,30,0.3348,0,0.0,-0.3348,0.3766,https://data.riksdagen.se/dokument/H701FiU1.html
2019/20,2020,V,20,Allmän miljö- och naturvård,13721,1150,1.2407,4,4.3478,3.1071,0.3766,https://data.riksdagen.se/dokument/H701FiU1.html
2019/20,2020,V,21,Energi,4319,850,0.3905,0,0.0,-0.3905,0.3766,https://data.riksdagen.se/dokument/H701FiU1.html
2019/20,2020,V,22,Kommunikationer,67096,5800,6.067,1,1.087,-4.98,0.3766,https://data.riksdagen.se/dokument/H701FiU1.html
2019/20,2020,V,23,"Areella näringar, landsbygd och livsmedel",20700,910,1.8717,0,0.0,-1.8717,0.3766,https://data.riksdagen.se/dokument/H701FiU1.html
2019/20,2020,V,24,Näringsliv,7316,52,0.6615,20,21.7391,21.0776,0.3766,https://data.riksdagen.se/dokument/H701FiU1.html
2019/20,2020,V,25,Allmänna bidrag till kommuner,136018,7600,12.299,21,22.8261,10.5271,0.3766,https://data.riksdagen.se/dokument/H701FiU1.html
2019/20,2020,V,26,Statsskuldsräntor m.m.,29655,0,2.6815,0,0.0,-2.6815,0.3766,https://data.riksdagen.se/dokument/H701FiU1.html
2019/20,2020,V,27,Avgiften till Europeiska unionen,41990,0,3.7968,0,0.0,-3.7968,0.3766,https://data.riksdagen.se/dokument/H701FiU1.html
2022/23,2023,C,1,Rikets styrelse,17688,-526,1.3584,2,3.8462,2.4878,0.2319,https://data.riksdagen.se/dokument/HA01FiU1.html
2022/23,2023,C,2,Samhällsekonomi och finansförvaltning,21003,-83,1.6129,0,0.0,-1.6129,0.2319,https://data.riksdagen.se/dokument/HA01FiU1.html
2022/23,2023,C,3,"Skatt, tull och exekution",13095,-329,1.0056,1,1.9231,0.9175,0.2319,https://data.riksdagen.se/dokument/HA01FiU1.html
2022/23,2023,C,4,Rättsväsendet,76671,-194,5.888,0,0.0,-5.888,0.2319,https://data.riksdagen.se/dokument/HA01FiU1.html
2022/23,2023,C,5,Internationell samverkan,2128,-4,0.1634,0,0.0,-0.1634,0.2319,https://data.riksdagen.se/dokument/HA01FiU1.html
2022/23,2023,C,6,Försvar och samhällets krisberedskap,123204,-25,9.4615,9,17.3077,7.8462,0.2319,https://data.riksdagen.se/dokument/HA01FiU1.html
2022/23,2023,C,7,Internationellt bistånd,57047,7151,4.381,0,0.0,-4.381,0.2319,https://data.riksdagen.se/dokument/HA01FiU1.html
2022/23,2023,C,8,Migration,9482,-67,0.7282,2,3.8462,3.118,0.2319,https://data.riksdagen.se/dokument/HA01FiU1.html
2022/23,2023,C,9,"Hälsovård, sjukvård och social omsorg",96215,-4531,7.3889,1,1.9231,-5.4658,0.2319,https://data.riksdagen.se/dokument/HA01FiU1.html
2022/23,2023,C,10,Ekonomisk trygghet vid sjukdom och funktionsnedsättning,113666,-592,8.729,0,0.0,-8.729,0.2319,https://data.riksdagen.se/dokument/HA01FiU1.html
2022/23,2023,C,11,Ekonomisk trygghet vid ålderdom,61681,-10,4.7368,0,0.0,-4.7368,0.2319,https://data.riksdagen.se/dokument/HA01FiU1.html
2022/23,2023,C,12,Ekonomisk trygghet för familjer och barn,109507,-1534,8.4096,0,0.0,-8.4096,0.2319,https://data.riksdagen.se/dokument/HA01FiU1.html
2022/23,2023,C,13,Jämställdhet och nyanlända invandrares etablering,5480,925,0.4208,1,1.9231,1.5023,0.2319,https://data.riksdagen.se/dokument/HA01FiU1.html
2022/23,2023,C,14,Arbetsmarknad och arbetsliv,84847,-5812,6.5159,2,3.8462,-2.6697,0.2319,https://data.riksdagen.se/dokument/HA01FiU1.html
2022/23,2023,C,15,Studiestöd,35104,16,2.6958,0,0.0,-2.6958,0.2319,https://data.riksdagen.se/dokument/HA01FiU1.html
2022/23,2023,C,16,Utbildning och universitetsforskning,94705,-2052,7.2729,7,13.4615,6.1886,0.2319,https://data.riksdagen.se/dokument/HA01FiU1.html
2022/23,2023,C,17,"Kultur, medier, trossamfund och fritid",16694,-136,1.282,1,1.9231,0.6411,0.2319,https://data.riksdagen.se/dokument/HA01FiU1.html
2022/23,2023,C,18,"Samhällsplanering, bostadsförsörjning och byggande samt konsumentpolitik",2864,-18,0.2199,0,0.0,-0.2199,0.2319,https://data.riksdagen.se/dokument/HA01FiU1.html
2022/23,2023,C,19,Regional utveckling,4088,0,0.3139,1,1.9231,1.6092,0.2319,https://data.riksdagen.se/dokument/HA01FiU1.html
2022/23,2023,C,20,Allmän miljö- och naturvård,13647,3682,1.048,5,9.6154,8.5674,0.2319,https://data.riksdagen.se/dokument/HA01FiU1.html
2022/23,2023,C,21,Energi,4146,-483,0.3184,4,7.6923,7.3739,0.2319,https://data.riksdagen.se/dokument/HA01FiU1.html
2022/23,2023,C,22,Kommunikationer,96318,6620,7.3968,0,0.0,-7.3968,0.2319,https://data.riksdagen.se/dokument/HA01FiU1.html
2022/23,2023,C,23,"Areella näringar, landsbygd och livsmedel",21316,534,1.637,2,3.8462,2.2092,0.2319,https://data.riksdagen.se/dokument/HA01FiU1.html
2022/23,2023,C,24,Näringsliv,7400,-26,0.5683,8,15.3846,14.8163,0.2319,https://data.riksdagen.se/dokument/HA01FiU1.html
2022/23,2023,C,25,Allmänna bidrag till kommuner,157651,-141,12.1069,6,11.5385,-0.5684,0.2319,https://data.riksdagen.se/dokument/HA01FiU1.html
2022/23,2023,C,26,Statsskuldsräntor m.m.,9155,0,0.7031,0,0.0,-0.7031,0.2319,https://data.riksdagen.se/dokument/HA01FiU1.html
2022/23,2023,C,27,Avgiften till Europeiska unionen,47357,0,3.6368,0,0.0,-3.6368,0.2319,https://data.riksdagen.se/dokument/HA01FiU1.html
2022/23,2023,MP,1,Rikets styrelse,18536,322,1.2541,7,11.1111,9.857,-0.1603,https://data.riksdagen.se/dokument/HA01FiU1.html
2022/23,2023,MP,2,Samhällsekonomi och finansförvaltning,21096,10,1.4273,1,1.5873,0.16,-0.1603,https://data.riksdagen.se/dokument/HA01FiU1.html
2022/23,2023,MP,3,"Skatt, tull och exekution",13254,-170,0.8968,0,0.0,-0.8968,-0.1603,https://data.riksdagen.se/dokument/HA01FiU1.html
2022/23,2023,MP,4,Rättsväsendet,77065,200,5.2142,0,0.0,-5.2142,-0.1603,https://data.riksdagen.se/dokument/HA01FiU1.html
2022/23,2023,MP,5,Internationell samverkan,2462,330,0.1666,1,1.5873,1.4207,-0.1603,https://data.riksdagen.se/dokument/HA01FiU1.html
2022/23,2023,MP,6,Försvar och samhällets krisberedskap,124694,1465,8.4368,2,3.1746,-5.2622,-0.1603,https://data.riksdagen.se/dokument/HA01FiU1.html
2022/23,2023,MP,7,Internationellt bistånd,69996,20100,4.7359,0,0.0,-4.7359,-0.1603,https://data.riksdagen.se/dokument/HA01FiU1.html
2022/23,2023,MP,8,Migration,9937,388,0.6723,0,0.0,-0.6723,-0.1603,https://data.riksdagen.se/dokument/HA01FiU1.html
2022/23,2023,MP,9,"Hälsovård, sjukvård och social omsorg",134799,34053,9.1205,2,3.1746,-5.9459,-0.1603,https://data.riksdagen.se/dokument/HA01FiU1.html
2022/23,2023,MP,10,Ekonomisk trygghet vid sjukdom och funktionsnedsättning,121256,6998,8.2041,0,0.0,-8.2041,-0.1603,https://data.riksdagen.se/dokument/HA01FiU1.html
2022/23,2023,MP,11,Ekonomisk trygghet vid ålderdom,64481,2790,4.3628,0,0.0,-4.3628,-0.1603,https://data.riksdagen.se/dokument/HA01FiU1.html
2022/23,2023,MP,12,Ekonomisk trygghet för familjer och barn,123002,11961,8.3223,2,3.1746,-5.1477,-0.1603,https://data.riksdagen.se/dokument/HA01FiU1.html
2022/23,2023,MP,13,Jämställdhet och nyanlända invandrares etablering,5589,1034,0.3782,3,4.7619,4.3837,-0.1603,https://data.riksdagen.se/dokument/HA01FiU1.html
2022/23,2023,MP,14,Arbetsmarknad och arbetsliv,93163,2504,6.3034,0,0.0,-6.3034,-0.1603,https://data.riksdagen.se/dokument/HA01FiU1.html
2022/23,2023,MP,15,Studiestöd,36555,1467,2.4733,0,0.0,-2.4733,-0.1603,https://data.riksdagen.se/dokument/HA01FiU1.html
2022/23,2023,MP,16,Utbildning och universitetsforskning,102015,5258,6.9023,2,3.1746,-3.7277,-0.1603,https://data.riksdagen.se/dokument/HA01FiU1.html
2022/23,2023,MP,17,"Kultur, medier, trossamfund och fritid",19671,2841,1.3309,1,1.5873,0.2564,-0.1603,https://data.riksdagen.se/dokument/HA01FiU1.html
2022/23,2023,MP,18,"Samhällsplanering, bostadsförsörjning och byggande samt konsumentpolitik",9587,6705,0.6487,0,0.0,-0.6487,-0.1603,https://data.riksdagen.se/dokument/HA01FiU1.html
2022/23,2023,MP,19,Regional utveckling,4655,567,0.315,0,0.0,-0.315,-0.1603,https://data.riksdagen.se/dokument/HA01FiU1.html
2022/23,2023,MP,20,Allmän miljö- och naturvård,35787,25822,2.4213,26,41.2698,38.8485,-0.1603,https://data.riksdagen.se/dokument/HA01FiU1.html
2022/23,2023,MP,21,Energi,20335,15706,1.3759,9,14.2857,12.9098,-0.1603,https://data.riksdagen.se/dokument/HA01FiU1.html
2022/23,2023,MP,22,Kommunikationer,109827,20129,7.4309,0,0.0,-7.4309,-0.1603,https://data.riksdagen.se/dokument/HA01FiU1.html
2022/23,2023,MP,23,"Areella näringar, landsbygd och livsmedel",24492,3710,1.6571,1,1.5873,-0.0698,-0.1603,https://data.riksdagen.se/dokument/HA01FiU1.html
2022/23,2023,MP,24,Näringsliv,7426,0,0.5024,6,9.5238,9.0214,-0.1603,https://data.riksdagen.se/dokument/HA01FiU1.html
2022/23,2023,MP,25,Allmänna bidrag till kommuner,171792,14000,11.6234,0,0.0,-11.6234,-0.1603,https://data.riksdagen.se/dokument/HA01FiU1.html
2022/23,2023,MP,26,Statsskuldsräntor m.m.,9155,0,0.6194,0,0.0,-0.6194,-0.1603,https://data.riksdagen.se/dokument/HA01FiU1.html
2022/23,2023,MP,27,Avgiften till Europeiska unionen,47357,0,3.2042,0,0.0,-3.2042,-0.1603,https://data.riksdagen.se/dokument/HA01FiU1.html
2022/23,2023,S,1,Rikets styrelse,17474,-740,1.325,3,3.2967,1.9717,0.1529,https://data.riksdagen.se/dokument/HA01FiU1.html
2022/23,2023,S,2,Samhällsekonomi och finansförvaltning,21136,50,1.6027,7,7.6923,6.0896,0.1529,https://data.riksdagen.se/dokument/HA01FiU1.html
2022/23,2023,S,3,"Skatt, tull och exekution",13424,0,1.0179,4,4.3956,3.3777,0.1529,https://data.riksdagen.se/dokument/HA01FiU1.html
2022/23,2023,S,4,Rättsväsendet,76865,0,5.8284,0,0.0,-5.8284,0.1529,https://data.riksdagen.se/dokument/HA01FiU1.html
2022/23,2023,S,5,Internationell samverkan,2132,0,0.1617,0,0.0,-0.1617,0.1529,https://data.riksdagen.se/dokument/HA01FiU1.html
2022/23,2023,S,6,Försvar och samhällets krisberedskap,123229,0,9.3441,12,13.1868,3.8427,0.1529,https://data.riksdagen.se/dokument/HA01FiU1.html
2022/23,2023,S,7,Internationellt bistånd,53050,3154,4.0226,0,0.0,-4.0226,0.1529,https://data.riksdagen.se/dokument/HA01FiU1.html
2022/23,2023,S,8,Migration,9549,0,0.7241,0,0.0,-0.7241,0.1529,https://data.riksdagen.se/dokument/HA01FiU1.html
2022/23,2023,S,9,"Hälsovård, sjukvård och social omsorg",102929,2183,7.8048,4,4.3956,-3.4092,0.1529,https://data.riksdagen.se/dokument/HA01FiU1.html
2022/23,2023,S,10,Ekonomisk trygghet vid sjukdom och funktionsnedsättning,115158,900,8.7321,0,0.0,-8.7321,0.1529,https://data.riksdagen.se/dokument/HA01FiU1.html
2022/23,2023,S,11,Ekonomisk trygghet vid ålderdom,61691,0,4.6778,6,6.5934,1.9156,0.1529,https://data.riksdagen.se/dokument/HA01FiU1.html
2022/23,2023,S,12,Ekonomisk trygghet för familjer och barn,111041,0,8.4199,4,4.3956,-4.0243,0.1529,https://data.riksdagen.se/dokument/HA01FiU1.html
2022/23,2023,S,13,Jämställdhet och nyanlända invandrares etablering,5474,919,0.4151,1,1.0989,0.6838,0.1529,https://data.riksdagen.se/dokument/HA01FiU1.html
2022/23,2023,S,14,Arbetsmarknad och arbetsliv,91255,596,6.9196,1,1.0989,-5.8207,0.1529,https://data.riksdagen.se/dokument/HA01FiU1.html
2022/23,2023,S,15,Studiestöd,35088,0,2.6606,0,0.0,-2.6606,0.1529,https://data.riksdagen.se/dokument/HA01FiU1.html
2022/23,2023,S,16,Utbildning och universitetsforskning,99013,2256,7.5078,5,5.4945,-2.0133,0.1529,https://data.riksdagen.se/dokument/HA01FiU1.html
2022/23,2023,S,17,"Kultur, medier, trossamfund och fritid",17330,500,1.3141,4,4.3956,3.0815,0.1529,https://data.riksdagen.se/dokument/HA01FiU1.html
2022/23,2023,S,18,"Samhällsplanering, bostadsförsörjning och byggande samt konsumentpolitik",3982,1100,0.3019,0,0.0,-0.3019,0.1529,https://data.riksdagen.se/dokument/HA01FiU1.html
2022/23,2023,S,19,Regional utveckling,4088,0,0.31,0,0.0,-0.31,0.1529,https://data.riksdagen.se/dokument/HA01FiU1.html
2022/23,2023,S,20,Allmän miljö- och naturvård,11795,1830,0.8944,7,7.6923,6.7979,0.1529,https://data.riksdagen.se/dokument/HA01FiU1.html
2022/23,2023,S,21,Energi,4271,-358,0.3239,17,18.6813,18.3574,0.1529,https://data.riksdagen.se/dokument/HA01FiU1.html
2022/23,2023,S,22,Kommunikationer,90198,500,6.8394,1,1.0989,-5.7405,0.1529,https://data.riksdagen.se/dokument/HA01FiU1.html
2022/23,2023,S,23,"Areella näringar, landsbygd och livsmedel",20892,110,1.5842,0,0.0,-1.5842,0.1529,https://data.riksdagen.se/dokument/HA01FiU1.html
2022/23,2023,S,24,Näringsliv,7426,0,0.5631,5,5.4945,4.9314,0.1529,https://data.riksdagen.se/dokument/HA01FiU1.html
2022/23,2023,S,25,Allmänna bidrag till kommuner,163792,6000,12.4198,8,8.7912,-3.6286,0.1529,https://data.riksdagen.se/dokument/HA01FiU1.html
2022/23,2023,S,26,Statsskuldsräntor m.m.,9155,0,0.6942,2,2.1978,1.5036,0.1529,https://data.riksdagen.se/dokument/HA01FiU1.html
2022/23,2023,S,27,Avgiften till Europeiska unionen,47357,0,3.5909,0,0.0,-3.5909,0.1529,https://data.riksdagen.se/dokument/HA01FiU1.html
2022/23,2023,V,1,Rikets styrelse,17495,-719,1.1741,0,0.0,-1.1741,0.2416,https://data.riksdagen.se/dokument/HA01FiU1.html
2022/23,2023,V,2,Samhällsekonomi och finansförvaltning,26185,5099,1.7573,0,0.0,-1.7573,0.2416,https://data.riksdagen.se/dokument/HA01FiU1.html
2022/23,2023,V,3,"Skatt, tull och exekution",13251,-173,0.8893,6,7.6923,6.803,0.2416,https://data.riksdagen.se/dokument/HA01FiU1.html
2022/23,2023,V,4,Rättsväsendet,75020,-1845,5.0346,0,0.0,-5.0346,0.2416,https://data.riksdagen.se/dokument/HA01FiU1.html
2022/23,2023,V,5,Internationell samverkan,2152,20,0.1444,0,0.0,-0.1444,0.2416,https://data.riksdagen.se/dokument/HA01FiU1.html
2022/23,2023,V,6,Försvar och samhällets krisberedskap,123229,0,8.2699,10,12.8205,4.5506,0.2416,https://data.riksdagen.se/dokument/HA01FiU1.html
2022/23,2023,V,7,Internationellt bistånd,63476,13580,4.2599,0,0.0,-4.2599,0.2416,https://data.riksdagen.se/dokument/HA01FiU1.html
2022/23,2023,V,8,Migration,9609,60,0.6449,0,0.0,-0.6449,0.2416,https://data.riksdagen.se/dokument/HA01FiU1.html
2022/23,2023,V,9,"Hälsovård, sjukvård och social omsorg",106337,5591,7.1363,4,5.1282,-2.0081,0.2416,https://data.riksdagen.se/dokument/HA01FiU1.html
2022/23,2023,V,10,Ekonomisk trygghet vid sjukdom och funktionsnedsättning,125271,11013,8.4069,3,3.8462,-4.5607,0.2416,https://data.riksdagen.se/dokument/HA01FiU1.html
2022/23,2023,V,11,Ekonomisk trygghet vid ålderdom,72141,10450,4.8414,7,8.9744,4.133,0.2416,https://data.riksdagen.se/dokument/HA01FiU1.html
2022/23,2023,V,12,Ekonomisk trygghet för familjer och barn,115834,4793,7.7736,0,0.0,-7.7736,0.2416,https://data.riksdagen.se/dokument/HA01FiU1.html
2022/23,2023,V,13,Jämställdhet och nyanlända invandrares etablering,6174,1619,0.4143,0,0.0,-0.4143,0.2416,https://data.riksdagen.se/dokument/HA01FiU1.html
2022/23,2023,V,14,Arbetsmarknad och arbetsliv,113425,22766,7.6119,1,1.2821,-6.3298,0.2416,https://data.riksdagen.se/dokument/HA01FiU1.html
2022/23,2023,V,15,Studiestöd,36945,1857,2.4794,0,0.0,-2.4794,0.2416,https://data.riksdagen.se/dokument/HA01FiU1.html
2022/23,2023,V,16,Utbildning och universitetsforskning,106378,9621,7.139,11,14.1026,6.9636,0.2416,https://data.riksdagen.se/dokument/HA01FiU1.html
2022/23,2023,V,17,"Kultur, medier, trossamfund och fritid",18567,1737,1.246,0,0.0,-1.246,0.2416,https://data.riksdagen.se/dokument/HA01FiU1.html
2022/23,2023,V,18,"Samhällsplanering, bostadsförsörjning och byggande samt konsumentpolitik",17032,14150,1.143,4,5.1282,3.9852,0.2416,https://data.riksdagen.se/dokument/HA01FiU1.html
2022/23,2023,V,19,Regional utveckling,4118,30,0.2764,0,0.0,-0.2764,0.2416,https://data.riksdagen.se/dokument/HA01FiU1.html
2022/23,2023,V,20,Allmän miljö- och naturvård,25339,15374,1.7005,0,0.0,-1.7005,0.2416,https://data.riksdagen.se/dokument/HA01FiU1.html
2022/23,2023,V,21,Energi,11529,6900,0.7737,7,8.9744,8.2007,0.2416,https://data.riksdagen.se/dokument/HA01FiU1.html
2022/23,2023,V,22,Kommunikationer,112114,22416,7.5239,3,3.8462,-3.6777,0.2416,https://data.riksdagen.se/dokument/HA01FiU1.html
2022/23,2023,V,23,"Areella näringar, landsbygd och livsmedel",23843,3061,1.6001,0,0.0,-1.6001,0.2416,https://data.riksdagen.se/dokument/HA01FiU1.html
2022/23,2023,V,24,Näringsliv,7956,530,0.5339,16,20.5128,19.9789,0.2416,https://data.riksdagen.se/dokument/HA01FiU1.html
2022/23,2023,V,25,Allmänna bidrag till kommuner,200153,42361,13.4322,6,7.6923,-5.7399,0.2416,https://data.riksdagen.se/dokument/HA01FiU1.html
2022/23,2023,V,26,Statsskuldsräntor m.m.,9165,10,0.6151,0,0.0,-0.6151,0.2416,https://data.riksdagen.se/dokument/HA01FiU1.html
2022/23,2023,V,27,Avgiften till Europeiska unionen,47357,0,3.1781,0,0.0,-3.1781,0.2416,https://data.riksdagen.se/dokument/HA01FiU1.html
2023/24,2024,C,1,Rikets styrelse,18644,-557,1.3222,2,2.6667,1.3445,0.4103,https://data.riksdagen.se/dokument/HB01FiU1.html
2023/24,2024,C,2,Samhällsekonomi och finansförvaltning,22296,-14,1.5812,1,1.3333,-0.2479,0.4103,https://data.riksdagen.se/dokument/HB01FiU1.html
2023/24,2024,C,3,"Skatt, tull och exekution",14432,-47,1.0235,1,1.3333,0.3098,0.4103,https://data.riksdagen.se/dokument/HB01FiU1.html
2023/24,2024,C,4,Rättsväsendet,90822,555,6.441,2,2.6667,-3.7743,0.4103,https://data.riksdagen.se/dokument/HB01FiU1.html
2023/24,2024,C,5,Internationell samverkan,2250,-1,0.1596,0,0.0,-0.1596,0.4103,https://data.riksdagen.se/dokument/HB01FiU1.html
2023/24,2024,C,6,Försvar och samhällets krisberedskap,139757,175,9.9115,15,20.0,10.0885,0.4103,https://data.riksdagen.se/dokument/HB01FiU1.html
2023/24,2024,C,7,Internationellt bistånd,56027,8345,3.9734,0,0.0,-3.9734,0.4103,https://data.riksdagen.se/dokument/HB01FiU1.html
2023/24,2024,C,8,Migration,12928,29,0.9168,2,2.6667,1.7499,0.4103,https://data.riksdagen.se/dokument/HB01FiU1.html
2023/24,2024,C,9,"Hälsovård, sjukvård och social omsorg",104172,-1275,7.3878,1,1.3333,-6.0545,0.4103,https://data.riksdagen.se/dokument/HB01FiU1.html
2023/24,2024,C,10,Ekonomisk trygghet vid sjukdom och funktionsnedsättning,116706,-998,8.2767,0,0.0,-8.2767,0.4103,https://data.riksdagen.se/dokument/HB01FiU1.html
2023/24,2024,C,11,Ekonomisk trygghet vid ålderdom,59712,-3,4.2347,0,0.0,-4.2347,0.4103,https://data.riksdagen.se/dokument/HB01FiU1.html
2023/24,2024,C,12,Ekonomisk trygghet för familjer och barn,111510,-1167,7.9082,0,0.0,-7.9082,0.4103,https://data.riksdagen.se/dokument/HB01FiU1.html
2023/24,2024,C,13,Integration och jämställdhet,4780,1491,0.339,0,0.0,-0.339,0.4103,https://data.riksdagen.se/dokument/HB01FiU1.html
2023/24,2024,C,14,Arbetsmarknad och arbetsliv,78835,-11954,5.5909,2,2.6667,-2.9242,0.4103,https://data.riksdagen.se/dokument/HB01FiU1.html
2023/24,2024,C,15,Studiestöd,39238,1842,2.7827,0,0.0,-2.7827,0.4103,https://data.riksdagen.se/dokument/HB01FiU1.html
2023/24,2024,C,16,Utbildning och universitetsforskning,105670,6662,7.4941,9,12.0,4.5059,0.4103,https://data.riksdagen.se/dokument/HB01FiU1.html
2023/24,2024,C,17,"Kultur, medier, trossamfund och fritid",17470,1057,1.239,3,4.0,2.761,0.4103,https://data.riksdagen.se/dokument/HB01FiU1.html
2023/24,2024,C,18,"Samhällsplanering, bostadsförsörjning och byggande samt konsumentpolitik",1564,-64,0.1109,0,0.0,-0.1109,0.4103,https://data.riksdagen.se/dokument/HB01FiU1.html
2023/24,2024,C,19,Regional utveckling,10223,5900,0.725,5,6.6667,5.9417,0.4103,https://data.riksdagen.se/dokument/HB01FiU1.html
2023/24,2024,C,20,"Klimat, miljö och natur",21804,5629,1.5463,3,4.0,2.4537,0.4103,https://data.riksdagen.se/dokument/HB01FiU1.html
2023/24,2024,C,21,Energi,4791,22,0.3398,2,2.6667,2.3269,0.4103,https://data.riksdagen.se/dokument/HB01FiU1.html
2023/24,2024,C,22,Kommunikationer,99708,502,7.0712,1,1.3333,-5.7379,0.4103,https://data.riksdagen.se/dokument/HB01FiU1.html
2023/24,2024,C,23,"Areella näringar, landsbygd och livsmedel",20019,270,1.4197,9,12.0,10.5803,0.4103,https://data.riksdagen.se/dokument/HB01FiU1.html
2023/24,2024,C,24,Näringsliv,7406,8,0.5252,6,8.0,7.4748,0.4103,https://data.riksdagen.se/dokument/HB01FiU1.html
2023/24,2024,C,25,Allmänna bidrag till kommuner,169535,-233,12.0233,11,14.6667,2.6434,0.4103,https://data.riksdagen.se/dokument/HB01FiU1.html
2023/24,2024,C,26,Statsskuldsräntor m.m.,26855,0,1.9045,0,0.0,-1.9045,0.4103,https://data.riksdagen.se/dokument/HB01FiU1.html
2023/24,2024,C,27,Avgiften till Europeiska unionen,52897,0,3.7514,0,0.0,-3.7514,0.4103,https://data.riksdagen.se/dokument/HB01FiU1.html
2023/24,2024,MP,1,Rikets styrelse,19611,410,1.248,1,1.2658,0.0178,0.0342,https://data.riksdagen.se/dokument/HB01FiU1.html
2023/24,2024,MP,2,Samhällsekonomi och finansförvaltning,22361,51,1.423,2,2.5316,1.1086,0.0342,https://data.riksdagen.se/dokument/HB01FiU1.html
2023/24,2024,MP,3,"Skatt, tull och exekution",14519,40,0.924,0,0.0,-0.924,0.0342,https://data.riksdagen.se/dokument/HB01FiU1.html
2023/24,2024,MP,4,Rättsväsendet,91535,1268,5.8253,0,0.0,-5.8253,0.0342,https://data.riksdagen.se/dokument/HB01FiU1.html
2023/24,2024,MP,5,Internationell samverkan,2531,280,0.1611,0,0.0,-0.1611,0.0342,https://data.riksdagen.se/dokument/HB01FiU1.html
2023/24,2024,MP,6,Försvar och samhällets krisberedskap,141387,1805,8.9978,13,16.4557,7.4579,0.0342,https://data.riksdagen.se/dokument/HB01FiU1.html
2023/24,2024,MP,7,Internationellt bistånd,77701,30019,4.9449,0,0.0,-4.9449,0.0342,https://data.riksdagen.se/dokument/HB01FiU1.html
2023/24,2024,MP,8,Migration,12730,-169,0.8101,0,0.0,-0.8101,0.0342,https://data.riksdagen.se/dokument/HB01FiU1.html
2023/24,2024,MP,9,"Hälsovård, sjukvård och social omsorg",106281,834,6.7637,4,5.0633,-1.7004,0.0342,https://data.riksdagen.se/dokument/HB01FiU1.html
2023/24,2024,MP,10,Ekonomisk trygghet vid sjukdom och funktionsnedsättning,122044,4340,7.7668,0,0.0,-7.7668,0.0342,https://data.riksdagen.se/dokument/HB01FiU1.html
2023/24,2024,MP,11,Ekonomisk trygghet vid ålderdom,59722,7,3.8007,0,0.0,-3.8007,0.0342,https://data.riksdagen.se/dokument/HB01FiU1.html
2023/24,2024,MP,12,Ekonomisk trygghet för familjer och barn,117777,5100,7.4953,0,0.0,-7.4953,0.0342,https://data.riksdagen.se/dokument/HB01FiU1.html
2023/24,2024,MP,13,Integration och jämställdhet,4894,1605,0.3115,0,0.0,-0.3115,0.0342,https://data.riksdagen.se/dokument/HB01FiU1.html
2023/24,2024,MP,14,Arbetsmarknad och arbetsliv,93086,2297,5.924,0,0.0,-5.924,0.0342,https://data.riksdagen.se/dokument/HB01FiU1.html
2023/24,2024,MP,15,Studiestöd,39212,1816,2.4954,0,0.0,-2.4954,0.0342,https://data.riksdagen.se/dokument/HB01FiU1.html
2023/24,2024,MP,16,Utbildning och universitetsforskning,103396,4388,6.5801,6,7.5949,1.0148,0.0342,https://data.riksdagen.se/dokument/HB01FiU1.html
2023/24,2024,MP,17,"Kultur, medier, trossamfund och fritid",19171,2758,1.22,2,2.5316,1.3116,0.0342,https://data.riksdagen.se/dokument/HB01FiU1.html
2023/24,2024,MP,18,"Samhällsplanering, bostadsförsörjning och byggande samt konsumentpolitik",9463,7835,0.6022,2,2.5316,1.9294,0.0342,https://data.riksdagen.se/dokument/HB01FiU1.html
2023/24,2024,MP,19,Regional utveckling,4323,0,0.2751,1,1.2658,0.9907,0.0342,https://data.riksdagen.se/dokument/HB01FiU1.html
2023/24,2024,MP,20,"Klimat, miljö och natur",44820,28645,2.8523,18,22.7848,19.9325,0.0342,https://data.riksdagen.se/dokument/HB01FiU1.html
2023/24,2024,MP,21,Energi,21217,16448,1.3502,17,21.519,20.1688,0.0342,https://data.riksdagen.se/dokument/HB01FiU1.html
2023/24,2024,MP,22,Kommunikationer,134630,35424,8.5678,0,0.0,-8.5678,0.0342,https://data.riksdagen.se/dokument/HB01FiU1.html
2023/24,2024,MP,23,"Areella näringar, landsbygd och livsmedel",24923,5174,1.5861,0,0.0,-1.5861,0.0342,https://data.riksdagen.se/dokument/HB01FiU1.html
2023/24,2024,MP,24,Näringsliv,8016,618,0.5101,10,12.6582,12.1481,0.0342,https://data.riksdagen.se/dokument/HB01FiU1.html
2023/24,2024,MP,25,Allmänna bidrag till kommuner,196244,26476,12.4889,3,3.7975,-8.6914,0.0342,https://data.riksdagen.se/dokument/HB01FiU1.html
2023/24,2024,MP,26,Statsskuldsräntor m.m.,26855,0,1.709,0,0.0,-1.709,0.0342,https://data.riksdagen.se/dokument/HB01FiU1.html
2023/24,2024,MP,27,Avgiften till Europeiska unionen,52897,0,3.3663,0,0.0,-3.3663,0.0342,https://data.riksdagen.se/dokument/HB01FiU1.html
2023/24,2024,S,1,Rikets styrelse,18806,-395,1.3345,4,6.6667,5.3322,0.3581,https://data.riksdagen.se/dokument/HB01FiU1.html
2023/24,2024,S,2,Samhällsekonomi och finansförvaltning,22320,10,1.5838,0,0.0,-1.5838,0.3581,https://data.riksdagen.se/dokument/HB01FiU1.html
2023/24,2024,S,3,"Skatt, tull och exekution",14579,100,1.0345,4,6.6667,5.6322,0.3581,https://data.riksdagen.se/dokument/HB01FiU1.html
2023/24,2024,S,4,Rättsväsendet,90367,100,6.4124,0,0.0,-6.4124,0.3581,https://data.riksdagen.se/dokument/HB01FiU1.html
2023/24,2024,S,5,Internationell samverkan,2251,0,0.1597,0,0.0,-0.1597,0.3581,https://data.riksdagen.se/dokument/HB01FiU1.html
2023/24,2024,S,6,Försvar och samhällets krisberedskap,139582,0,9.9047,12,20.0,10.0953,0.3581,https://data.riksdagen.se/dokument/HB01FiU1.html
2023/24,2024,S,7,Internationellt bistånd,48682,1000,3.4545,0,0.0,-3.4545,0.3581,https://data.riksdagen.se/dokument/HB01FiU1.html
2023/24,2024,S,8,Migration,12899,0,0.9153,2,3.3333,2.418,0.3581,https://data.riksdagen.se/dokument/HB01FiU1.html
2023/24,2024,S,9,"Hälsovård, sjukvård och social omsorg",106487,1040,7.5563,6,10.0,2.4437,0.3581,https://data.riksdagen.se/dokument/HB01FiU1.html
2023/24,2024,S,10,Ekonomisk trygghet vid sjukdom och funktionsnedsättning,117934,230,8.3686,1,1.6667,-6.7019,0.3581,https://data.riksdagen.se/dokument/HB01FiU1.html
2023/24,2024,S,11,Ekonomisk trygghet vid ålderdom,59715,0,4.2374,3,5.0,0.7626,0.3581,https://data.riksdagen.se/dokument/HB01FiU1.html
2023/24,2024,S,12,Ekonomisk trygghet för familjer och barn,112677,0,7.9956,1,1.6667,-6.3289,0.3581,https://data.riksdagen.se/dokument/HB01FiU1.html
2023/24,2024,S,13,Integration och jämställdhet,3859,570,0.2738,0,0.0,-0.2738,0.3581,https://data.riksdagen.se/dokument/HB01FiU1.html
2023/24,2024,S,14,Arbetsmarknad och arbetsliv,91359,570,6.4828,4,6.6667,0.1839,0.3581,https://data.riksdagen.se/dokument/HB01FiU1.html
2023/24,2024,S,15,Studiestöd,37416,20,2.655,1,1.6667,-0.9883,0.3581,https://data.riksdagen.se/dokument/HB01FiU1.html
2023/24,2024,S,16,Utbildning och universitetsforskning,99963,955,7.0934,7,11.6667,4.5733,0.3581,https://data.riksdagen.se/dokument/HB01FiU1.html
2023/24,2024,S,17,"Kultur, medier, trossamfund och fritid",16963,550,1.2037,2,3.3333,2.1296,0.3581,https://data.riksdagen.se/dokument/HB01FiU1.html
2023/24,2024,S,18,"Samhällsplanering, bostadsförsörjning och byggande samt konsumentpolitik",3138,1510,0.2227,0,0.0,-0.2227,0.3581,https://data.riksdagen.se/dokument/HB01FiU1.html
2023/24,2024,S,19,Regional utveckling,4343,20,0.3082,0,0.0,-0.3082,0.3581,https://data.riksdagen.se/dokument/HB01FiU1.html
2023/24,2024,S,20,"Klimat, miljö och natur",16805,630,1.1925,5,8.3333,7.1408,0.3581,https://data.riksdagen.se/dokument/HB01FiU1.html
2023/24,2024,S,21,Energi,4829,60,0.3427,3,5.0,4.6573,0.3581,https://data.riksdagen.se/dokument/HB01FiU1.html
2023/24,2024,S,22,Kommunikationer,99606,400,7.068,1,1.6667,-5.4013,0.3581,https://data.riksdagen.se/dokument/HB01FiU1.html
2023/24,2024,S,23,"Areella näringar, landsbygd och livsmedel",19987,238,1.4183,0,0.0,-1.4183,0.3581,https://data.riksdagen.se/dokument/HB01FiU1.html
2023/24,2024,S,24,Näringsliv,7583,185,0.5381,2,3.3333,2.7952,0.3581,https://data.riksdagen.se/dokument/HB01FiU1.html
2023/24,2024,S,25,Allmänna bidrag till kommuner,177344,7576,12.5843,1,1.6667,-10.9176,0.3581,https://data.riksdagen.se/dokument/HB01FiU1.html
2023/24,2024,S,26,Statsskuldsräntor m.m.,26855,0,1.9056,1,1.6667,-0.2389,0.3581,https://data.riksdagen.se/dokument/HB01FiU1.html
2023/24,2024,S,27,Avgiften till Europeiska unionen,52897,0,3.7536,0,0.0,-3.7536,0.3581,https://data.riksdagen.se/dokument/HB01FiU1.html
2023/24,2024,V,1,Rikets styrelse,19386,185,1.2519,1,2.2727,1.0208,0.3646,https://data.riksdagen.se/dokument/HB01FiU1.html
2023/24,2024,V,2,Samhällsekonomi och finansförvaltning,23478,1168,1.5162,0,0.0,-1.5162,0.3646,https://data.riksdagen.se/dokument/HB01FiU1.html
2023/24,2024,V,3,"Skatt, tull och exekution",14489,10,0.9357,0,0.0,-0.9357,0.3646,https://data.riksdagen.se/dokument/HB01FiU1.html
2023/24,2024,V,4,Rättsväsendet,89877,-390,5.8042,0,0.0,-5.8042,0.3646,https://data.riksdagen.se/dokument/HB01FiU1.html
2023/24,2024,V,5,Internationell samverkan,2265,14,0.1463,2,4.5455,4.3992,0.3646,https://data.riksdagen.se/dokument/HB01FiU1.html
2023/24,2024,V,6,Försvar och samhällets krisberedskap,139582,0,9.0141,10,22.7273,13.7132,0.3646,https://data.riksdagen.se/dokument/HB01FiU1.html
2023/24,2024,V,7,Internationellt bistånd,64977,17295,4.1962,0,0.0,-4.1962,0.3646,https://data.riksdagen.se/dokument/HB01FiU1.html
2023/24,2024,V,8,Migration,12362,-537,0.7983,1,2.2727,1.4744,0.3646,https://data.riksdagen.se/dokument/HB01FiU1.html
2023/24,2024,V,9,"Hälsovård, sjukvård och social omsorg",111687,6240,7.2126,6,13.6364,6.4238,0.3646,https://data.riksdagen.se/dokument/HB01FiU1.html
2023/24,2024,V,10,Ekonomisk trygghet vid sjukdom och funktionsnedsättning,135478,17774,8.749,0,0.0,-8.749,0.3646,https://data.riksdagen.se/dokument/HB01FiU1.html
2023/24,2024,V,11,Ekonomisk trygghet vid ålderdom,58615,-1100,3.7853,0,0.0,-3.7853,0.3646,https://data.riksdagen.se/dokument/HB01FiU1.html
2023/24,2024,V,12,Ekonomisk trygghet för familjer och barn,133177,20500,8.6004,0,0.0,-8.6004,0.3646,https://data.riksdagen.se/dokument/HB01FiU1.html
2023/24,2024,V,13,Integration och jämställdhet,5134,1845,0.3315,0,0.0,-0.3315,0.3646,https://data.riksdagen.se/dokument/HB01FiU1.html
2023/24,2024,V,14,Arbetsmarknad och arbetsliv,114595,23806,7.4004,1,2.2727,-5.1277,0.3646,https://data.riksdagen.se/dokument/HB01FiU1.html
2023/24,2024,V,15,Studiestöd,37923,527,2.449,0,0.0,-2.449,0.3646,https://data.riksdagen.se/dokument/HB01FiU1.html
2023/24,2024,V,16,Utbildning och universitetsforskning,102449,3441,6.6161,1,2.2727,-4.3434,0.3646,https://data.riksdagen.se/dokument/HB01FiU1.html
2023/24,2024,V,17,"Kultur, medier, trossamfund och fritid",18904,2491,1.2208,0,0.0,-1.2208,0.3646,https://data.riksdagen.se/dokument/HB01FiU1.html
2023/24,2024,V,18,"Samhällsplanering, bostadsförsörjning och byggande samt konsumentpolitik",13780,12152,0.8899,7,15.9091,15.0192,0.3646,https://data.riksdagen.se/dokument/HB01FiU1.html
2023/24,2024,V,19,Regional utveckling,4393,70,0.2837,0,0.0,-0.2837,0.3646,https://data.riksdagen.se/dokument/HB01FiU1.html
2023/24,2024,V,20,"Klimat, miljö och natur",32112,15937,2.0738,0,0.0,-2.0738,0.3646,https://data.riksdagen.se/dokument/HB01FiU1.html
2023/24,2024,V,21,Energi,9799,5030,0.6328,1,2.2727,1.6399,0.3646,https://data.riksdagen.se/dokument/HB01FiU1.html
2023/24,2024,V,22,Kommunikationer,120720,21514,7.796,4,9.0909,1.2949,0.3646,https://data.riksdagen.se/dokument/HB01FiU1.html
2023/24,2024,V,23,"Areella näringar, landsbygd och livsmedel",22151,2402,1.4305,0,0.0,-1.4305,0.3646,https://data.riksdagen.se/dokument/HB01FiU1.html
2023/24,2024,V,24,Näringsliv,8455,1057,0.546,4,9.0909,8.5449,0.3646,https://data.riksdagen.se/dokument/HB01FiU1.html
2023/24,2024,V,25,Allmänna bidrag till kommuner,172939,3171,11.1682,5,11.3636,0.1954,0.3646,https://data.riksdagen.se/dokument/HB01FiU1.html
2023/24,2024,V,26,Statsskuldsräntor m.m.,26865,10,1.7349,1,2.2727,0.5378,0.3646,https://data.riksdagen.se/dokument/HB01FiU1.html
2023/24,2024,V,27,Avgiften till Europeiska unionen,52897,0,3.416,0,0.0,-3.416,0.3646,https://data.riksdagen.se/dokument/HB01FiU1.html
2024/25,2025,C,1,Rikets styrelse,20203,-580,1.3654,0,0.0,-1.3654,0.2525,https://data.riksdagen.se/dokument/HC01FiU1.html
2024/25,2025,C,2,Samhällsekonomi och finansförvaltning,22267,-4,1.5049,1,1.087,-0.4179,0.2525,https://data.riksdagen.se/dokument/HC01FiU1.html
2024/25,2025,C,3,"Skatt, tull och exekution",15493,0,1.0471,6,6.5217,5.4746,0.2525,https://data.riksdagen.se/dokument/HC01FiU1.html
2024/25,2025,C,4,Rättsväsendet,100940,455,6.8218,0,0.0,-6.8218,0.2525,https://data.riksdagen.se/dokument/HC01FiU1.html
2024/25,2025,C,5,Internationell samverkan,2292,0,0.1549,0,0.0,-0.1549,0.2525,https://data.riksdagen.se/dokument/HC01FiU1.html
2024/25,2025,C,6,Försvar och samhällets krisberedskap,167150,350,11.2965,17,18.4783,7.1818,0.2525,https://data.riksdagen.se/dokument/HC01FiU1.html
2024/25,2025,C,7,Internationellt bistånd,58573,14754,3.9585,0,0.0,-3.9585,0.2525,https://data.riksdagen.se/dokument/HC01FiU1.html
2024/25,2025,C,8,Migration,11456,-920,0.7742,2,2.1739,1.3997,0.2525,https://data.riksdagen.se/dokument/HC01FiU1.html
2024/25,2025,C,9,"Hälsovård, sjukvård och social omsorg",112838,-239,7.626,6,6.5217,-1.1043,0.2525,https://data.riksdagen.se/dokument/HC01FiU1.html
2024/25,2025,C,10,Ekonomisk trygghet vid sjukdom och funktionsnedsättning,129523,1938,8.7536,0,0.0,-8.7536,0.2525,https://data.riksdagen.se/dokument/HC01FiU1.html
2024/25,2025,C,11,Ekonomisk trygghet vid ålderdom,57710,0,3.9002,0,0.0,-3.9002,0.2525,https://data.riksdagen.se/dokument/HC01FiU1.html
2024/25,2025,C,12,Ekonomisk trygghet för familjer och barn,105206,-1500,7.1102,0,0.0,-7.1102,0.2525,https://data.riksdagen.se/dokument/HC01FiU1.html
2024/25,2025,C,13,Integration och jämställdhet,4887,2140,0.3303,1,1.087,0.7567,0.2525,https://data.riksdagen.se/dokument/HC01FiU1.html
2024/25,2025,C,14,Arbetsmarknad och arbetsliv,80954,-10094,5.4711,7,7.6087,2.1376,0.2525,https://data.riksdagen.se/dokument/HC01FiU1.html
2024/25,2025,C,15,Studiestöd,37538,145,2.5369,0,0.0,-2.5369,0.2525,https://data.riksdagen.se/dokument/HC01FiU1.html
2024/25,2025,C,16,Utbildning och universitetsforskning,108320,5253,7.3206,9,9.7826,2.462,0.2525,https://data.riksdagen.se/dokument/HC01FiU1.html
2024/25,2025,C,17,"Kultur, medier, trossamfund och fritid",17280,870,1.1678,0,0.0,-1.1678,0.2525,https://data.riksdagen.se/dokument/HC01FiU1.html
2024/25,2025,C,18,"Samhällsplanering, bostadsförsörjning och byggande samt konsumentpolitik",2223,10,0.1502,0,0.0,-0.1502,0.2525,https://data.riksdagen.se/dokument/HC01FiU1.html
2024/25,2025,C,19,Regional utveckling,3893,120,0.2631,0,0.0,-0.2631,0.2525,https://data.riksdagen.se/dokument/HC01FiU1.html
2024/25,2025,C,20,"Klimat, miljö och natur",18951,4470,1.2808,0,0.0,-1.2808,0.2525,https://data.riksdagen.se/dokument/HC01FiU1.html
2024/25,2025,C,21,Energi,9346,1860,0.6316,6,6.5217,5.8901,0.2525,https://data.riksdagen.se/dokument/HC01FiU1.html
2024/25,2025,C,22,Kommunikationer,110866,1000,7.4927,1,1.087,-6.4057,0.2525,https://data.riksdagen.se/dokument/HC01FiU1.html
2024/25,2025,C,23,"Areella näringar, landsbygd och livsmedel",21668,415,1.4644,1,1.087,-0.3774,0.2525,https://data.riksdagen.se/dokument/HC01FiU1.html
2024/25,2025,C,24,Näringsliv,8299,50,0.5609,26,28.2609,27.7,0.2525,https://data.riksdagen.se/dokument/HC01FiU1.html
2024/25,2025,C,25,Allmänna bidrag till kommuner,174654,3820,11.8037,9,9.7826,-2.0211,0.2525,https://data.riksdagen.se/dokument/HC01FiU1.html
2024/25,2025,C,26,Statsskuldsräntor m.m.,18955,0,1.281,0,0.0,-1.281,0.2525,https://data.riksdagen.se/dokument/HC01FiU1.html
2024/25,2025,C,27,Avgiften till Europeiska unionen,58173,0,3.9315,0,0.0,-3.9315,0.2525,https://data.riksdagen.se/dokument/HC01FiU1.html
2024/25,2025,MP,1,Rikets styrelse,20883,100,1.2974,0,0.0,-1.2974,-0.0242,https://data.riksdagen.se/dokument/HC01FiU1.html
2024/25,2025,MP,2,Samhällsekonomi och finansförvaltning,22421,150,1.393,2,3.5714,2.1784,-0.0242,https://data.riksdagen.se/dokument/HC01FiU1.html
2024/25,2025,MP,3,"Skatt, tull och exekution",15493,0,0.9626,0,0.0,-0.9626,-0.0242,https://data.riksdagen.se/dokument/HC01FiU1.html
2024/25,2025,MP,4,Rättsväsendet,101621,1136,6.3136,1,1.7857,-4.5279,-0.0242,https://data.riksdagen.se/dokument/HC01FiU1.html
2024/25,2025,MP,5,Internationell samverkan,2370,78,0.1472,0,0.0,-0.1472,-0.0242,https://data.riksdagen.se/dokument/HC01FiU1.html
2024/25,2025,MP,6,Försvar och samhällets krisberedskap,166814,14,10.364,8,14.2857,3.9217,-0.0242,https://data.riksdagen.se/dokument/HC01FiU1.html
2024/25,2025,MP,7,Internationellt bistånd,66186,22367,4.1121,0,0.0,-4.1121,-0.0242,https://data.riksdagen.se/dokument/HC01FiU1.html
2024/25,2025,MP,8,Migration,11651,-725,0.7239,0,0.0,-0.7239,-0.0242,https://data.riksdagen.se/dokument/HC01FiU1.html
2024/25,2025,MP,9,"Hälsovård, sjukvård och social omsorg",117771,4694,7.317,0,0.0,-7.317,-0.0242,https://data.riksdagen.se/dokument/HC01FiU1.html
2024/25,2025,MP,10,Ekonomisk trygghet vid sjukdom och funktionsnedsättning,132502,4917,8.2322,0,0.0,-8.2322,-0.0242,https://data.riksdagen.se/dokument/HC01FiU1.html
2024/25,2025,MP,11,Ekonomisk trygghet vid ålderdom,57710,0,3.5855,0,0.0,-3.5855,-0.0242,https://data.riksdagen.se/dokument/HC01FiU1.html
2024/25,2025,MP,12,Ekonomisk trygghet för familjer och barn,116305,9599,7.2259,0,0.0,-7.2259,-0.0242,https://data.riksdagen.se/dokument/HC01FiU1.html
2024/25,2025,MP,13,Integration och jämställdhet,6319,3572,0.3926,0,0.0,-0.3926,-0.0242,https://data.riksdagen.se/dokument/HC01FiU1.html
2024/25,2025,MP,14,Arbetsmarknad och arbetsliv,91817,769,5.7045,0,0.0,-5.7045,-0.0242,https://data.riksdagen.se/dokument/HC01FiU1.html
2024/25,2025,MP,15,Studiestöd,39798,2405,2.4726,0,0.0,-2.4726,-0.0242,https://data.riksdagen.se/dokument/HC01FiU1.html
2024/25,2025,MP,16,Utbildning och universitetsforskning,105714,2647,6.5679,0,0.0,-6.5679,-0.0242,https://data.riksdagen.se/dokument/HC01FiU1.html
2024/25,2025,MP,17,"Kultur, medier, trossamfund och fritid",18873,2463,1.1726,1,1.7857,0.6131,-0.0242,https://data.riksdagen.se/dokument/HC01FiU1.html
2024/25,2025,MP,18,"Samhällsplanering, bostadsförsörjning och byggande samt konsumentpolitik",12389,10176,0.7697,0,0.0,-0.7697,-0.0242,https://data.riksdagen.se/dokument/HC01FiU1.html
2024/25,2025,MP,19,Regional utveckling,3938,165,0.2447,0,0.0,-0.2447,-0.0242,https://data.riksdagen.se/dokument/HC01FiU1.html
2024/25,2025,MP,20,"Klimat, miljö och natur",40318,25837,2.5049,4,7.1429,4.638,-0.0242,https://data.riksdagen.se/dokument/HC01FiU1.html
2024/25,2025,MP,21,Energi,20781,13295,1.2911,25,44.6429,43.3518,-0.0242,https://data.riksdagen.se/dokument/HC01FiU1.html
2024/25,2025,MP,22,Kommunikationer,149663,39797,9.2984,2,3.5714,-5.727,-0.0242,https://data.riksdagen.se/dokument/HC01FiU1.html
2024/25,2025,MP,23,"Areella näringar, landsbygd och livsmedel",25301,4048,1.5719,4,7.1429,5.571,-0.0242,https://data.riksdagen.se/dokument/HC01FiU1.html
2024/25,2025,MP,24,Näringsliv,8583,334,0.5333,6,10.7143,10.181,-0.0242,https://data.riksdagen.se/dokument/HC01FiU1.html
2024/25,2025,MP,25,Allmänna bidrag till kommuner,177200,6366,11.0093,3,5.3571,-5.6522,-0.0242,https://data.riksdagen.se/dokument/HC01FiU1.html
2024/25,2025,MP,26,Statsskuldsräntor m.m.,18955,0,1.1777,0,0.0,-1.1777,-0.0242,https://data.riksdagen.se/dokument/HC01FiU1.html
2024/25,2025,MP,27,Avgiften till Europeiska unionen,58173,0,3.6142,0,0.0,-3.6142,-0.0242,https://data.riksdagen.se/dokument/HC01FiU1.html
2024/25,2025,S,1,Rikets styrelse,20503,-280,1.376,0,0.0,-1.376,0.1546,https://data.riksdagen.se/dokument/HC01FiU1.html
2024/25,2025,S,2,Samhällsekonomi och finansförvaltning,22321,50,1.498,1,1.4706,-0.0274,0.1546,https://data.riksdagen.se/dokument/HC01FiU1.html
2024/25,2025,S,3,"Skatt, tull och exekution",15493,0,1.0398,2,2.9412,1.9014,0.1546,https://data.riksdagen.se/dokument/HC01FiU1.html
2024/25,2025,S,4,Rättsväsendet,100525,40,6.7465,0,0.0,-6.7465,0.1546,https://data.riksdagen.se/dokument/HC01FiU1.html
2024/25,2025,S,5,Internationell samverkan,2292,0,0.1538,0,0.0,-0.1538,0.1546,https://data.riksdagen.se/dokument/HC01FiU1.html
2024/25,2025,S,6,Försvar och samhällets krisberedskap,166800,0,11.1944,4,5.8824,-5.312,0.1546,https://data.riksdagen.se/dokument/HC01FiU1.html
2024/25,2025,S,7,Internationellt bistånd,47819,4000,3.2093,0,0.0,-3.2093,0.1546,https://data.riksdagen.se/dokument/HC01FiU1.html
2024/25,2025,S,8,Migration,12376,0,0.8306,4,5.8824,5.0518,0.1546,https://data.riksdagen.se/dokument/HC01FiU1.html
2024/25,2025,S,9,"Hälsovård, sjukvård och social omsorg",113440,363,7.6133,11,16.1765,8.5632,0.1546,https://data.riksdagen.se/dokument/HC01FiU1.html
2024/25,2025,S,10,Ekonomisk trygghet vid sjukdom och funktionsnedsättning,127819,234,8.5783,0,0.0,-8.5783,0.1546,https://data.riksdagen.se/dokument/HC01FiU1.html
2024/25,2025,S,11,Ekonomisk trygghet vid ålderdom,58760,1050,3.9436,4,5.8824,1.9388,0.1546,https://data.riksdagen.se/dokument/HC01FiU1.html
2024/25,2025,S,12,Ekonomisk trygghet för familjer och barn,112075,5369,7.5217,3,4.4118,-3.1099,0.1546,https://data.riksdagen.se/dokument/HC01FiU1.html
2024/25,2025,S,13,Integration och jämställdhet,2839,92,0.1905,0,0.0,-0.1905,0.1546,https://data.riksdagen.se/dokument/HC01FiU1.html
2024/25,2025,S,14,Arbetsmarknad och arbetsliv,92065,1017,6.1788,2,2.9412,-3.2376,0.1546,https://data.riksdagen.se/dokument/HC01FiU1.html
2024/25,2025,S,15,Studiestöd,38167,774,2.5615,1,1.4706,-1.0909,0.1546,https://data.riksdagen.se/dokument/HC01FiU1.html
2024/25,2025,S,16,Utbildning och universitetsforskning,107777,4710,7.2332,4,5.8824,-1.3508,0.1546,https://data.riksdagen.se/dokument/HC01FiU1.html
2024/25,2025,S,17,"Kultur, medier, trossamfund och fritid",18106,1696,1.2151,2,2.9412,1.7261,0.1546,https://data.riksdagen.se/dokument/HC01FiU1.html
2024/25,2025,S,18,"Samhällsplanering, bostadsförsörjning och byggande samt konsumentpolitik",3623,1410,0.2432,8,11.7647,11.5215,0.1546,https://data.riksdagen.se/dokument/HC01FiU1.html
2024/25,2025,S,19,Regional utveckling,6393,2620,0.4291,0,0.0,-0.4291,0.1546,https://data.riksdagen.se/dokument/HC01FiU1.html
2024/25,2025,S,20,"Klimat, miljö och natur",15781,1300,1.0591,1,1.4706,0.4115,0.1546,https://data.riksdagen.se/dokument/HC01FiU1.html
2024/25,2025,S,21,Energi,7586,100,0.5091,5,7.3529,6.8438,0.1546,https://data.riksdagen.se/dokument/HC01FiU1.html
2024/25,2025,S,22,Kommunikationer,111541,1675,7.4858,2,2.9412,-4.5446,0.1546,https://data.riksdagen.se/dokument/HC01FiU1.html
2024/25,2025,S,23,"Areella näringar, landsbygd och livsmedel",21408,155,1.4368,0,0.0,-1.4368,0.1546,https://data.riksdagen.se/dokument/HC01FiU1.html
2024/25,2025,S,24,Näringsliv,8429,180,0.5657,9,13.2353,12.6696,0.1546,https://data.riksdagen.se/dokument/HC01FiU1.html
2024/25,2025,S,25,Allmänna bidrag till kommuner,178960,8126,12.0105,4,5.8824,-6.1281,0.1546,https://data.riksdagen.se/dokument/HC01FiU1.html
2024/25,2025,S,26,Statsskuldsräntor m.m.,18955,0,1.2721,1,1.4706,0.1985,0.1546,https://data.riksdagen.se/dokument/HC01FiU1.html
2024/25,2025,S,27,Avgiften till Europeiska unionen,58173,0,3.9042,0,0.0,-3.9042,0.1546,https://data.riksdagen.se/dokument/HC01FiU1.html
2024/25,2025,V,1,Rikets styrelse,21163,380,1.3006,0,0.0,-1.3006,0.5111,https://data.riksdagen.se/dokument/HC01FiU1.html
2024/25,2025,V,2,Samhällsekonomi och finansförvaltning,22508,237,1.3833,0,0.0,-1.3833,0.5111,https://data.riksdagen.se/dokument/HC01FiU1.html
2024/25,2025,V,3,"Skatt, tull och exekution",15593,100,0.9583,0,0.0,-0.9583,0.5111,https://data.riksdagen.se/dokument/HC01FiU1.html
2024/25,2025,V,4,Rättsväsendet,100564,79,6.1803,0,0.0,-6.1803,0.5111,https://data.riksdagen.se/dokument/HC01FiU1.html
2024/25,2025,V,5,Internationell samverkan,2344,52,0.1441,0,0.0,-0.1441,0.5111,https://data.riksdagen.se/dokument/HC01FiU1.html
2024/25,2025,V,6,Försvar och samhällets krisberedskap,166800,0,10.2509,11,20.3704,10.1195,0.5111,https://data.riksdagen.se/dokument/HC01FiU1.html
2024/25,2025,V,7,Internationellt bistånd,54418,10599,3.3443,0,0.0,-3.3443,0.5111,https://data.riksdagen.se/dokument/HC01FiU1.html
2024/25,2025,V,8,Migration,11056,-1320,0.6795,0,0.0,-0.6795,0.5111,https://data.riksdagen.se/dokument/HC01FiU1.html
2024/25,2025,V,9,"Hälsovård, sjukvård och social omsorg",118649,5572,7.2917,7,12.963,5.6713,0.5111,https://data.riksdagen.se/dokument/HC01FiU1.html
2024/25,2025,V,10,Ekonomisk trygghet vid sjukdom och funktionsnedsättning,145305,17720,8.9299,2,3.7037,-5.2262,0.5111,https://data.riksdagen.se/dokument/HC01FiU1.html
2024/25,2025,V,11,Ekonomisk trygghet vid ålderdom,59910,2200,3.6819,2,3.7037,0.0218,0.5111,https://data.riksdagen.se/dokument/HC01FiU1.html
2024/25,2025,V,12,Ekonomisk trygghet för familjer och barn,127506,20800,7.8361,1,1.8519,-5.9842,0.5111,https://data.riksdagen.se/dokument/HC01FiU1.html
2024/25,2025,V,13,Integration och jämställdhet,4336,1589,0.2665,1,1.8519,1.5854,0.5111,https://data.riksdagen.se/dokument/HC01FiU1.html
2024/25,2025,V,14,Arbetsmarknad och arbetsliv,115429,24381,7.0939,2,3.7037,-3.3902,0.5111,https://data.riksdagen.se/dokument/HC01FiU1.html
2024/25,2025,V,15,Studiestöd,38513,1120,2.3669,0,0.0,-2.3669,0.5111,https://data.riksdagen.se/dokument/HC01FiU1.html
2024/25,2025,V,16,Utbildning och universitetsforskning,112967,9900,6.9426,4,7.4074,0.4648,0.5111,https://data.riksdagen.se/dokument/HC01FiU1.html
2024/25,2025,V,17,"Kultur, medier, trossamfund och fritid",19044,2634,1.1704,0,0.0,-1.1704,0.5111,https://data.riksdagen.se/dokument/HC01FiU1.html
2024/25,2025,V,18,"Samhällsplanering, bostadsförsörjning och byggande samt konsumentpolitik",12923,10710,0.7942,8,14.8148,14.0206,0.5111,https://data.riksdagen.se/dokument/HC01FiU1.html
2024/25,2025,V,19,Regional utveckling,3943,170,0.2423,0,0.0,-0.2423,0.5111,https://data.riksdagen.se/dokument/HC01FiU1.html
2024/25,2025,V,20,"Klimat, miljö och natur",33992,19511,2.089,0,0.0,-2.089,0.5111,https://data.riksdagen.se/dokument/HC01FiU1.html
2024/25,2025,V,21,Energi,12516,5030,0.7692,3,5.5556,4.7864,0.5111,https://data.riksdagen.se/dokument/HC01FiU1.html
2024/25,2025,V,22,Kommunikationer,124289,14423,7.6384,3,5.5556,-2.0828,0.5111,https://data.riksdagen.se/dokument/HC01FiU1.html
2024/25,2025,V,23,"Areella näringar, landsbygd och livsmedel",24325,3072,1.4949,0,0.0,-1.4949,0.5111,https://data.riksdagen.se/dokument/HC01FiU1.html
2024/25,2025,V,24,Näringsliv,8826,577,0.5424,3,5.5556,5.0132,0.5111,https://data.riksdagen.se/dokument/HC01FiU1.html
2024/25,2025,V,25,Allmänna bidrag till kommuner,193121,22287,11.8685,5,9.2593,-2.6092,0.5111,https://data.riksdagen.se/dokument/HC01FiU1.html
2024/25,2025,V,26,Statsskuldsräntor m.m.,18955,0,1.1649,2,3.7037,2.5388,0.5111,https://data.riksdagen.se/dokument/HC01FiU1.html
2024/25,2025,V,27,Avgiften till Europeiska unionen,58173,0,3.5751,0,0.0,-3.5751,0.5111,https://data.riksdagen.se/dokument/HC01FiU1.html
2025/26,2026,C,1,Rikets styrelse,19633,-1698,1.2575,2,2.3529,1.0954,0.1602,https://data.riksdagen.se/dokument/HD01FiU1.html
2025/26,2026,C,2,Samhällsekonomi och finansförvaltning,22596,-15,1.4473,0,0.0,-1.4473,0.1602,https://data.riksdagen.se/dokument/HD01FiU1.html
2025/26,2026,C,3,"Skatt, tull och exekution",15600,-540,0.9992,2,2.3529,1.3537,0.1602,https://data.riksdagen.se/dokument/HD01FiU1.html
2025/26,2026,C,4,Rättsväsendet,107923,-78,6.9127,0,0.0,-6.9127,0.1602,https://data.riksdagen.se/dokument/HD01FiU1.html
2025/26,2026,C,5,Internationell samverkan,2321,-5,0.1487,0,0.0,-0.1487,0.1602,https://data.riksdagen.se/dokument/HD01FiU1.html
2025/26,2026,C,6,Försvar och samhällets krisberedskap,207201,0,13.2717,5,5.8824,-7.3893,0.1602,https://data.riksdagen.se/dokument/HD01FiU1.html
2025/26,2026,C,7,Internationellt bistånd,47545,3473,3.0454,0,0.0,-3.0454,0.1602,https://data.riksdagen.se/dokument/HD01FiU1.html
2025/26,2026,C,8,Migration,11858,-1235,0.7595,1,1.1765,0.417,0.1602,https://data.riksdagen.se/dokument/HD01FiU1.html
2025/26,2026,C,9,"Hälsovård, sjukvård och social omsorg",118416,185,7.5848,9,10.5882,3.0034,0.1602,https://data.riksdagen.se/dokument/HD01FiU1.html
2025/26,2026,C,10,Ekonomisk trygghet vid sjukdom och funktionsnedsättning,125073,807,8.0112,0,0.0,-8.0112,0.1602,https://data.riksdagen.se/dokument/HD01FiU1.html
2025/26,2026,C,11,Ekonomisk trygghet vid ålderdom,56930,-11,3.6465,0,0.0,-3.6465,0.1602,https://data.riksdagen.se/dokument/HD01FiU1.html
2025/26,2026,C,12,Ekonomisk trygghet för familjer och barn,105067,-2600,6.7298,0,0.0,-6.7298,0.1602,https://data.riksdagen.se/dokument/HD01FiU1.html
2025/26,2026,C,13,Integration och jämställdhet,3369,871,0.2158,0,0.0,-0.2158,0.1602,https://data.riksdagen.se/dokument/HD01FiU1.html
2025/26,2026,C,14,Arbetsmarknad och arbetsliv,72260,-15263,4.6284,6,7.0588,2.4304,0.1602,https://data.riksdagen.se/dokument/HD01FiU1.html
2025/26,2026,C,15,Studiestöd,37019,-4,2.3711,0,0.0,-2.3711,0.1602,https://data.riksdagen.se/dokument/HD01FiU1.html
2025/26,2026,C,16,Utbildning och universitetsforskning,108235,1430,6.9327,15,17.6471,10.7144,0.1602,https://data.riksdagen.se/dokument/HD01FiU1.html
2025/26,2026,C,17,"Kultur, medier, trossamfund och fritid",17661,896,1.1312,0,0.0,-1.1312,0.1602,https://data.riksdagen.se/dokument/HD01FiU1.html
2025/26,2026,C,18,"Samhällsplanering, bostadsförsörjning och byggande samt konsumentpolitik",2104,-32,0.1348,0,0.0,-0.1348,0.1602,https://data.riksdagen.se/dokument/HD01FiU1.html
2025/26,2026,C,19,Regional utveckling,4191,2,0.2684,2,2.3529,2.0845,0.1602,https://data.riksdagen.se/dokument/HD01FiU1.html
2025/26,2026,C,20,"Klimat, miljö och natur",22015,4623,1.4101,4,4.7059,3.2958,0.1602,https://data.riksdagen.se/dokument/HD01FiU1.html
2025/26,2026,C,21,Energi,10698,2203,0.6852,3,3.5294,2.8442,0.1602,https://data.riksdagen.se/dokument/HD01FiU1.html
2025/26,2026,C,22,Kommunikationer,121272,376,7.7677,3,3.5294,-4.2383,0.1602,https://data.riksdagen.se/dokument/HD01FiU1.html
2025/26,2026,C,23,"Areella näringar, landsbygd och livsmedel",20316,293,1.3013,0,0.0,-1.3013,0.1602,https://data.riksdagen.se/dokument/HD01FiU1.html
2025/26,2026,C,24,Näringsliv,10266,1037,0.6576,26,30.5882,29.9306,0.1602,https://data.riksdagen.se/dokument/HD01FiU1.html
2025/26,2026,C,25,Allmänna bidrag till kommuner,186906,3368,11.9717,7,8.2353,-3.7364,0.1602,https://data.riksdagen.se/dokument/HD01FiU1.html
2025/26,2026,C,26,Statsskuldsräntor m.m.,42655,0,2.7321,0,0.0,-2.7321,0.1602,https://data.riksdagen.se/dokument/HD01FiU1.html
2025/26,2026,C,27,Avgiften till Europeiska unionen,62097,0,3.9774,0,0.0,-3.9774,0.1602,https://data.riksdagen.se/dokument/HD01FiU1.html
2025/26,2026,MP,1,Rikets styrelse,21502,171,1.3007,1,1.2346,-0.0661,-0.0594,https://data.riksdagen.se/dokument/HD01FiU1.html
2025/26,2026,MP,2,Samhällsekonomi och finansförvaltning,22645,34,1.3699,0,0.0,-1.3699,-0.0594,https://data.riksdagen.se/dokument/HD01FiU1.html
2025/26,2026,MP,3,"Skatt, tull och exekution",16140,0,0.9764,1,1.2346,0.2582,-0.0594,https://data.riksdagen.se/dokument/HD01FiU1.html
2025/26,2026,MP,4,Rättsväsendet,109452,1451,6.6211,0,0.0,-6.6211,-0.0594,https://data.riksdagen.se/dokument/HD01FiU1.html
2025/26,2026,MP,5,Internationell samverkan,2333,7,0.1411,0,0.0,-0.1411,-0.0594,https://data.riksdagen.se/dokument/HD01FiU1.html
2025/26,2026,MP,6,Försvar och samhällets krisberedskap,206986,-215,12.5212,3,3.7037,-8.8175,-0.0594,https://data.riksdagen.se/dokument/HD01FiU1.html
2025/26,2026,MP,7,Internationellt bistånd,69262,25190,4.1899,1,1.2346,-2.9553,-0.0594,https://data.riksdagen.se/dokument/HD01FiU1.html
2025/26,2026,MP,8,Migration,11873,-1220,0.7182,0,0.0,-0.7182,-0.0594,https://data.riksdagen.se/dokument/HD01FiU1.html
2025/26,2026,MP,9,"Hälsovård, sjukvård och social omsorg",124300,6069,7.5193,8,9.8765,2.3572,-0.0594,https://data.riksdagen.se/dokument/HD01FiU1.html
2025/26,2026,MP,10,Ekonomisk trygghet vid sjukdom och funktionsnedsättning,126685,2419,7.6636,0,0.0,-7.6636,-0.0594,https://data.riksdagen.se/dokument/HD01FiU1.html
2025/26,2026,MP,11,Ekonomisk trygghet vid ålderdom,56941,0,3.4445,0,0.0,-3.4445,-0.0594,https://data.riksdagen.se/dokument/HD01FiU1.html
2025/26,2026,MP,12,Ekonomisk trygghet för familjer och barn,118350,10683,7.1594,0,0.0,-7.1594,-0.0594,https://data.riksdagen.se/dokument/HD01FiU1.html
2025/26,2026,MP,13,Integration och jämställdhet,3733,1235,0.2258,0,0.0,-0.2258,-0.0594,https://data.riksdagen.se/dokument/HD01FiU1.html
2025/26,2026,MP,14,Arbetsmarknad och arbetsliv,90988,3465,5.5041,0,0.0,-5.5041,-0.0594,https://data.riksdagen.se/dokument/HD01FiU1.html
2025/26,2026,MP,15,Studiestöd,39471,2448,2.3877,0,0.0,-2.3877,-0.0594,https://data.riksdagen.se/dokument/HD01FiU1.html
2025/26,2026,MP,16,Utbildning och universitetsforskning,110160,3355,6.6639,2,2.4691,-4.1948,-0.0594,https://data.riksdagen.se/dokument/HD01FiU1.html
2025/26,2026,MP,17,"Kultur, medier, trossamfund och fritid",19260,2495,1.1651,1,1.2346,0.0695,-0.0594,https://data.riksdagen.se/dokument/HD01FiU1.html
2025/26,2026,MP,18,"Samhällsplanering, bostadsförsörjning och byggande samt konsumentpolitik",2613,477,0.1581,0,0.0,-0.1581,-0.0594,https://data.riksdagen.se/dokument/HD01FiU1.html
2025/26,2026,MP,19,Regional utveckling,4489,300,0.2716,0,0.0,-0.2716,-0.0594,https://data.riksdagen.se/dokument/HD01FiU1.html
2025/26,2026,MP,20,"Klimat, miljö och natur",36646,19254,2.2168,12,14.8148,12.598,-0.0594,https://data.riksdagen.se/dokument/HD01FiU1.html
2025/26,2026,MP,21,Energi,8224,-271,0.4975,17,20.9877,20.4902,-0.0594,https://data.riksdagen.se/dokument/HD01FiU1.html
2025/26,2026,MP,22,Kommunikationer,132256,11360,8.0006,2,2.4691,-5.5315,-0.0594,https://data.riksdagen.se/dokument/HD01FiU1.html
2025/26,2026,MP,23,"Areella näringar, landsbygd och livsmedel",23991,3968,1.4513,13,16.0494,14.5981,-0.0594,https://data.riksdagen.se/dokument/HD01FiU1.html
2025/26,2026,MP,24,Näringsliv,9229,0,0.5583,13,16.0494,15.4911,-0.0594,https://data.riksdagen.se/dokument/HD01FiU1.html
2025/26,2026,MP,25,Allmänna bidrag till kommuner,180800,-2738,10.9372,7,8.642,-2.2952,-0.0594,https://data.riksdagen.se/dokument/HD01FiU1.html
2025/26,2026,MP,26,Statsskuldsräntor m.m.,42655,0,2.5803,0,0.0,-2.5803,-0.0594,https://data.riksdagen.se/dokument/HD01FiU1.html
2025/26,2026,MP,27,Avgiften till Europeiska unionen,62097,0,3.7564,0,0.0,-3.7564,-0.0594,https://data.riksdagen.se/dokument/HD01FiU1.html
2025/26,2026,S,1,Rikets styrelse,20882,-449,1.3094,3,3.7037,2.3943,0.2598,https://data.riksdagen.se/dokument/HD01FiU1.html
2025/26,2026,S,2,Samhällsekonomi och finansförvaltning,22661,50,1.421,0,0.0,-1.421,0.2598,https://data.riksdagen.se/dokument/HD01FiU1.html
2025/26,2026,S,3,"Skatt, tull och exekution",16215,75,1.0168,2,2.4691,1.4523,0.2598,https://data.riksdagen.se/dokument/HD01FiU1.html
2025/26,2026,S,4,Rättsväsendet,108246,245,6.7877,0,0.0,-6.7877,0.2598,https://data.riksdagen.se/dokument/HD01FiU1.html
2025/26,2026,S,5,Internationell samverkan,2336,10,0.1465,0,0.0,-0.1465,0.2598,https://data.riksdagen.se/dokument/HD01FiU1.html
2025/26,2026,S,6,Försvar och samhällets krisberedskap,207201,0,12.9928,8,9.8765,-3.1163,0.2598,https://data.riksdagen.se/dokument/HD01FiU1.html
2025/26,2026,S,7,Internationellt bistånd,48072,4000,3.0144,0,0.0,-3.0144,0.2598,https://data.riksdagen.se/dokument/HD01FiU1.html
2025/26,2026,S,8,Migration,13093,0,0.821,2,2.4691,1.6481,0.2598,https://data.riksdagen.se/dokument/HD01FiU1.html
2025/26,2026,S,9,"Hälsovård, sjukvård och social omsorg",123917,5686,7.7704,9,11.1111,3.3407,0.2598,https://data.riksdagen.se/dokument/HD01FiU1.html
2025/26,2026,S,10,Ekonomisk trygghet vid sjukdom och funktionsnedsättning,124546,280,7.8098,0,0.0,-7.8098,0.2598,https://data.riksdagen.se/dokument/HD01FiU1.html
2025/26,2026,S,11,Ekonomisk trygghet vid ålderdom,56941,0,3.5705,6,7.4074,3.8369,0.2598,https://data.riksdagen.se/dokument/HD01FiU1.html
2025/26,2026,S,12,Ekonomisk trygghet för familjer och barn,112794,5127,7.0729,2,2.4691,-4.6038,0.2598,https://data.riksdagen.se/dokument/HD01FiU1.html
2025/26,2026,S,13,Integration och jämställdhet,2548,50,0.1598,1,1.2346,1.0748,0.2598,https://data.riksdagen.se/dokument/HD01FiU1.html
2025/26,2026,S,14,Arbetsmarknad och arbetsliv,90328,2805,5.6641,9,11.1111,5.447,0.2598,https://data.riksdagen.se/dokument/HD01FiU1.html
2025/26,2026,S,15,Studiestöd,37827,804,2.372,0,0.0,-2.372,0.2598,https://data.riksdagen.se/dokument/HD01FiU1.html
2025/26,2026,S,16,Utbildning och universitetsforskning,111875,5070,7.0152,9,11.1111,4.0959,0.2598,https://data.riksdagen.se/dokument/HD01FiU1.html
2025/26,2026,S,17,"Kultur, medier, trossamfund och fritid",17564,799,1.1014,1,1.2346,0.1332,0.2598,https://data.riksdagen.se/dokument/HD01FiU1.html
2025/26,2026,S,18,"Samhällsplanering, bostadsförsörjning och byggande samt konsumentpolitik",2821,685,0.1769,1,1.2346,1.0577,0.2598,https://data.riksdagen.se/dokument/HD01FiU1.html
2025/26,2026,S,19,Regional utveckling,4309,120,0.2702,0,0.0,-0.2702,0.2598,https://data.riksdagen.se/dokument/HD01FiU1.html
2025/26,2026,S,20,"Klimat, miljö och natur",18527,1135,1.1618,0,0.0,-1.1618,0.2598,https://data.riksdagen.se/dokument/HD01FiU1.html
2025/26,2026,S,21,Energi,8595,100,0.539,2,2.4691,1.9301,0.2598,https://data.riksdagen.se/dokument/HD01FiU1.html
2025/26,2026,S,22,Kommunikationer,122621,1725,7.6891,0,0.0,-7.6891,0.2598,https://data.riksdagen.se/dokument/HD01FiU1.html
2025/26,2026,S,23,"Areella näringar, landsbygd och livsmedel",20123,100,1.2618,0,0.0,-1.2618,0.2598,https://data.riksdagen.se/dokument/HD01FiU1.html
2025/26,2026,S,24,Näringsliv,9679,450,0.6069,20,24.6914,24.0845,0.2598,https://data.riksdagen.se/dokument/HD01FiU1.html
2025/26,2026,S,25,Allmänna bidrag till kommuner,186268,2730,11.6801,6,7.4074,-4.2727,0.2598,https://data.riksdagen.se/dokument/HD01FiU1.html
2025/26,2026,S,26,Statsskuldsräntor m.m.,42655,0,2.6747,0,0.0,-2.6747,0.2598,https://data.riksdagen.se/dokument/HD01FiU1.html
2025/26,2026,S,27,Avgiften till Europeiska unionen,62097,0,3.8939,0,0.0,-3.8939,0.2598,https://data.riksdagen.se/dokument/HD01FiU1.html
2025/26,2026,V,1,Rikets styrelse,21430,99,1.3107,2,2.6316,1.3209,0.4855,https://data.riksdagen.se/dokument/HD01FiU1.html
2025/26,2026,V,2,Samhällsekonomi och finansförvaltning,22611,0,1.3829,0,0.0,-1.3829,0.4855,https://data.riksdagen.se/dokument/HD01FiU1.html
2025/26,2026,V,3,"Skatt, tull och exekution",16170,30,0.989,0,0.0,-0.989,0.4855,https://data.riksdagen.se/dokument/HD01FiU1.html
2025/26,2026,V,4,Rättsväsendet,108376,375,6.6285,0,0.0,-6.6285,0.4855,https://data.riksdagen.se/dokument/HD01FiU1.html
2025/26,2026,V,5,Internationell samverkan,2376,50,0.1453,0,0.0,-0.1453,0.4855,https://data.riksdagen.se/dokument/HD01FiU1.html
2025/26,2026,V,6,Försvar och samhällets krisberedskap,207201,0,12.6728,5,6.5789,-6.0939,0.4855,https://data.riksdagen.se/dokument/HD01FiU1.html
2025/26,2026,V,7,Internationellt bistånd,52072,8000,3.1848,0,0.0,-3.1848,0.4855,https://data.riksdagen.se/dokument/HD01FiU1.html
2025/26,2026,V,8,Migration,11577,-1516,0.7081,0,0.0,-0.7081,0.4855,https://data.riksdagen.se/dokument/HD01FiU1.html
2025/26,2026,V,9,"Hälsovård, sjukvård och social omsorg",122781,4550,7.5095,16,21.0526,13.5431,0.4855,https://data.riksdagen.se/dokument/HD01FiU1.html
2025/26,2026,V,10,Ekonomisk trygghet vid sjukdom och funktionsnedsättning,129677,5411,7.9313,3,3.9474,-3.9839,0.4855,https://data.riksdagen.se/dokument/HD01FiU1.html
2025/26,2026,V,11,Ekonomisk trygghet vid ålderdom,56941,0,3.4826,3,3.9474,0.4648,0.4855,https://data.riksdagen.se/dokument/HD01FiU1.html
2025/26,2026,V,12,Ekonomisk trygghet för familjer och barn,119267,11600,7.2946,1,1.3158,-5.9788,0.4855,https://data.riksdagen.se/dokument/HD01FiU1.html
2025/26,2026,V,13,Integration och jämställdhet,3124,626,0.1911,0,0.0,-0.1911,0.4855,https://data.riksdagen.se/dokument/HD01FiU1.html
2025/26,2026,V,14,Arbetsmarknad och arbetsliv,94114,6591,5.7562,2,2.6316,-3.1246,0.4855,https://data.riksdagen.se/dokument/HD01FiU1.html
2025/26,2026,V,15,Studiestöd,37363,340,2.2852,0,0.0,-2.2852,0.4855,https://data.riksdagen.se/dokument/HD01FiU1.html
2025/26,2026,V,16,Utbildning och universitetsforskning,111250,4445,6.8042,4,5.2632,-1.541,0.4855,https://data.riksdagen.se/dokument/HD01FiU1.html
2025/26,2026,V,17,"Kultur, medier, trossamfund och fritid",19205,2440,1.1746,0,0.0,-1.1746,0.4855,https://data.riksdagen.se/dokument/HD01FiU1.html
2025/26,2026,V,18,"Samhällsplanering, bostadsförsörjning och byggande samt konsumentpolitik",7351,5215,0.4496,10,13.1579,12.7083,0.4855,https://data.riksdagen.se/dokument/HD01FiU1.html
2025/26,2026,V,19,Regional utveckling,4259,70,0.2605,0,0.0,-0.2605,0.4855,https://data.riksdagen.se/dokument/HD01FiU1.html
2025/26,2026,V,20,"Klimat, miljö och natur",27504,10112,1.6822,0,0.0,-1.6822,0.4855,https://data.riksdagen.se/dokument/HD01FiU1.html
2025/26,2026,V,21,Energi,8354,-141,0.5109,3,3.9474,3.4365,0.4855,https://data.riksdagen.se/dokument/HD01FiU1.html
2025/26,2026,V,22,Kommunikationer,124365,3469,7.6064,5,6.5789,-1.0275,0.4855,https://data.riksdagen.se/dokument/HD01FiU1.html
2025/26,2026,V,23,"Areella näringar, landsbygd och livsmedel",22771,2748,1.3927,0,0.0,-1.3927,0.4855,https://data.riksdagen.se/dokument/HD01FiU1.html
2025/26,2026,V,24,Näringsliv,9849,620,0.6024,6,7.8947,7.2923,0.4855,https://data.riksdagen.se/dokument/HD01FiU1.html
2025/26,2026,V,25,Allmänna bidrag till kommuner,190268,6730,11.6371,13,17.1053,5.4682,0.4855,https://data.riksdagen.se/dokument/HD01FiU1.html
2025/26,2026,V,26,Statsskuldsräntor m.m.,42655,0,2.6089,3,3.9474,1.3385,0.4855,https://data.riksdagen.se/dokument/HD01FiU1.html
2025/26,2026,V,27,Avgiften till Europeiska unionen,62097,0,3.798,0,0.0,-3.798,0.4855,https://data.riksdagen.se/dokument/HD01FiU1.html
