speech_id,neighbor_id,cosine_similarity,speaker,party,speech_date,source_url,neighbor_speaker,neighbor_party,neighbor_date,neighbor_url,speech_excerpt,neighbor_excerpt
GK0953-14,GJ0976-1,0.96134,Olof Johansson,C,1997-01-22,https://data.riksdagen.se/anforande/GK0953-14/html,Lars Tobisson,M,1996-03-27,https://data.riksdagen.se/anforande/GJ0976-1/html,"Fru talman! Vi har hört av de tidigare replikskifte-
na att man kan se på politikens uppgifter på olika sätt.
Enligt vårt synsätt kräver det politiska vardagsarbetet
idéer, visioner och långsiktiga mål. De kommer lätt i
bakgrunden när handlingsfriheten begränsas av vack-
lande ekonomiska förutsättningar och bristande tilltro
till det demokratiska s","Fru talman! Denna partiledardebatt är förorsakad
av att Sverige bytt regering. Landet har inte bytt poli-
tik. Frågan är om regeringen ens har någon politik.
Under alla omständigheter är den inte vad som krävs.

Vid den socialdemokratiska partikongressen vann
Göran Persson över Vänstern, sägs det. Och visst
undgick den nye partiledaren i stort sett"
HA0921-1,HA0921-8,0.96123,Ulf Kristersson,M,2022-11-16,https://data.riksdagen.se/anforande/HA0921-1/html,Johan Pehrson,L,2022-11-16,https://data.riksdagen.se/anforande/HA0921-8/html,"Herr talman! Den 11 november befriade Ukraina Cherson. På torget vajar nu Ukrainas flagga bredvid den europeiska flaggan. Ukrainska män och kvinnor har meter för meter återtagit sitt land och delar av sin frihet.
I går dödades två människor i Polen, mycket nära den ukrainska gränsen. En undersökning pågår, och Nato och Sverige följer utvecklingen m","Herr talman! Det är krig i Europa sedan en tid tillbaka. Ukrainare slåss för sina liv, sin demokrati och sin frihet mot den ryska mördarmaskinen. Hela Europa dras in. I går drabbades Polen direkt, men vi ska inte dra några förhastade slutsatser.
 STYLEREF Kantrubrik \* MERGEFORMAT EU-politisk partiledardebatt
Det kommer att bli en lång och tuff vin"
HB0930-2,H70931-1,0.96075,Ulf Kristersson,M,2023-11-15,https://data.riksdagen.se/anforande/HB0930-2/html,Stefan Löfven,S,2019-11-13,https://data.riksdagen.se/anforande/H70931-1/html,"Herr talman! Vi lever i ofredens tid. I Mellanöstern rasar ett krig med väldigt stort mänskligt lidande som följd.
EU står enat i mycket. Vi fördömer Hamas avskyvärda terroristattack den 7 oktober, där minst 1 200 personer dödades och över 220 kidnappades. Inte sedan Förintelsen har lika många judar mördats på en och samma dag.
Sverige och EU står ","Herr talman! I lördags var det precis 30 år sedan Berlinmuren föll. Järnridån och kallt krig gav vika, och i stället växte ett ökat samarbete i Europa fram - ett historiskt samarbete. Och just i dag för 25 år sedan gick svenskar till vallokaler över hela landet i en folkomröstning om EU-medlemskap. Inför den omröstningen var Sverige ett land av deb"
GR0955-60,GL0912-7,0.96007,Peter Eriksson,MP,2004-01-21,https://data.riksdagen.se/anforande/GR0955-60/html,Göran Persson,S,1997-10-08,https://data.riksdagen.se/anforande/GL0912-7/html,"Fru talman! Jag började för min del debatten i dag med att ta upp frågan om vårt framtida politiska system, valsystemet och författningen. Jag diskuterade det initiativ som Socialdemokraterna har tagit för att göra eventuella förändringar i framtiden vilket, om man lyssnar på vad de säger, verkar gå ut på att stärka socialdemokratins ställning och ","Fru talman! Till Alf Svensson vill jag säga: Det
dystra med förmatcher är ju att den som går förmat-
chen antingen är på väg uppåt i boxningskarriären
eller på väg ut. Vilken kategori Alf Svensson tillhör
får han själv bedöma.
Annars sade Alf Svensson något som jag tyckte
var bra, och det var mycket annat i hans anförande
som var bra. Han sade att "
GU09125-31,GZ0957-104,0.959,Maud Olofsson,C,2007-06-13,https://data.riksdagen.se/anforande/GU09125-31/html,Jonas Sjöstedt,V,2012-01-18,https://data.riksdagen.se/anforande/GZ0957-104/html,"Herr talman! Först vill också jag passa på att tacka Lars Leijonborg som nu har sin sista partiledardebatt. Det har varit ett fantastiskt samarbete och den kanske mest intensiva och spännande perioden i svensk politisk historia, alltifrån Högfors och fram till maktskiftet.
Jag vill också säga att det engagemang för skolan som visats av Folkpartiet","Fru talman! Jag tycker att debatten har gett en ganska god bild av den svenska politiken. På den ena sidan har vi en regering som är väldigt nöjd, inte minst med sig själv, och tycker att det går bra. Man hanterar de stora frågorna och det går framåt för Sverige. Man föreslår egentligen inga större samhällsförändringar eller reformer på något områd"
GJ093-24,GH09124-51,0.95858,Lars Leijonborg,L,1995-10-04,https://data.riksdagen.se/anforande/GJ093-24/html,Olof Johansson,C,1994-06-11,https://data.riksdagen.se/anforande/GH09124-51/html,"Fru talman! Det låga valdeltagandet i EU-valet var
ett tecken. Men det finns tyvärr många fler. Alldeles
för många människor känner en växande misstro mot
oss politiker, mot det politiska systemet och mot dess
sätt att fungera.

Löftesbrotten har varit för många. Skillnaden har
blivit för stor mellan retoriken före valet och realite-
ten efter vale","Fru talman! Den tragedi som utspelats i Falun har
tagit sju människors liv enligt uppgift. Vi känner
sorg och deltagande med alla dem som drabbats, de
dödade och deras anhöriga. Sverige är oftast
förskonat från ond, bråd död av det här slaget. Det
vi ser i forna Jugoslavien, i Rwanda, i Sydafrika
förekommer inte här.

Sedan vi hade den förra partil"
GJ0976-7,GK0953-1,0.9585,Göran Persson,S,1996-03-27,https://data.riksdagen.se/anforande/GJ0976-7/html,Lars Tobisson,M,1997-01-22,https://data.riksdagen.se/anforande/GK0953-1/html,"Fru talman! Alf Svensson sade att han villig att ta
de beska kommentarerna efter sitt anförande. Jag tror
inte att han behöver vara så orolig - han lyckades inta
i stort sett alla populära ståndpunkter: högre bistånd,
mer av kommunala anställningar, högre pensioner,
vårdnadsbidrag, allt. Alf Svensson fortsätter att sjunga
med änglarna.

Egentligen,","Fru talman! Politiskt arbete handlar om att söka
stöd för vad man anser leda till en god samhällsut-
veckling. Vår uppgift som politiker är att utifrån våra
värderingar och våra kunskaper om hur samhälle och
ekonomi fungerar presentera en vision, en uppfattning
om hur ett gott samhälle bör vara organiserat. Att vara
politiker är att be om förtroend"
GX09138-1,GY09116-19,0.95743,Fredrik Reinfeldt,M,2010-06-16,https://data.riksdagen.se/anforande/GX09138-1/html,Håkan Juholt,S,2011-06-15,https://data.riksdagen.se/anforande/GY09116-19/html,"Herr talman! Ärade ledamöter! Svenska folket ska fatta ett viktigt beslut den 19 september. Det är ett viktigt beslut för alla svenskar och ett viktigt vägval för Sverige. Vilken väg in i framtiden ska vi välja för vårt fina land? Valet står mellan två tydliga regeringsalternativ, den allians som nu regerat Sverige i fyra och det rödgröna samarbete","Herr talman! Ärade ledamöter! Jag har varit partiledare för Socialdemokraterna i ungefär två månader. Det har slagit mig vilka stora förväntningar som ställs på Socialdemokraterna. Jag förstår det, för svenska folket vet vad Sverige har blivit och vad Socialdemokraterna har tagit ansvar för genom historien. Vi är vad vi är, inte för att vi hela tid"
GH093-1,GK0912-1,0.95707,Ingvar Carlsson,S,1993-10-06,https://data.riksdagen.se/anforande/GH093-1/html,Lars Tobisson,M,1996-10-09,https://data.riksdagen.se/anforande/GK0912-1/html,"Fru talman! Det som inträffat i Ryssland är tragiskt
och oroande. Fascister och gammelkommunister
tvingade president Jeltsin att möta våld med våld.
Människoliv har gått till spillo. Den sköra
demokratin har utsatts för allvarliga påfrestningar.

De allra flesta av oss känner lättnad över att
kuppmakarna misslyckats. Men vi inser att
president Jelt","Fru talman! Vad? Hur? När? Det är frågor som
inställer sig när man läser årets finansplan. Redan på
första sidan medger regeringen att det kommer att
krävas strukturella förändringar för att förbättra eko-
nomins sätt att fungera. Den nämner områden som
lönebildningen, arbetsmarknaden, energipolitiken,
pensionssystemet och den offentliga sektorn.
M"
GK0912-43,GI09121-10,0.95609,Göran Persson,S,1996-10-09,https://data.riksdagen.se/anforande/GK0912-43/html,Olof Johansson,C,1995-06-15,https://data.riksdagen.se/anforande/GI09121-10/html,"Herr talman! Vi har nu en debatt som skall spegla
det alternativ som ställs mot regeringens förslag - ett
regeringsförslag som i huvudsak stöds av Centerpar-
tiet.
Jag måste säga att när man lyssnar på debatten är
det inte en samlad bild man får, utan här ifrån talarsto-
len pläderar numera varje parti för sina egna hjärte-
frågor, obekymrade om hu","Fru talman! Vardagen förmörkas ofta av en brutal
verklighet, så också vid detta riksdagsårs slut. Rap-
porterna om ett alltmer brutaliserat våld, inte minst
bland ungdomar, växer i styrka. I natt kom den senas-
te rapporten.
Knivbeväpning förefaller i vissa sammanhang och
kretsar snarare vara regel än undantag. Den som
knivbeväpnar sig gör sig ju o"
GJ0976-1,GJ093-15,0.95599,Lars Tobisson,M,1996-03-27,https://data.riksdagen.se/anforande/GJ0976-1/html,Olof Johansson,C,1995-10-04,https://data.riksdagen.se/anforande/GJ093-15/html,"Fru talman! Denna partiledardebatt är förorsakad
av att Sverige bytt regering. Landet har inte bytt poli-
tik. Frågan är om regeringen ens har någon politik.
Under alla omständigheter är den inte vad som krävs.

Vid den socialdemokratiska partikongressen vann
Göran Persson över Vänstern, sägs det. Och visst
undgick den nye partiledaren i stort sett","Fru talman! Jag har inte för avsikt att gräva i det
förflutna här i dag. För det första gäller regeringsför-
klaringen framtiden - det är en avsiktsförklaring om
vad som skall ske. För det andra är det framtiden som
är påverkbar. Det gäller att lära sig av misstagen, vare
sig de har begåtts före eller efter 1991, och sedan
förstärka den utvecklinge"
GJ0944-31,GH093-4,0.95542,Lars Leijonborg,L,1996-01-24,https://data.riksdagen.se/anforande/GJ0944-31/html,Carl Bildt,M,1993-10-06,https://data.riksdagen.se/anforande/GH093-4/html,"Fru talman! Detta är Ingvar Carlssons sista parti-
ledardebatt. Jag vill gärna, på Folkpartiets och mina
egna vägnar, tacka honom för hans gärning i svenskt
samhällsliv från 50-talet och framåt. Ingvar Carlsson
har en rad personliga egenskaper som det är lätt att
känna sympati för. För att nämna en enda, har han vid
möten i mindre kretsar en humor,","Fru talman! I går presenterade regeringen sin
tredje regeringsförklaring under denna
mandatperiod. Vi visade hur vi steg för steg
fullföljer den politik för förändring och förnyelse av
Sverige som väljarna gav oss mandat för i valet
1991.

I dag har som sig bör oppositionspartierna fått sin
möjlighet att säga att allt är felaktigt, mycket är
förfär"
GJ09110-2,GH09124-76,0.95507,Olof Johansson,C,1996-06-12,https://data.riksdagen.se/anforande/GJ09110-2/html,Gudrun Schyman,V,1994-06-11,https://data.riksdagen.se/anforande/GH09124-76/html,"Herr talman! Sverige är mitt uppe i en period av
smärtsam ekonomisk sanering av de offentliga finan-
serna. Den uppgiften är inte slutförd. Andra stora
uppgifter väntar. Det handlar om att trygga välfärden.
Det handlar om att skapa förutsättningar för nya jobb
och att återskapa framtidstron i samhället. Det handlar
om att förbättra företagsklimatet","Herr talman! Vid regeringsbildningen i oktober
1991 basunerade Carl Bildt ut att han ledde den
mest kompetenta regering Sverige någonsin haft. I
regeringsförklaringen fanns slagordspolitiken satt
på pränt: valfrihetsrevolution, sänkta skatter och
ökad tillväxt. Sverige skulle bli en företagarnation.

Röda spöken var fackföreningsrörelsen, fackliga
"
GX09138-1,GX09138-31,0.95461,Fredrik Reinfeldt,M,2010-06-16,https://data.riksdagen.se/anforande/GX09138-1/html,Maud Olofsson,C,2010-06-16,https://data.riksdagen.se/anforande/GX09138-31/html,"Herr talman! Ärade ledamöter! Svenska folket ska fatta ett viktigt beslut den 19 september. Det är ett viktigt beslut för alla svenskar och ett viktigt vägval för Sverige. Vilken väg in i framtiden ska vi välja för vårt fina land? Valet står mellan två tydliga regeringsalternativ, den allians som nu regerat Sverige i fyra och det rödgröna samarbete","Herr talman! Snart har det gått fyra år sedan Centerpartiet och alliansregeringen tog över regeringsmakten i Sverige. Vårt uppdrag var väldigt tydligt: Minska utanförskapet och se till att fler får jobb! Se till att de som har arbetsförmåga också får en möjlighet att komma tillbaka till arbetslivet! Se till att alla långtidssjukskrivna, långtidsarb"
GH093-3,GH093-1,0.954,Gudrun Schyman,V,1993-10-06,https://data.riksdagen.se/anforande/GH093-3/html,Ingvar Carlsson,S,1993-10-06,https://data.riksdagen.se/anforande/GH093-1/html,"Fru talman! Det är intressant att höra att
föregående talare är så oroad över att ledamöter
lämnar den här salen. Han borde vara mer oroad
över att så många ledamöter lämnar hans eget parti
med hänvisning till att det är odemokratiskt och
diktatoriskt styrt.

Jag skall inleda det här anförandet med att för
ovanlighetens skull redovisa ett sammanhan","Fru talman! Det som inträffat i Ryssland är tragiskt
och oroande. Fascister och gammelkommunister
tvingade president Jeltsin att möta våld med våld.
Människoliv har gått till spillo. Den sköra
demokratin har utsatts för allvarliga påfrestningar.

De allra flesta av oss känner lättnad över att
kuppmakarna misslyckats. Men vi inser att
president Jelt"
GJ0976-1,GJ09110-2,0.9536,Lars Tobisson,M,1996-03-27,https://data.riksdagen.se/anforande/GJ0976-1/html,Olof Johansson,C,1996-06-12,https://data.riksdagen.se/anforande/GJ09110-2/html,"Fru talman! Denna partiledardebatt är förorsakad
av att Sverige bytt regering. Landet har inte bytt poli-
tik. Frågan är om regeringen ens har någon politik.
Under alla omständigheter är den inte vad som krävs.

Vid den socialdemokratiska partikongressen vann
Göran Persson över Vänstern, sägs det. Och visst
undgick den nye partiledaren i stort sett","Herr talman! Sverige är mitt uppe i en period av
smärtsam ekonomisk sanering av de offentliga finan-
serna. Den uppgiften är inte slutförd. Andra stora
uppgifter väntar. Det handlar om att trygga välfärden.
Det handlar om att skapa förutsättningar för nya jobb
och att återskapa framtidstron i samhället. Det handlar
om att förbättra företagsklimatet"
GI098-7,GK0912-1,0.95341,Ingvar Carlsson,S,1994-10-12,https://data.riksdagen.se/anforande/GI098-7/html,Lars Tobisson,M,1996-10-09,https://data.riksdagen.se/anforande/GK0912-1/html,"Fru talman! Något av det mest civiliserade som
människan har uppfunnit har just ägt rum i Sverige,
nämligen ett demokratiskt val som har lett till ett
maktskifte. Alla medborgare har haft samma
inflytande, oberoende av ekonomisk eller social
ställning, av ursprung, kön eller hudfärg. För en gångs
skull har en 18-åring haft lika mycket att säga till","Fru talman! Vad? Hur? När? Det är frågor som
inställer sig när man läser årets finansplan. Redan på
första sidan medger regeringen att det kommer att
krävas strukturella förändringar för att förbättra eko-
nomins sätt att fungera. Den nämner områden som
lönebildningen, arbetsmarknaden, energipolitiken,
pensionssystemet och den offentliga sektorn.
M"
GM0910-7,GR0955-60,0.95327,Göran Persson,S,1998-10-29,https://data.riksdagen.se/anforande/GM0910-7/html,Peter Eriksson,MP,2004-01-21,https://data.riksdagen.se/anforande/GR0955-60/html,"Herr talman! Låt mig börja med att på en gång till
Birger Schlaug säga att den sist uttalade förhoppning-
en är vi överens om. Låt oss arbeta för den tillsam-
mans!
Låt mig till Gudrun Schyman säga att flera av re-
geringens ledamöter, t.ex. Anna Lindh och Pierre
Schori, har utomordentligt tydligt uttryckt regering-
ens uppfattning om vad som nu hä","Fru talman! Jag började för min del debatten i dag med att ta upp frågan om vårt framtida politiska system, valsystemet och författningen. Jag diskuterade det initiativ som Socialdemokraterna har tagit för att göra eventuella förändringar i framtiden vilket, om man lyssnar på vad de säger, verkar gå ut på att stärka socialdemokratins ställning och "
GS0913-56,GP09125-56,0.9532,Maud Olofsson,C,2004-10-13,https://data.riksdagen.se/anforande/GS0913-56/html,Göran Persson,S,2002-06-14,https://data.riksdagen.se/anforande/GP09125-56/html,"Fru talman! Vårt land är ett fantastiskt land. Vi kan vara stolta över vår natur, våra sjöar och våra vidsträckta skogar. Vi kan vara stolta över ett land som har präglats av fina värderingar som frihet, solidaritet och trygghet. Vi har en hög utbildnings- och forskningsnivå. Vi har gjort stora landvinningar inte minst tack vare det enskilda ägande","Herr talman! Först ett varmt tack till riksdagen för
den fyraårsperiod vi har arbetat tillsammans. Rege-
ringen har inte alltid fått som vi har velat, men vi har
presterat väldigt mycket gott tillsammans, och det är
jag tacksam för. Tack för det samarbetet!
Ett särskilt tack till Vänsterpartiet och Miljöpartiet
som i många frågor konstruktivt har b"
H60944-111,H109108-1,0.95265,Jan Björklund,L,2019-01-30,https://data.riksdagen.se/anforande/H60944-111/html,Fredrik Reinfeldt,M,2014-05-07,https://data.riksdagen.se/anforande/H109108-1/html,"Fru talman! De vägval Europa står inför är några av de mest avgörande i vår tid. Detta samarbete har byggts upp under årtionden för att trygga fred, frihet och demokrati i vår del av världen. Det har lett till att Sydeuropas fascistiska diktaturer demokratiserats. Det ledde också till att Östeuropas kommunistiska diktaturer demokratiserades. Männis","Herr talman! I juni kommer stats- och regeringscheferna i Europa och i Europeiska rådet att uppmärksamma att det är 100 år sedan skotten i Sarajevo. Det var de som kom att bli början till första världskriget, som sedan också ledde till andra världskriget.
I grunden var problemen 1914 det som har fortsatt att vara en utmaning även i vår tid. Männis"
GM0910-1,GU0949-65,0.95194,Carl Bildt,M,1998-10-29,https://data.riksdagen.se/anforande/GM0910-1/html,Göran Hägglund,KD,2007-01-17,https://data.riksdagen.se/anforande/GU0949-65/html,"Herr talman! Så står vi här igen i inledningen av
en ny mandatperiod. Fyra år ligger framför oss, som
kommer att föra oss in i ett nytt decennium, ett nytt
sekel, ett nytt århundrade, t.o.m. ett nytt årtusende. Vi
har en ny riksdag med en ny sammansättning, fler
vänsterpartister, fler kristdemokrater, fler moderater,
färre av en del annat och färre","Herr talman! Först några ord med anledning av att detta är en tack- och avskedsföreställning här i kammaren för Göran Persson. 
Under valrörelsen var det en partiledardebatt i tv som vände sig framför allt till yngre tittare. Där ställde programledarna till några av oss frågan om vi följde några dokusåpor. Det levererades några svar på temat vilka"
GS09140-41,GZ0957-104,0.95191,Göran Persson,S,2005-06-15,https://data.riksdagen.se/anforande/GS09140-41/html,Jonas Sjöstedt,V,2012-01-18,https://data.riksdagen.se/anforande/GZ0957-104/html,"Herr talman! Den här partiledardebatten är intressant därför att den visar på en ideologisk skillnad mellan den politik som regeringen, socialdemokratin, står för och det alternativ som borgerligheten försöker att presentera. Jag säger ""försöker"" därför att där saknas fortfarande den del av en politik som är helt avgörande för trovärdigheten, nämli","Fru talman! Jag tycker att debatten har gett en ganska god bild av den svenska politiken. På den ena sidan har vi en regering som är väldigt nöjd, inte minst med sig själv, och tycker att det går bra. Man hanterar de stora frågorna och det går framåt för Sverige. Man föreslår egentligen inga större samhällsförändringar eller reformer på något områd"
GJ0944-1,GK0953-14,0.95161,Lars Tobisson,M,1996-01-24,https://data.riksdagen.se/anforande/GJ0944-1/html,Olof Johansson,C,1997-01-22,https://data.riksdagen.se/anforande/GK0953-14/html,"Fru talman! Riksdagsarbetet startar mjukt i år. Det
beror inte bara på att budgetproposition och allmän
motionstid har flyttats till september utan också på att
ett regeringsskifte förestår.

Av allt att döma är detta Ingvar Carlssons sista
partiledardebatt. Det finns därför skäl att syna det arv
som statsministern lämnar efter sig. Bilden blir int","Fru talman! Vi har hört av de tidigare replikskifte-
na att man kan se på politikens uppgifter på olika sätt.
Enligt vårt synsätt kräver det politiska vardagsarbetet
idéer, visioner och långsiktiga mål. De kommer lätt i
bakgrunden när handlingsfriheten begränsas av vack-
lande ekonomiska förutsättningar och bristande tilltro
till det demokratiska s"
GJ0944-1,GU098-1,0.95111,Lars Tobisson,M,1996-01-24,https://data.riksdagen.se/anforande/GJ0944-1/html,Göran Persson I Stjärnhov,S,2006-10-11,https://data.riksdagen.se/anforande/GU098-1/html,"Fru talman! Riksdagsarbetet startar mjukt i år. Det
beror inte bara på att budgetproposition och allmän
motionstid har flyttats till september utan också på att
ett regeringsskifte förestår.

Av allt att döma är detta Ingvar Carlssons sista
partiledardebatt. Det finns därför skäl att syna det arv
som statsministern lämnar efter sig. Bilden blir int","Herr talman! Ledamöter och kamrater! 24 dagar har gått sedan väljarna sade sitt. Sverige har fått en ny regering. Moderaterna fick vad de önskade, en regering med majoritet i riksdagen, med en stark dominans för högern. Det är närapå en enpartiregering.
Marginalerna blev små. Röstmässigt är det ingen majoritetsregering. Regeringen har endast 48 % "
HC0929-2,H70931-1,0.95096,Ulf Kristersson,M,2024-11-13,https://data.riksdagen.se/anforande/HC0929-2/html,Stefan Löfven,S,2019-11-13,https://data.riksdagen.se/anforande/H70931-1/html,"Herr talman! Vi lever i allvarstider - kriget mot Ukraina, lågkonjunkturen efter hög inflation, stor osäkerhet i viktiga länder. I det omvärldsläget vänder sig många länder inåt. Men vi har de senaste 30 åren lärt oss att ensam inte är stark. Det är tvärtom mer samarbete som bygger ett starkare och mer motståndskraftigt Europa.
För exakt 30 år seda","Herr talman! I lördags var det precis 30 år sedan Berlinmuren föll. Järnridån och kallt krig gav vika, och i stället växte ett ökat samarbete i Europa fram - ett historiskt samarbete. Och just i dag för 25 år sedan gick svenskar till vallokaler över hela landet i en folkomröstning om EU-medlemskap. Inför den omröstningen var Sverige ett land av deb"
GJ0944-12,GK0912-43,0.95083,Olof Johansson,C,1996-01-24,https://data.riksdagen.se/anforande/GJ0944-12/html,Göran Persson,S,1996-10-09,https://data.riksdagen.se/anforande/GK0912-43/html,"Fru talman! Det grymma kriget i forna Jugoslavi-
en har bringats till ett slut. Men lidande och hat finns
kvar. Massgravarna vittnar om vettlöst dödande. Den
nya IFOR-styrkan skall återställa freden, men det är
viktigt att komma ihåg att kriget lever kvar i form av
hat, lidande, dolt och förrädiskt. Fem svenska soldater
finns bland dem som nyligen ","Herr talman! Vi har nu en debatt som skall spegla
det alternativ som ställs mot regeringens förslag - ett
regeringsförslag som i huvudsak stöds av Centerpar-
tiet.
Jag måste säga att när man lyssnar på debatten är
det inte en samlad bild man får, utan här ifrån talarsto-
len pläderar numera varje parti för sina egna hjärte-
frågor, obekymrade om hu"
HA0921-8,HD0931-2,0.95083,Johan Pehrson,L,2022-11-16,https://data.riksdagen.se/anforande/HA0921-8/html,Ulf Kristersson,M,2025-11-12,https://data.riksdagen.se/anforande/HD0931-2/html,"Herr talman! Det är krig i Europa sedan en tid tillbaka. Ukrainare slåss för sina liv, sin demokrati och sin frihet mot den ryska mördarmaskinen. Hela Europa dras in. I går drabbades Polen direkt, men vi ska inte dra några förhastade slutsatser.
 STYLEREF Kantrubrik \* MERGEFORMAT EU-politisk partiledardebatt
Det kommer att bli en lång och tuff vin","God morgon, herr talman! Europa, våra värderingar och vårt sätt att leva är värda att försvara. Vi har tillsammans och var och en för sig byggt några av världens allra bästa samhällen att leva i. Europa är som vi alla vet långt ifrån felfritt, men vi har sammantaget gjort mycket mer rätt än fel. Vi vet också att ingen av alla våra styrkor får tas f"
GP09125-38,GO099-1,0.95082,Lena Ek,C,2002-06-14,https://data.riksdagen.se/anforande/GP09125-38/html,Bo Lundgren,M,2000-10-11,https://data.riksdagen.se/anforande/GO099-1/html,"Fru talman! Ärade ledamöter! Ärade åhörare! Nu
är det examensdags igen. Nu ska den förda politiken
under de senaste fyra åren prövas, och nu ska alterna-
tiven vägas mot varandra.
Vi har en bild av skönmålning och upprepning av
en del goda resultat men också av en del förskräckligt
dåliga resultat. Vi har en ohälsa som i kostnad ökar
med 25 miljone","Fru talman! ""Så blir din nya ekonomi med Bosse
Ringholms budget."" Vi möttes alla av löpsedlarna när
regeringen presenterade sin budget för tre veckor
sedan. Så beroende av politiken är människor att
Bosse Ringholms budget avgör om pengarna räcker
till. Och än värre - om människor känner att de själva
räcker till.
I förra veckan berättade i Dagens N"
GK0912-1,GJ0976-7,0.95081,Lars Tobisson,M,1996-10-09,https://data.riksdagen.se/anforande/GK0912-1/html,Göran Persson,S,1996-03-27,https://data.riksdagen.se/anforande/GJ0976-7/html,"Fru talman! Vad? Hur? När? Det är frågor som
inställer sig när man läser årets finansplan. Redan på
första sidan medger regeringen att det kommer att
krävas strukturella förändringar för att förbättra eko-
nomins sätt att fungera. Den nämner områden som
lönebildningen, arbetsmarknaden, energipolitiken,
pensionssystemet och den offentliga sektorn.
M","Fru talman! Alf Svensson sade att han villig att ta
de beska kommentarerna efter sitt anförande. Jag tror
inte att han behöver vara så orolig - han lyckades inta
i stort sett alla populära ståndpunkter: högre bistånd,
mer av kommunala anställningar, högre pensioner,
vårdnadsbidrag, allt. Alf Svensson fortsätter att sjunga
med änglarna.

Egentligen,"
GK0953-24,GH093-1,0.95056,Lars Leijonborg,L,1997-01-22,https://data.riksdagen.se/anforande/GK0953-24/html,Ingvar Carlsson,S,1993-10-06,https://data.riksdagen.se/anforande/GH093-1/html,"Fru talman! Låt oss återvända till Volvo Aero i
Arboga ett ögonblick. Vi har sett intervjuerna med de
drabbade familjerna. 650 personer har drabbats av
uppsägning. Tänk er att vi får en sådan jättesmäll på
arbetsmarknaden varje vecka i ett helt år. Det skulle
bli mellan 30 000 och 40 000 människor. Men faktum
är att arbetslösheten ökade så mycket u","Fru talman! Det som inträffat i Ryssland är tragiskt
och oroande. Fascister och gammelkommunister
tvingade president Jeltsin att möta våld med våld.
Människoliv har gått till spillo. Den sköra
demokratin har utsatts för allvarliga påfrestningar.

De allra flesta av oss känner lättnad över att
kuppmakarna misslyckats. Men vi inser att
president Jelt"
GL0912-1,GR0955-60,0.95025,Carl Bildt,M,1997-10-08,https://data.riksdagen.se/anforande/GL0912-1/html,Peter Eriksson,MP,2004-01-21,https://data.riksdagen.se/anforande/GR0955-60/html,"Fru talman! Ledamöter av kammaren, statsminis-
tern, representanter för regeringen och andra! Det var
ett bra tag sedan jag hade möjlighet att stå i denna
talarstol. Andra uppdrag har som bekant under några
år fört mig bort från Sverige och till problem i Europa
som har varit och fortfarande är av en helt annan
dignitet än det vi har att hantera i ","Fru talman! Jag började för min del debatten i dag med att ta upp frågan om vårt framtida politiska system, valsystemet och författningen. Jag diskuterade det initiativ som Socialdemokraterna har tagit för att göra eventuella förändringar i framtiden vilket, om man lyssnar på vad de säger, verkar gå ut på att stärka socialdemokratins ställning och "
GQ0944-1,GS0913-62,0.95015,Göran Persson,S,2003-01-22,https://data.riksdagen.se/anforande/GQ0944-1/html,Peter Eriksson,MP,2004-10-13,https://data.riksdagen.se/anforande/GS0913-62/html,"Herr talman och riksdagsledamöter! Välkomna
åter! I dag genomförs årets första partiledardebatt i
Sveriges riksdag. Alf Svensson inleder därmed också
sin 31:a säsong som partiledare - vår stora respekt för
detta.
Samtidigt, på andra platser i vårt land, sker andra
saker.
I Halmstad lämnas treåriga Elin på dagis av pappa
som går till jobbet på verks","Fru talman! Med politikens egen tideräkning är vi nu i halvtid. Det har gått två år av mandatperioden, och det är två år kvar till nästa val. Därför är det inte orimligt att fundera lite grann över läget, och det är inte heller konstigt att de borgerliga partierna försöker samla ihop sig för att se om det går att erbjuda ett alternativ, men hittill"
H60944-1,H20945-26,0.95011,Stefan Löfven,S,2019-01-30,https://data.riksdagen.se/anforande/H60944-1/html,Anna Kinberg Batra,M,2015-01-14,https://data.riksdagen.se/anforande/H20945-26/html,"Partiledardebatt
Fru talman! Sverige har en ny regering. Efter en lång regeringsbildning har en ministär med Socialdemokraterna och Miljöpartiet de gröna tillträtt, på grundval av januariavtalet med Centern och Liberalerna.
Det är ett nytt läge i svensk politik. I och med denna överenskommelse i mitten finns grunden för att göra det bästa för vårt ","Herr talman, ledamöter och åhörare! Låt mig börja med att återigen konstatera vilken viktig inledning det var på dagens debatt: Vi har bred uppslutning i vårt avståndstagande mot det fruktansvärda terrordådet i Frankrike, som hotar vårt öppna samhälle. Tillsammans står vi enade i vårt försvar av demokratin mot våldet. Det gläder mig att statsminist"
GK0912-14,GJ0976-1,0.94998,Olof Johansson,C,1996-10-09,https://data.riksdagen.se/anforande/GK0912-14/html,Lars Tobisson,M,1996-03-27,https://data.riksdagen.se/anforande/GJ0976-1/html,"Fru talman! Sverige behöver mer av samverkan
och samarbete för att politiken skall bli långsiktigt
hållbar. Åratal av förstelnad blockpolitik har skadat
svensk ekonomi och svenskt samhällsliv. Ytterkant-
spolitik kan aldrig leda Sverige in i framtiden, vare
sig den formuleras till höger eller till vänster. Prat
hjälper inte heller. Det krävs handli","Fru talman! Denna partiledardebatt är förorsakad
av att Sverige bytt regering. Landet har inte bytt poli-
tik. Frågan är om regeringen ens har någon politik.
Under alla omständigheter är den inte vad som krävs.

Vid den socialdemokratiska partikongressen vann
Göran Persson över Vänstern, sägs det. Och visst
undgick den nye partiledaren i stort sett"
HC09130-3,H70958-2,0.94969,Magdalena Andersson,S,2025-06-11,https://data.riksdagen.se/anforande/HC09130-3/html,Ulf Kristersson,M,2020-01-15,https://data.riksdagen.se/anforande/H70958-2/html,"Herr talman! Sedan vi senast stod i kammaren och debatterade har omvärlden förändrats i grunden. De politiska kontinentalplattorna har skiftat. Sverige möter ett nytt och mycket allvarligt säkerhetspolitiskt läge, den regelbaserade internationella ordningen utmanas och världsekonomin är i gungning när handelskrig hotar som ett resultat av en högerp","Herr talman! Vi står på tröskeln till ett nytt decennium. Det nya 20talet har just börjat. Vi står också inför ett år fyllt av hot och möjligheter. Måndagens bombdåd i Stockholm och Uppsala visar att vi har en historisk uppgift framför oss. Den grova brottsligheten, utanförskapet, invandringen, den dåliga integrationen, skolmisslyckandena - allt de"
GJ09110-2,GJ0944-1,0.94941,Olof Johansson,C,1996-06-12,https://data.riksdagen.se/anforande/GJ09110-2/html,Lars Tobisson,M,1996-01-24,https://data.riksdagen.se/anforande/GJ0944-1/html,"Herr talman! Sverige är mitt uppe i en period av
smärtsam ekonomisk sanering av de offentliga finan-
serna. Den uppgiften är inte slutförd. Andra stora
uppgifter väntar. Det handlar om att trygga välfärden.
Det handlar om att skapa förutsättningar för nya jobb
och att återskapa framtidstron i samhället. Det handlar
om att förbättra företagsklimatet","Fru talman! Riksdagsarbetet startar mjukt i år. Det
beror inte bara på att budgetproposition och allmän
motionstid har flyttats till september utan också på att
ett regeringsskifte förestår.

Av allt att döma är detta Ingvar Carlssons sista
partiledardebatt. Det finns därför skäl att syna det arv
som statsministern lämnar efter sig. Bilden blir int"
GQ09122-45,GJ0976-1,0.94905,Maud Olofsson,C,2003-06-13,https://data.riksdagen.se/anforande/GQ09122-45/html,Lars Tobisson,M,1996-03-27,https://data.riksdagen.se/anforande/GJ0976-1/html,"Herr talman! Först vill jag säga några ord om fi-
nansmarknaden och de finansvalpar som statsminis-
tern talade om. Det var inte valutaspekulanterna som
satte stopp för en utveckling av den offentliga sek-
torn. Vi hade inte råd att expandera den offentliga
sektorn eftersom vi hade förbrukat våra pengar.
Sanningen är den att om man ska ha en offent","Fru talman! Denna partiledardebatt är förorsakad
av att Sverige bytt regering. Landet har inte bytt poli-
tik. Frågan är om regeringen ens har någon politik.
Under alla omständigheter är den inte vad som krävs.

Vid den socialdemokratiska partikongressen vann
Göran Persson över Vänstern, sägs det. Och visst
undgick den nye partiledaren i stort sett"
GJ093-37,GO099-46,0.9488,Gudrun Schyman,V,1995-10-04,https://data.riksdagen.se/anforande/GJ093-37/html,Göran Persson,S,2000-10-11,https://data.riksdagen.se/anforande/GO099-46/html,"Fru talman! Jag vill som utgångspunkt för mitt an-
förande ta det glapp som finns mellan det som ofta
sägs från talarstolarna och det som det talas om vid
köksborden. Det finns ett glapp mellan det som är
många människors vardag och det som beskrivs från
den här talarstolen och det som också beskrevs i den
regeringsförklaring som Ingvar Carlsson lä","Herr talman! Värderade ledamöter av denna
kammare! Det är faktiskt tänkvärt att följa debatten så
som vi har fått göra under några morgontimmar den-
na dag. Det beskriver på något sätt det politiska läget
i vårt land. Vi är i en högkonjunktur. Det märks. Det
är krav på jättelika skattesänkningar, krav på enorma
utgiftsökningar och egentligen bara s"
GJ093-15,GJ093-47,0.94877,Olof Johansson,C,1995-10-04,https://data.riksdagen.se/anforande/GJ093-15/html,Ingvar Carlsson,S,1995-10-04,https://data.riksdagen.se/anforande/GJ093-47/html,"Fru talman! Jag har inte för avsikt att gräva i det
förflutna här i dag. För det första gäller regeringsför-
klaringen framtiden - det är en avsiktsförklaring om
vad som skall ske. För det andra är det framtiden som
är påverkbar. Det gäller att lära sig av misstagen, vare
sig de har begåtts före eller efter 1991, och sedan
förstärka den utvecklinge","Herr talman! Det är intressant att höra angreppen
på det socialdemokratiska partiet från såväl högern
som från Vänsterpartiet och med den emfas som de
framförs.

Moderaterna vill öka inkomstklyftorna, försämra
arbetsrätten och rasera välfärden. Så sent som för
några månader sedan skåpade de ut den ekonomiska
politiken och konvergensprogrammet. Vår "
GJ093-15,GJ0944-1,0.94873,Olof Johansson,C,1995-10-04,https://data.riksdagen.se/anforande/GJ093-15/html,Lars Tobisson,M,1996-01-24,https://data.riksdagen.se/anforande/GJ0944-1/html,"Fru talman! Jag har inte för avsikt att gräva i det
förflutna här i dag. För det första gäller regeringsför-
klaringen framtiden - det är en avsiktsförklaring om
vad som skall ske. För det andra är det framtiden som
är påverkbar. Det gäller att lära sig av misstagen, vare
sig de har begåtts före eller efter 1991, och sedan
förstärka den utvecklinge","Fru talman! Riksdagsarbetet startar mjukt i år. Det
beror inte bara på att budgetproposition och allmän
motionstid har flyttats till september utan också på att
ett regeringsskifte förestår.

Av allt att döma är detta Ingvar Carlssons sista
partiledardebatt. Det finns därför skäl att syna det arv
som statsministern lämnar efter sig. Bilden blir int"
GX09138-31,GY09116-19,0.94869,Maud Olofsson,C,2010-06-16,https://data.riksdagen.se/anforande/GX09138-31/html,Håkan Juholt,S,2011-06-15,https://data.riksdagen.se/anforande/GY09116-19/html,"Herr talman! Snart har det gått fyra år sedan Centerpartiet och alliansregeringen tog över regeringsmakten i Sverige. Vårt uppdrag var väldigt tydligt: Minska utanförskapet och se till att fler får jobb! Se till att de som har arbetsförmåga också får en möjlighet att komma tillbaka till arbetslivet! Se till att alla långtidssjukskrivna, långtidsarb","Herr talman! Ärade ledamöter! Jag har varit partiledare för Socialdemokraterna i ungefär två månader. Det har slagit mig vilka stora förväntningar som ställs på Socialdemokraterna. Jag förstår det, för svenska folket vet vad Sverige har blivit och vad Socialdemokraterna har tagit ansvar för genom historien. Vi är vad vi är, inte för att vi hela tid"
HA0921-1,HC0929-9,0.94858,Ulf Kristersson,M,2022-11-16,https://data.riksdagen.se/anforande/HA0921-1/html,Johan Pehrson,L,2024-11-13,https://data.riksdagen.se/anforande/HC0929-9/html,"Herr talman! Den 11 november befriade Ukraina Cherson. På torget vajar nu Ukrainas flagga bredvid den europeiska flaggan. Ukrainska män och kvinnor har meter för meter återtagit sitt land och delar av sin frihet.
I går dödades två människor i Polen, mycket nära den ukrainska gränsen. En undersökning pågår, och Nato och Sverige följer utvecklingen m","Herr talman! Det talas inte sällan om sommaren 1994, om midsommar i Pontiac Silverdome och om Ravellis straffräddning mot Rumänien. Men jag tycker att det pratas för lite om hösten 1994, när det svenska folket i en november lika mörk som i dag sa ja till Europa. En bronsmedalj i fotbolls-VM i all ära, men ingenting väger tyngre än ett fredspris i g"
GM0910-1,GK0953-36,0.94852,Carl Bildt,M,1998-10-29,https://data.riksdagen.se/anforande/GM0910-1/html,Göran Persson,S,1997-01-22,https://data.riksdagen.se/anforande/GK0953-36/html,"Herr talman! Så står vi här igen i inledningen av
en ny mandatperiod. Fyra år ligger framför oss, som
kommer att föra oss in i ett nytt decennium, ett nytt
sekel, ett nytt århundrade, t.o.m. ett nytt årtusende. Vi
har en ny riksdag med en ny sammansättning, fler
vänsterpartister, fler kristdemokrater, fler moderater,
färre av en del annat och färre","Herr talman! Så har vi då lyssnat på alla goda råd
om vad regeringen bör göra. När man tar till sig in-
trycken är det ingen hejd på goda förslag; mer av allt,
och dessutom lägre skatter! Regeringens otacksamma
uppgift har varit att städa upp efter en sådan politik.
När man hör en av dem som kanske mer än andra var
ansvarig för detta, Alf Svensson,"
GM0942-11,GK0912-43,0.94842,Gudrun Schyman,V,1999-01-20,https://data.riksdagen.se/anforande/GM0942-11/html,Göran Persson,S,1996-10-09,https://data.riksdagen.se/anforande/GK0912-43/html,"Fru talman! Jag tänkte börja med att gratulera Gö-
ran Persson på hans 50-årsdag. Vi får tillfälle att
gratulera mera i eftermiddag, vet jag.
Jag vill också gärna gratulera till det mycket kloka
beslutet att låta tillsätta en sanningskommission. Det
var en bra present till alla oss som har arbetat för det
här under lång tid och framför allt en bra ","Herr talman! Vi har nu en debatt som skall spegla
det alternativ som ställs mot regeringens förslag - ett
regeringsförslag som i huvudsak stöds av Centerpar-
tiet.
Jag måste säga att när man lyssnar på debatten är
det inte en samlad bild man får, utan här ifrån talarsto-
len pläderar numera varje parti för sina egna hjärte-
frågor, obekymrade om hu"
GZ0957-1,GY099-60,0.94837,Fredrik Reinfeldt,M,2012-01-18,https://data.riksdagen.se/anforande/GZ0957-1/html,Jan Björklund,L,2010-11-03,https://data.riksdagen.se/anforande/GY099-60/html,"Herr talman! Vår kontinent, vårt Europa, befinner sig i en parallell och samtidig finanskris, skuldkris och förtroendekris. Det påverkar och förändrar vårt Europa. Detta har ibland hänvisats till som en kris i de så kallade PIIGS-länderna. Då menar man Portugal, Irland, Italien, Grekland och Spanien. Men det räcker inte längre som beskrivning.
Låt","Herr talman! Vi ser nu ljuset i tunneln. Kurvorna pekar uppåt. Medan många andra länder nu kommer att få kämpa med nedskärningar i sin välfärd och med högre skatter kan Sverige gå in i en fas där vi planerar för motsatsen. Sverige går ur den ekonomiska krisen som den kanske starkaste ekonomin i hela Europa.
Lika klart som det är att vi på kort sik"
GO099-46,GL0912-1,0.94831,Göran Persson,S,2000-10-11,https://data.riksdagen.se/anforande/GO099-46/html,Carl Bildt,M,1997-10-08,https://data.riksdagen.se/anforande/GL0912-1/html,"Herr talman! Värderade ledamöter av denna
kammare! Det är faktiskt tänkvärt att följa debatten så
som vi har fått göra under några morgontimmar den-
na dag. Det beskriver på något sätt det politiska läget
i vårt land. Vi är i en högkonjunktur. Det märks. Det
är krav på jättelika skattesänkningar, krav på enorma
utgiftsökningar och egentligen bara s","Fru talman! Ledamöter av kammaren, statsminis-
tern, representanter för regeringen och andra! Det var
ett bra tag sedan jag hade möjlighet att stå i denna
talarstol. Andra uppdrag har som bekant under några
år fört mig bort från Sverige och till problem i Europa
som har varit och fortfarande är av en helt annan
dignitet än det vi har att hantera i "
GZ0957-104,GW0913-31,0.94816,Jonas Sjöstedt,V,2012-01-18,https://data.riksdagen.se/anforande/GZ0957-104/html,Maud Olofsson,C,2008-10-15,https://data.riksdagen.se/anforande/GW0913-31/html,"Fru talman! Jag tycker att debatten har gett en ganska god bild av den svenska politiken. På den ena sidan har vi en regering som är väldigt nöjd, inte minst med sig själv, och tycker att det går bra. Man hanterar de stora frågorna och det går framåt för Sverige. Man föreslår egentligen inga större samhällsförändringar eller reformer på något områd","Herr talman! Att ha ett jobb att gå till, att kunna försörja sig själv och att ha arbetskamrater är helt grundläggande för människors trygghet. Att veta att man behövs och att känna tillhörighet är fundamentalt för självkänslan. Men det är också grundläggande för ett välfärdssamhälle att alla som kan har en möjlighet att få bidra till det gemensamm"
GH09124-76,GJ0976-1,0.9481,Gudrun Schyman,V,1994-06-11,https://data.riksdagen.se/anforande/GH09124-76/html,Lars Tobisson,M,1996-03-27,https://data.riksdagen.se/anforande/GJ0976-1/html,"Herr talman! Vid regeringsbildningen i oktober
1991 basunerade Carl Bildt ut att han ledde den
mest kompetenta regering Sverige någonsin haft. I
regeringsförklaringen fanns slagordspolitiken satt
på pränt: valfrihetsrevolution, sänkta skatter och
ökad tillväxt. Sverige skulle bli en företagarnation.

Röda spöken var fackföreningsrörelsen, fackliga
","Fru talman! Denna partiledardebatt är förorsakad
av att Sverige bytt regering. Landet har inte bytt poli-
tik. Frågan är om regeringen ens har någon politik.
Under alla omständigheter är den inte vad som krävs.

Vid den socialdemokratiska partikongressen vann
Göran Persson över Vänstern, sägs det. Och visst
undgick den nye partiledaren i stort sett"
GI09121-15,GK0912-43,0.94806,Lars Leijonborg,L,1995-06-15,https://data.riksdagen.se/anforande/GI09121-15/html,Göran Persson,S,1996-10-09,https://data.riksdagen.se/anforande/GK0912-43/html,"Fru talman! Det är inte så många som får den
möjlighet som jag nu har, att tala om valfritt ämne
inför Sveriges riksdag och dessutom få det man säger
utsänt till svenska folket direkt via radio och TV.
Det känns ansvarsfullt. Helst skall ju de här debat-
terna öka intresset för politiken och tilltron till demo-
kratin, och detta har jag dragit någr","Herr talman! Vi har nu en debatt som skall spegla
det alternativ som ställs mot regeringens förslag - ett
regeringsförslag som i huvudsak stöds av Centerpar-
tiet.
Jag måste säga att när man lyssnar på debatten är
det inte en samlad bild man får, utan här ifrån talarsto-
len pläderar numera varje parti för sina egna hjärte-
frågor, obekymrade om hu"
GH09124-51,GK0912-43,0.94806,Olof Johansson,C,1994-06-11,https://data.riksdagen.se/anforande/GH09124-51/html,Göran Persson,S,1996-10-09,https://data.riksdagen.se/anforande/GK0912-43/html,"Fru talman! Den tragedi som utspelats i Falun har
tagit sju människors liv enligt uppgift. Vi känner
sorg och deltagande med alla dem som drabbats, de
dödade och deras anhöriga. Sverige är oftast
förskonat från ond, bråd död av det här slaget. Det
vi ser i forna Jugoslavien, i Rwanda, i Sydafrika
förekommer inte här.

Sedan vi hade den förra partil","Herr talman! Vi har nu en debatt som skall spegla
det alternativ som ställs mot regeringens förslag - ett
regeringsförslag som i huvudsak stöds av Centerpar-
tiet.
Jag måste säga att när man lyssnar på debatten är
det inte en samlad bild man får, utan här ifrån talarsto-
len pläderar numera varje parti för sina egna hjärte-
frågor, obekymrade om hu"
GI098-7,GY099-26,0.94798,Ingvar Carlsson,S,1994-10-12,https://data.riksdagen.se/anforande/GI098-7/html,Fredrik Reinfeldt,M,2010-11-03,https://data.riksdagen.se/anforande/GY099-26/html,"Fru talman! Något av det mest civiliserade som
människan har uppfunnit har just ägt rum i Sverige,
nämligen ett demokratiskt val som har lett till ett
maktskifte. Alla medborgare har haft samma
inflytande, oberoende av ekonomisk eller social
ställning, av ursprung, kön eller hudfärg. För en gångs
skull har en 18-åring haft lika mycket att säga till","Herr talman! Ärade ledamöter! I dag på morgonen nådde oss beskedet att de amerikanska väljarna, sin vana trogen, skulle man kunna tillägga, har röstat mot sittande president och regering. Inte ens Barack Obamas ""yes, we can"" och fantastiska seger för två år sedan kunde synbarligen bryta den trenden.
Det finns ett missnöje, en bristande tilltro til"
GT0913-15,H10913-1,0.94792,Lars Leijonborg,L,2005-10-12,https://data.riksdagen.se/anforande/GT0913-15/html,Mikael Damberg,S,2013-10-16,https://data.riksdagen.se/anforande/H10913-1/html,"Herr talman! Jag ska tala om tre hot mot den svenska välfärden. Göran Persson ska inte göra sig några förhoppningar. Det är inte Maud Olofsson, Göran Hägglund och Fredrik Reinfeldt jag ska tala om.
Jag vet att Socialdemokraterna kommer att ägna de närmaste elva månaderna till att utmåla Allians för Sverige som hotet mot välfärden. Jag tror inte at","Herr talman! Svenska folket tror inte så mycket på mirakel. Vår fantastiska produktivitet, vår konkurrenskraft, vår historiska förmåga att kombinera ekonomiskt välstånd med världens mest jämlika samhälle har kommit ur hårt arbete och samarbete. Vi vet att Sveriges framgångar inte är en slump. Framgång beror på att svenska exportföretag är mer produ"
GQ09122-1,GY099-60,0.94783,Bo Lundgren,M,2003-06-13,https://data.riksdagen.se/anforande/GQ09122-1/html,Jan Björklund,L,2010-11-03,https://data.riksdagen.se/anforande/GY099-60/html,"Herr talman! Sverige är de förlorade möjligheter-
nas land.
För någon vecka sedan meddelade EU-
kommissionen att elva av de 15 medlemsländerna nu
har högre välstånd än Sverige. I förrgår kom ytterli-
gare en bekräftelse. Tidskriften The Economist på-
minde om att Sverige i dag är det fattigaste landet i
Norden.
För bara trettio år sedan var det tvä","Herr talman! Vi ser nu ljuset i tunneln. Kurvorna pekar uppåt. Medan många andra länder nu kommer att få kämpa med nedskärningar i sin välfärd och med högre skatter kan Sverige gå in i en fas där vi planerar för motsatsen. Sverige går ur den ekonomiska krisen som den kanske starkaste ekonomin i hela Europa.
Lika klart som det är att vi på kort sik"
HC0929-2,HD0931-3,0.94777,Ulf Kristersson,M,2024-11-13,https://data.riksdagen.se/anforande/HC0929-2/html,Magdalena Andersson,S,2025-11-12,https://data.riksdagen.se/anforande/HD0931-3/html,"Herr talman! Vi lever i allvarstider - kriget mot Ukraina, lågkonjunkturen efter hög inflation, stor osäkerhet i viktiga länder. I det omvärldsläget vänder sig många länder inåt. Men vi har de senaste 30 åren lärt oss att ensam inte är stark. Det är tvärtom mer samarbete som bygger ett starkare och mer motståndskraftigt Europa.
För exakt 30 år seda","Herr talman! 30 år har gått sedan Sverige blev medlem av Europeiska unionen. Det var en tid av framtidstro och framtidsoptimism, där världen utvecklades mot mer demokrati, mer frihandel och mer fred. Nu bevittnar vi något annat. 
Herr talman! I vår tid ser svenska folket ett fullskaligt krig på den europeiska kontinenten. Bomber fortsätter att fall"
GL0912-2,GL0912-7,0.94775,Olof Johansson,C,1997-10-08,https://data.riksdagen.se/anforande/GL0912-2/html,Göran Persson,S,1997-10-08,https://data.riksdagen.se/anforande/GL0912-7/html,"Fru talman! Jag vill börja med att rikta en väl-
komsthälsning till Carl Bildt, som är hemma igen
efter att ha haft att hantera ett viktigt internationellt
uppdrag. Vi har alla, tror jag, med spänning följt det
arbetet. Det är också självklart att det inte var avslutat
när Carl Bildt lämnade Bosnien, men vi hoppas att det
skall drivas vidare i samm","Fru talman! Till Alf Svensson vill jag säga: Det
dystra med förmatcher är ju att den som går förmat-
chen antingen är på väg uppåt i boxningskarriären
eller på väg ut. Vilken kategori Alf Svensson tillhör
får han själv bedöma.
Annars sade Alf Svensson något som jag tyckte
var bra, och det var mycket annat i hans anförande
som var bra. Han sade att "
GK0953-24,GW0956-14,0.94755,Lars Leijonborg,L,1997-01-22,https://data.riksdagen.se/anforande/GK0953-24/html,Mona Sahlin,S,2009-01-14,https://data.riksdagen.se/anforande/GW0956-14/html,"Fru talman! Låt oss återvända till Volvo Aero i
Arboga ett ögonblick. Vi har sett intervjuerna med de
drabbade familjerna. 650 personer har drabbats av
uppsägning. Tänk er att vi får en sådan jättesmäll på
arbetsmarknaden varje vecka i ett helt år. Det skulle
bli mellan 30 000 och 40 000 människor. Men faktum
är att arbetslösheten ökade så mycket u","Herr talman! Inget försvar finns för de brutala och våldsamma attacker som Israel just nu utför mot Gaza. Inget försvar finns för Hamas raketer mot Sederot och andra städer i Israel. För varje bomb dör allt fler barn och civila. För varje raket växer hatet. För varje dödsoffer glider en tvåstatslösning allt längre bort. 
Ansvaret ligger nu tungt i"
GI09121-1,GJ093-15,0.94753,Lars Tobisson,M,1995-06-15,https://data.riksdagen.se/anforande/GI09121-1/html,Olof Johansson,C,1995-10-04,https://data.riksdagen.se/anforande/GJ093-15/html,"Fru talman! Så här vid riksmötets slut är det na-
turligt att se tillbaka på vad som hänt sedan valet i
höstas. I särklass viktigast är att medborgarna i folk-
omröstning beslutat om Sveriges inträde i EU och att
vi sedan årsskiftet deltar fullt ut i det europeiska sam-
arbetet - detta efter den borgerliga regeringens förar-
bete och utan att den s","Fru talman! Jag har inte för avsikt att gräva i det
förflutna här i dag. För det första gäller regeringsför-
klaringen framtiden - det är en avsiktsförklaring om
vad som skall ske. För det andra är det framtiden som
är påverkbar. Det gäller att lära sig av misstagen, vare
sig de har begåtts före eller efter 1991, och sedan
förstärka den utvecklinge"
GH093-3,GK0912-43,0.94743,Gudrun Schyman,V,1993-10-06,https://data.riksdagen.se/anforande/GH093-3/html,Göran Persson,S,1996-10-09,https://data.riksdagen.se/anforande/GK0912-43/html,"Fru talman! Det är intressant att höra att
föregående talare är så oroad över att ledamöter
lämnar den här salen. Han borde vara mer oroad
över att så många ledamöter lämnar hans eget parti
med hänvisning till att det är odemokratiskt och
diktatoriskt styrt.

Jag skall inleda det här anförandet med att för
ovanlighetens skull redovisa ett sammanhan","Herr talman! Vi har nu en debatt som skall spegla
det alternativ som ställs mot regeringens förslag - ett
regeringsförslag som i huvudsak stöds av Centerpar-
tiet.
Jag måste säga att när man lyssnar på debatten är
det inte en samlad bild man får, utan här ifrån talarsto-
len pläderar numera varje parti för sina egna hjärte-
frågor, obekymrade om hu"
GI09121-10,GJ093-47,0.94739,Olof Johansson,C,1995-06-15,https://data.riksdagen.se/anforande/GI09121-10/html,Ingvar Carlsson,S,1995-10-04,https://data.riksdagen.se/anforande/GJ093-47/html,"Fru talman! Vardagen förmörkas ofta av en brutal
verklighet, så också vid detta riksdagsårs slut. Rap-
porterna om ett alltmer brutaliserat våld, inte minst
bland ungdomar, växer i styrka. I natt kom den senas-
te rapporten.
Knivbeväpning förefaller i vissa sammanhang och
kretsar snarare vara regel än undantag. Den som
knivbeväpnar sig gör sig ju o","Herr talman! Det är intressant att höra angreppen
på det socialdemokratiska partiet från såväl högern
som från Vänsterpartiet och med den emfas som de
framförs.

Moderaterna vill öka inkomstklyftorna, försämra
arbetsrätten och rasera välfärden. Så sent som för
några månader sedan skåpade de ut den ekonomiska
politiken och konvergensprogrammet. Vår "
HA0921-1,H70931-1,0.94739,Ulf Kristersson,M,2022-11-16,https://data.riksdagen.se/anforande/HA0921-1/html,Stefan Löfven,S,2019-11-13,https://data.riksdagen.se/anforande/H70931-1/html,"Herr talman! Den 11 november befriade Ukraina Cherson. På torget vajar nu Ukrainas flagga bredvid den europeiska flaggan. Ukrainska män och kvinnor har meter för meter återtagit sitt land och delar av sin frihet.
I går dödades två människor i Polen, mycket nära den ukrainska gränsen. En undersökning pågår, och Nato och Sverige följer utvecklingen m","Herr talman! I lördags var det precis 30 år sedan Berlinmuren föll. Järnridån och kallt krig gav vika, och i stället växte ett ökat samarbete i Europa fram - ett historiskt samarbete. Och just i dag för 25 år sedan gick svenskar till vallokaler över hela landet i en folkomröstning om EU-medlemskap. Inför den omröstningen var Sverige ett land av deb"
GW0913-1,GZ0915-27,0.94738,Mona Sahlin,S,2008-10-15,https://data.riksdagen.se/anforande/GW0913-1/html,Fredrik Reinfeldt,M,2011-10-12,https://data.riksdagen.se/anforande/GZ0915-27/html,"Herr talman! Sverige har en samhällsmodell byggd på sammanhållning och solidaritet - den svenska modellen. Där har vi hittills hämtat vår styrka i den internationella konkurrensen. Kunskap, trygghet och rättvisa har varit vårt avstamp för en stark utveckling.
Nu är det tuffa tider för många löntagare och företag i Sverige. Då är det politikens upp","Herr talman! Europa håller andan. Europa håller andan därför att de politiska och ekonomiska frågorna om hur den kris som finns i delar av vår kontinent ska lösas ännu inte har fått sina svar. Europa håller andan därför att många av Europas befolkningar är oroliga i ett läge där statsfinanser inte håller ihop, där arbetslöshet växer och där stora s"
GX09138-1,H209113-1,0.9471,Fredrik Reinfeldt,M,2010-06-16,https://data.riksdagen.se/anforande/GX09138-1/html,Stefan Löfven,S,2015-06-10,https://data.riksdagen.se/anforande/H209113-1/html,"Herr talman! Ärade ledamöter! Svenska folket ska fatta ett viktigt beslut den 19 september. Det är ett viktigt beslut för alla svenskar och ett viktigt vägval för Sverige. Vilken väg in i framtiden ska vi välja för vårt fina land? Valet står mellan två tydliga regeringsalternativ, den allians som nu regerat Sverige i fyra och det rödgröna samarbete","Partiledardebatt
Herr talman! Jag vill börja med att vidarebefordra ett tack. Under EU-toppmötet i Riga uttryckte Ukrainas president Porosjenko sin tacksamhet till Sverige för vårt stöd under Rysslands aggression och illegala annektering av Krim, vårt lån och våra humanitära hjälpinsatser.
Detta tack, herr talman, vill jag framföra här i Sveriges r"
GJ0944-31,GJ09110-7,0.94709,Lars Leijonborg,L,1996-01-24,https://data.riksdagen.se/anforande/GJ0944-31/html,Göran Persson,S,1996-06-12,https://data.riksdagen.se/anforande/GJ09110-7/html,"Fru talman! Detta är Ingvar Carlssons sista parti-
ledardebatt. Jag vill gärna, på Folkpartiets och mina
egna vägnar, tacka honom för hans gärning i svenskt
samhällsliv från 50-talet och framåt. Ingvar Carlsson
har en rad personliga egenskaper som det är lätt att
känna sympati för. För att nämna en enda, har han vid
möten i mindre kretsar en humor,","Herr talman! Jag hade egentligen planerat att hålla
ett annat anförande än det jag nu skall hålla. Det beror
på att vi har fått bevittna ett sådant totalt sönderfall
och en så total brist på reaktion från de partiers sida
som står utanför den uppgörelse som presenterades i
går om hur vi skall pressa tillbaka den öppna arbets-
lösheten.

Jag har lys"
GI09121-15,GJ093-47,0.94706,Lars Leijonborg,L,1995-06-15,https://data.riksdagen.se/anforande/GI09121-15/html,Ingvar Carlsson,S,1995-10-04,https://data.riksdagen.se/anforande/GJ093-47/html,"Fru talman! Det är inte så många som får den
möjlighet som jag nu har, att tala om valfritt ämne
inför Sveriges riksdag och dessutom få det man säger
utsänt till svenska folket direkt via radio och TV.
Det känns ansvarsfullt. Helst skall ju de här debat-
terna öka intresset för politiken och tilltron till demo-
kratin, och detta har jag dragit någr","Herr talman! Det är intressant att höra angreppen
på det socialdemokratiska partiet från såväl högern
som från Vänsterpartiet och med den emfas som de
framförs.

Moderaterna vill öka inkomstklyftorna, försämra
arbetsrätten och rasera välfärden. Så sent som för
några månader sedan skåpade de ut den ekonomiska
politiken och konvergensprogrammet. Vår "
H9093-2,HD093-3,0.94704,Ulf Kristersson,M,2021-09-15,https://data.riksdagen.se/anforande/H9093-2/html,Magdalena Andersson,S,2025-09-10,https://data.riksdagen.se/anforande/HD093-3/html,"Herr talman! Efter många års arbete i svensk politik är det här Stefan Löfvens sista riksdagsdebatt. I Sverige har vi en tradition som jag gillar, nämligen att skilja på sak och person. Man kan ogilla en åsikt men respektera människan bakom åsikten. Det här ligger nära yttrandefrihetens klassiska ideal: Jag håller inte med om vad du säger, men jag ","Herr talman! Om ett år går svenska folket till val, och vi kommer att göra det i en historiskt osäker värld. Våldet fortsätter med en nästan obeskrivlig grymhet i Gaza, och i natt kränktes polskt luftrum av Ryssland.
Det är varken första eller sista gången Europa kommer att utsättas för den typen av kränkningar och hybridkrigföring. Vi måste vara b"
HD0931-2,H70931-1,0.94702,Ulf Kristersson,M,2025-11-12,https://data.riksdagen.se/anforande/HD0931-2/html,Stefan Löfven,S,2019-11-13,https://data.riksdagen.se/anforande/H70931-1/html,"God morgon, herr talman! Europa, våra värderingar och vårt sätt att leva är värda att försvara. Vi har tillsammans och var och en för sig byggt några av världens allra bästa samhällen att leva i. Europa är som vi alla vet långt ifrån felfritt, men vi har sammantaget gjort mycket mer rätt än fel. Vi vet också att ingen av alla våra styrkor får tas f","Herr talman! I lördags var det precis 30 år sedan Berlinmuren föll. Järnridån och kallt krig gav vika, och i stället växte ett ökat samarbete i Europa fram - ett historiskt samarbete. Och just i dag för 25 år sedan gick svenskar till vallokaler över hela landet i en folkomröstning om EU-medlemskap. Inför den omröstningen var Sverige ett land av deb"
GJ093-24,GJ093-47,0.94687,Lars Leijonborg,L,1995-10-04,https://data.riksdagen.se/anforande/GJ093-24/html,Ingvar Carlsson,S,1995-10-04,https://data.riksdagen.se/anforande/GJ093-47/html,"Fru talman! Det låga valdeltagandet i EU-valet var
ett tecken. Men det finns tyvärr många fler. Alldeles
för många människor känner en växande misstro mot
oss politiker, mot det politiska systemet och mot dess
sätt att fungera.

Löftesbrotten har varit för många. Skillnaden har
blivit för stor mellan retoriken före valet och realite-
ten efter vale","Herr talman! Det är intressant att höra angreppen
på det socialdemokratiska partiet från såväl högern
som från Vänsterpartiet och med den emfas som de
framförs.

Moderaterna vill öka inkomstklyftorna, försämra
arbetsrätten och rasera välfärden. Så sent som för
några månader sedan skåpade de ut den ekonomiska
politiken och konvergensprogrammet. Vår "
HC09130-3,H9093-2,0.94676,Magdalena Andersson,S,2025-06-11,https://data.riksdagen.se/anforande/HC09130-3/html,Ulf Kristersson,M,2021-09-15,https://data.riksdagen.se/anforande/H9093-2/html,"Herr talman! Sedan vi senast stod i kammaren och debatterade har omvärlden förändrats i grunden. De politiska kontinentalplattorna har skiftat. Sverige möter ett nytt och mycket allvarligt säkerhetspolitiskt läge, den regelbaserade internationella ordningen utmanas och världsekonomin är i gungning när handelskrig hotar som ett resultat av en högerp","Herr talman! Efter många års arbete i svensk politik är det här Stefan Löfvens sista riksdagsdebatt. I Sverige har vi en tradition som jag gillar, nämligen att skilja på sak och person. Man kan ogilla en åsikt men respektera människan bakom åsikten. Det här ligger nära yttrandefrihetens klassiska ideal: Jag håller inte med om vad du säger, men jag "
GS09140-41,GX09138-1,0.94669,Göran Persson,S,2005-06-15,https://data.riksdagen.se/anforande/GS09140-41/html,Fredrik Reinfeldt,M,2010-06-16,https://data.riksdagen.se/anforande/GX09138-1/html,"Herr talman! Den här partiledardebatten är intressant därför att den visar på en ideologisk skillnad mellan den politik som regeringen, socialdemokratin, står för och det alternativ som borgerligheten försöker att presentera. Jag säger ""försöker"" därför att där saknas fortfarande den del av en politik som är helt avgörande för trovärdigheten, nämli","Herr talman! Ärade ledamöter! Svenska folket ska fatta ett viktigt beslut den 19 september. Det är ett viktigt beslut för alla svenskar och ett viktigt vägval för Sverige. Vilken väg in i framtiden ska vi välja för vårt fina land? Valet står mellan två tydliga regeringsalternativ, den allians som nu regerat Sverige i fyra och det rödgröna samarbete"
GX0959-1,GX0959-14,0.94649,Fredrik Reinfeldt,M,2010-01-20,https://data.riksdagen.se/anforande/GX0959-1/html,Mona Sahlin,S,2010-01-20,https://data.riksdagen.se/anforande/GX0959-14/html,"Herr talman! Sverige är ett bra land. Det är för många ett föregångsland, ett land att efterlikna, med frihet och utrymme för människor att växa som andra saknar. Vi är ett föregångsland med kraft att bistå andra - se bland annat på det som nu händer i Haiti. Vi är också redo att ta vår del av det globala ansvaret för finanskrisen, utvecklingsfrågo","Herr talman! Jag vill först säga några ord om Haiti. Jag tror att vi alla här i kammaren och alla i Sverige med fasa bevittnar det som sker där nere i dag. Sverige tar en stor del av ansvaret, precis som Sverige ska göra. Det är bra, men vi behöver också fortsätta att diskutera hur vi kan bekämpa fattigdom ännu bättre, hur vi kan arbeta för demokra"
H209113-26,H10954-18,0.94643,Anna Kinberg Batra,M,2015-06-10,https://data.riksdagen.se/anforande/H209113-26/html,Mikael Damberg,S,2014-01-15,https://data.riksdagen.se/anforande/H10954-18/html,"Herr talman! I förrgår avslutades det så kallade G7-mötet i Elmau i Tyskland. Det finns flera intressanta saker att se i slutsatserna, bland annat om vikten av återhämtning i världsekonomin och bättre villkor för kvinnors jobb och företagande runt om i världen. Men en av de viktigare slutsatserna var det gemensamma löftet att arbeta för att begräns","Herr talman! I går uppmärksammade riksdagen Sveriges 200 år av fred. Det gör vårt land unikt i världen. Lyckan att under så lång tid förskonas från krigets fasor går inte att överskatta.
Vi kan konstatera att den långa freden har gett oss förutsättningar som många länder inte har. Den har bidragit till att göra Sverige till ett av världens bästa l"
GL0912-2,GI098-7,0.9464,Olof Johansson,C,1997-10-08,https://data.riksdagen.se/anforande/GL0912-2/html,Ingvar Carlsson,S,1994-10-12,https://data.riksdagen.se/anforande/GI098-7/html,"Fru talman! Jag vill börja med att rikta en väl-
komsthälsning till Carl Bildt, som är hemma igen
efter att ha haft att hantera ett viktigt internationellt
uppdrag. Vi har alla, tror jag, med spänning följt det
arbetet. Det är också självklart att det inte var avslutat
när Carl Bildt lämnade Bosnien, men vi hoppas att det
skall drivas vidare i samm","Fru talman! Något av det mest civiliserade som
människan har uppfunnit har just ägt rum i Sverige,
nämligen ett demokratiskt val som har lett till ett
maktskifte. Alla medborgare har haft samma
inflytande, oberoende av ekonomisk eller social
ställning, av ursprung, kön eller hudfärg. För en gångs
skull har en 18-åring haft lika mycket att säga till"
GK09119-3,GJ0976-1,0.94638,Olof Johansson,C,1997-06-12,https://data.riksdagen.se/anforande/GK09119-3/html,Lars Tobisson,M,1996-03-27,https://data.riksdagen.se/anforande/GJ0976-1/html,"Fru talman! Så här års sjungs ofta den vackra
psalmen Den blomstertid nu kommer i våra skolor.
Jag hade inte direkt väntat mig att Lars Tobisson
skulle stämma upp den. Visst har Sverige kvarstående
problem. Det är ändå viktigt att visa på vissa skillna-
der. Vi minns alla de mycket dystra höstnätterna
1992. Vi hade nästan undantagstillstånd i lande","Fru talman! Denna partiledardebatt är förorsakad
av att Sverige bytt regering. Landet har inte bytt poli-
tik. Frågan är om regeringen ens har någon politik.
Under alla omständigheter är den inte vad som krävs.

Vid den socialdemokratiska partikongressen vann
Göran Persson över Vänstern, sägs det. Och visst
undgick den nye partiledaren i stort sett"
GM0910-7,GS0913-62,0.94634,Göran Persson,S,1998-10-29,https://data.riksdagen.se/anforande/GM0910-7/html,Peter Eriksson,MP,2004-10-13,https://data.riksdagen.se/anforande/GS0913-62/html,"Herr talman! Låt mig börja med att på en gång till
Birger Schlaug säga att den sist uttalade förhoppning-
en är vi överens om. Låt oss arbeta för den tillsam-
mans!
Låt mig till Gudrun Schyman säga att flera av re-
geringens ledamöter, t.ex. Anna Lindh och Pierre
Schori, har utomordentligt tydligt uttryckt regering-
ens uppfattning om vad som nu hä","Fru talman! Med politikens egen tideräkning är vi nu i halvtid. Det har gått två år av mandatperioden, och det är två år kvar till nästa val. Därför är det inte orimligt att fundera lite grann över läget, och det är inte heller konstigt att de borgerliga partierna försöker samla ihop sig för att se om det går att erbjuda ett alternativ, men hittill"
HD0931-9,HC0929-2,0.94631,Simona Mohamsson,L,2025-11-12,https://data.riksdagen.se/anforande/HD0931-9/html,Ulf Kristersson,M,2024-11-13,https://data.riksdagen.se/anforande/HC0929-2/html,"Herr talman! En gång i tiden var det trendigt att vara kritisk mot Europasamarbetet. Vänsterns EU-kritiker varnade för frihandel och arbetskraftsinvandring. EU-motståndare till höger varnade om överstatlighet och demokratihot. Men det är trender som åldrats lika dåligt som 3D-glasögon på bio.
Faktum är att EU-samarbetet gör Sverige rikare och trygg","Herr talman! Vi lever i allvarstider - kriget mot Ukraina, lågkonjunkturen efter hög inflation, stor osäkerhet i viktiga länder. I det omvärldsläget vänder sig många länder inåt. Men vi har de senaste 30 åren lärt oss att ensam inte är stark. Det är tvärtom mer samarbete som bygger ett starkare och mer motståndskraftigt Europa.
För exakt 30 år seda"
GT0957-62,GX09138-1,0.94627,Maud Olofsson,C,2006-01-18,https://data.riksdagen.se/anforande/GT0957-62/html,Fredrik Reinfeldt,M,2010-06-16,https://data.riksdagen.se/anforande/GX09138-1/html,"Herr talman! När valrörelsen närmar sig kan man inte låta bli att fundera över vad som händer med Sverige, vad valrörelsen betyder för vårt land, inte bara för de politiska partierna.
Vårt land har fantastiska möjligheter. Vi har en väl utbyggd välfärd. De allra flesta av oss har mycket goda erfarenheter av både skola och vård. De flesta av oss kä","Herr talman! Ärade ledamöter! Svenska folket ska fatta ett viktigt beslut den 19 september. Det är ett viktigt beslut för alla svenskar och ett viktigt vägval för Sverige. Vilken väg in i framtiden ska vi välja för vårt fina land? Valet står mellan två tydliga regeringsalternativ, den allians som nu regerat Sverige i fyra och det rödgröna samarbete"
GY09116-2,GI098-7,0.94626,Fredrik Reinfeldt,M,2011-06-15,https://data.riksdagen.se/anforande/GY09116-2/html,Ingvar Carlsson,S,1994-10-12,https://data.riksdagen.se/anforande/GI098-7/html,"Herr talman! I den blomstertid som nu kommer finns anledning att hälsa Håkan Juholt och Gustav Fridolin hjärtligt välkomna till dagens partiledardebatt och det gäller även Åsa Romson som med växelverkan också kommer att ha den rollen.
De som följer riksdagens partiledardebatter vet att det ibland finns en tendens att det i goda tider låter på rege","Fru talman! Något av det mest civiliserade som
människan har uppfunnit har just ägt rum i Sverige,
nämligen ett demokratiskt val som har lett till ett
maktskifte. Alla medborgare har haft samma
inflytande, oberoende av ekonomisk eller social
ställning, av ursprung, kön eller hudfärg. För en gångs
skull har en 18-åring haft lika mycket att säga till"
GM09105-5,H70931-1,0.94621,Lennart Daléus,C,1999-06-02,https://data.riksdagen.se/anforande/GM09105-5/html,Stefan Löfven,S,2019-11-13,https://data.riksdagen.se/anforande/H70931-1/html,"Herr talman! Om man lite närsynt ser ut över Eu-
ropas länder, folk, kultur, språk och historia, ser man
stora och många skillnader. Lyfter man på perspekti-
vet ser man vad som förenar inom den europeiska
unionen.
Man kan se en gemenskap som grundar sig poli-
tiskt på personlig frihet i kombination med dynamik
och solidaritet. Jag tror att det är ","Herr talman! I lördags var det precis 30 år sedan Berlinmuren föll. Järnridån och kallt krig gav vika, och i stället växte ett ökat samarbete i Europa fram - ett historiskt samarbete. Och just i dag för 25 år sedan gick svenskar till vallokaler över hela landet i en folkomröstning om EU-medlemskap. Inför den omröstningen var Sverige ett land av deb"
GM09105-3,GR09121-67,0.94618,Gudrun Schyman,V,1999-06-02,https://data.riksdagen.se/anforande/GM09105-3/html,Göran Persson,S,2004-05-25,https://data.riksdagen.se/anforande/GR09121-67/html,"Herr talman! Jag undrar ibland om man i de parti-
er som talat före mig är medveten om att nästan hälf-
ten av de röstberättigade i Sverige faktiskt sade nej
när vi hade folkomröstning om svenskt inträde i den
europeiska unionen. Jag tror inte att alla vi som gjor-
de det på något sätt är emot internationellt samarbete.
Jag tror inte att alla vi ka","Fru talman! Ärade kammarledamöter! Tack för i år och för den första halvan av mandatperioden! Det har varit framgångar och motgångar. I mitt anförande ska jag uppehålla mig vid två saker, nämligen det kommande EU-valet och även en bedömning av det inrikespolitiska läget mot bakgrund av de kontrollfrågor jag har ställt under debatten omkring regerin"
GJ093-46,GS09140-30,0.946,Alf Svensson,KD,1995-10-04,https://data.riksdagen.se/anforande/GJ093-46/html,Lars Ohly,V,2005-06-15,https://data.riksdagen.se/anforande/GS09140-30/html,"Herr talman! Jag kan förstå att det inte är populärt
att komma med den första meningen som jag har i
mitt anförande, men jag kan inte låta bli.

Jag tycker att det känns som att det går ett stråk av
självupptagenhet över Sverige för närvarande. Vi
svenskar får se upp så att vi inte inbillar oss att vi vet
och kan allting bäst och därför inte skall ","Herr talman! EU:s grundlag har fallit. Det franska nejet i folkomröstningen skakade om den europeiska unionen. Ändå fanns det de som låtsades som om det regnade. Juncker, Barroso, Chirac, Wallström, Persson och Reinfeldt sade allesammans: Processen går vidare. Vi ska ratificera.
Sedan kom Hollands nej i en folkomröstning med en ännu större majorit"
GS0913-62,GJ093-15,0.94585,Peter Eriksson,MP,2004-10-13,https://data.riksdagen.se/anforande/GS0913-62/html,Olof Johansson,C,1995-10-04,https://data.riksdagen.se/anforande/GJ093-15/html,"Fru talman! Med politikens egen tideräkning är vi nu i halvtid. Det har gått två år av mandatperioden, och det är två år kvar till nästa val. Därför är det inte orimligt att fundera lite grann över läget, och det är inte heller konstigt att de borgerliga partierna försöker samla ihop sig för att se om det går att erbjuda ett alternativ, men hittill","Fru talman! Jag har inte för avsikt att gräva i det
förflutna här i dag. För det första gäller regeringsför-
klaringen framtiden - det är en avsiktsförklaring om
vad som skall ske. För det andra är det framtiden som
är påverkbar. Det gäller att lära sig av misstagen, vare
sig de har begåtts före eller efter 1991, och sedan
förstärka den utvecklinge"
GX0959-14,GX09138-1,0.94571,Mona Sahlin,S,2010-01-20,https://data.riksdagen.se/anforande/GX0959-14/html,Fredrik Reinfeldt,M,2010-06-16,https://data.riksdagen.se/anforande/GX09138-1/html,"Herr talman! Jag vill först säga några ord om Haiti. Jag tror att vi alla här i kammaren och alla i Sverige med fasa bevittnar det som sker där nere i dag. Sverige tar en stor del av ansvaret, precis som Sverige ska göra. Det är bra, men vi behöver också fortsätta att diskutera hur vi kan bekämpa fattigdom ännu bättre, hur vi kan arbeta för demokra","Herr talman! Ärade ledamöter! Svenska folket ska fatta ett viktigt beslut den 19 september. Det är ett viktigt beslut för alla svenskar och ett viktigt vägval för Sverige. Vilken väg in i framtiden ska vi välja för vårt fina land? Valet står mellan två tydliga regeringsalternativ, den allians som nu regerat Sverige i fyra och det rödgröna samarbete"
GH09124-76,GK0912-1,0.94568,Gudrun Schyman,V,1994-06-11,https://data.riksdagen.se/anforande/GH09124-76/html,Lars Tobisson,M,1996-10-09,https://data.riksdagen.se/anforande/GK0912-1/html,"Herr talman! Vid regeringsbildningen i oktober
1991 basunerade Carl Bildt ut att han ledde den
mest kompetenta regering Sverige någonsin haft. I
regeringsförklaringen fanns slagordspolitiken satt
på pränt: valfrihetsrevolution, sänkta skatter och
ökad tillväxt. Sverige skulle bli en företagarnation.

Röda spöken var fackföreningsrörelsen, fackliga
","Fru talman! Vad? Hur? När? Det är frågor som
inställer sig när man läser årets finansplan. Redan på
första sidan medger regeringen att det kommer att
krävas strukturella förändringar för att förbättra eko-
nomins sätt att fungera. Den nämner områden som
lönebildningen, arbetsmarknaden, energipolitiken,
pensionssystemet och den offentliga sektorn.
M"
GS09115-2,GS09115-6,0.94554,Fredrik Reinfeldt,M,2005-04-29,https://data.riksdagen.se/anforande/GS09115-2/html,Maud Olofsson,C,2005-04-29,https://data.riksdagen.se/anforande/GS09115-6/html,"Herr talman! Det finns en tendens när vi ska prata EU och Europa att vi ger sken av att det är en annan debatt, utifrån andra ord och andra beskrivningar än när vi för debatt i andra sammanhang. Det är därför viktigt att inleda med att säga att från Moderaternas sida är idéutgångspunkten likadan när vi blickar ut över människor, över Sverige, över ","Herr talman! Den 1 maj 2004 kommer att skrivas in i historien som det datum då Europa inte längre var delat och då det europeiska samarbetet verkligen blev europeiskt. Medborgare från de gamla kommunistiska staterna fick äntligen gå med i en demokratisk union.
Glädjen över det förenade Europa solkas emellertid av det ovärdiga spel som föregick de "
GH093-4,GH093-5,0.94544,Carl Bildt,M,1993-10-06,https://data.riksdagen.se/anforande/GH093-4/html,Bengt Westerberg,L,1993-10-06,https://data.riksdagen.se/anforande/GH093-5/html,"Fru talman! I går presenterade regeringen sin
tredje regeringsförklaring under denna
mandatperiod. Vi visade hur vi steg för steg
fullföljer den politik för förändring och förnyelse av
Sverige som väljarna gav oss mandat för i valet
1991.

I dag har som sig bör oppositionspartierna fått sin
möjlighet att säga att allt är felaktigt, mycket är
förfär","Fru talman! Den största utmaning som vi står inför
under de kommande åren är naturligtvis att klara
ekonomin och arbetslösheten. Den utmaningen
ställer -- det är jag övertygad om -- helt nya krav på
oss politiker både när det gäller politiskt
nytänkande och när det gäller politisk stil, både på
regering och på opposition.

För knappt en vecka sedan"
GK09119-3,GJ0944-1,0.94542,Olof Johansson,C,1997-06-12,https://data.riksdagen.se/anforande/GK09119-3/html,Lars Tobisson,M,1996-01-24,https://data.riksdagen.se/anforande/GJ0944-1/html,"Fru talman! Så här års sjungs ofta den vackra
psalmen Den blomstertid nu kommer i våra skolor.
Jag hade inte direkt väntat mig att Lars Tobisson
skulle stämma upp den. Visst har Sverige kvarstående
problem. Det är ändå viktigt att visa på vissa skillna-
der. Vi minns alla de mycket dystra höstnätterna
1992. Vi hade nästan undantagstillstånd i lande","Fru talman! Riksdagsarbetet startar mjukt i år. Det
beror inte bara på att budgetproposition och allmän
motionstid har flyttats till september utan också på att
ett regeringsskifte förestår.

Av allt att döma är detta Ingvar Carlssons sista
partiledardebatt. Det finns därför skäl att syna det arv
som statsministern lämnar efter sig. Bilden blir int"
GT0913-15,GS09140-41,0.94542,Lars Leijonborg,L,2005-10-12,https://data.riksdagen.se/anforande/GT0913-15/html,Göran Persson,S,2005-06-15,https://data.riksdagen.se/anforande/GS09140-41/html,"Herr talman! Jag ska tala om tre hot mot den svenska välfärden. Göran Persson ska inte göra sig några förhoppningar. Det är inte Maud Olofsson, Göran Hägglund och Fredrik Reinfeldt jag ska tala om.
Jag vet att Socialdemokraterna kommer att ägna de närmaste elva månaderna till att utmåla Allians för Sverige som hotet mot välfärden. Jag tror inte at","Herr talman! Den här partiledardebatten är intressant därför att den visar på en ideologisk skillnad mellan den politik som regeringen, socialdemokratin, står för och det alternativ som borgerligheten försöker att presentera. Jag säger ""försöker"" därför att där saknas fortfarande den del av en politik som är helt avgörande för trovärdigheten, nämli"
GT0957-62,GS09140-41,0.94539,Maud Olofsson,C,2006-01-18,https://data.riksdagen.se/anforande/GT0957-62/html,Göran Persson,S,2005-06-15,https://data.riksdagen.se/anforande/GS09140-41/html,"Herr talman! När valrörelsen närmar sig kan man inte låta bli att fundera över vad som händer med Sverige, vad valrörelsen betyder för vårt land, inte bara för de politiska partierna.
Vårt land har fantastiska möjligheter. Vi har en väl utbyggd välfärd. De allra flesta av oss har mycket goda erfarenheter av både skola och vård. De flesta av oss kä","Herr talman! Den här partiledardebatten är intressant därför att den visar på en ideologisk skillnad mellan den politik som regeringen, socialdemokratin, står för och det alternativ som borgerligheten försöker att presentera. Jag säger ""försöker"" därför att där saknas fortfarande den del av en politik som är helt avgörande för trovärdigheten, nämli"
GL0912-2,GJ0976-1,0.94532,Olof Johansson,C,1997-10-08,https://data.riksdagen.se/anforande/GL0912-2/html,Lars Tobisson,M,1996-03-27,https://data.riksdagen.se/anforande/GJ0976-1/html,"Fru talman! Jag vill börja med att rikta en väl-
komsthälsning till Carl Bildt, som är hemma igen
efter att ha haft att hantera ett viktigt internationellt
uppdrag. Vi har alla, tror jag, med spänning följt det
arbetet. Det är också självklart att det inte var avslutat
när Carl Bildt lämnade Bosnien, men vi hoppas att det
skall drivas vidare i samm","Fru talman! Denna partiledardebatt är förorsakad
av att Sverige bytt regering. Landet har inte bytt poli-
tik. Frågan är om regeringen ens har någon politik.
Under alla omständigheter är den inte vad som krävs.

Vid den socialdemokratiska partikongressen vann
Göran Persson över Vänstern, sägs det. Och visst
undgick den nye partiledaren i stort sett"
GL0912-1,GM0910-7,0.94524,Carl Bildt,M,1997-10-08,https://data.riksdagen.se/anforande/GL0912-1/html,Göran Persson,S,1998-10-29,https://data.riksdagen.se/anforande/GM0910-7/html,"Fru talman! Ledamöter av kammaren, statsminis-
tern, representanter för regeringen och andra! Det var
ett bra tag sedan jag hade möjlighet att stå i denna
talarstol. Andra uppdrag har som bekant under några
år fört mig bort från Sverige och till problem i Europa
som har varit och fortfarande är av en helt annan
dignitet än det vi har att hantera i ","Herr talman! Låt mig börja med att på en gång till
Birger Schlaug säga att den sist uttalade förhoppning-
en är vi överens om. Låt oss arbeta för den tillsam-
mans!
Låt mig till Gudrun Schyman säga att flera av re-
geringens ledamöter, t.ex. Anna Lindh och Pierre
Schori, har utomordentligt tydligt uttryckt regering-
ens uppfattning om vad som nu hä"
GH09124-40,GJ0944-1,0.94512,Bengt Westerberg,L,1994-06-11,https://data.riksdagen.se/anforande/GH09124-40/html,Lars Tobisson,M,1996-01-24,https://data.riksdagen.se/anforande/GJ0944-1/html,"Fru talman! I valet 1991 beslutade svenska folket
att byta regering. Många gjorde det i känslan av att
allt inte stod rätt till i vårt Sverige.

Något måste vara fel när bankerna trugar på
människor lån och konsumtionen hålls uppe genom
att människor lånar mer än de sparar.

Något måste vara fel när svenska företag år efter år
förlorar marknadsande","Fru talman! Riksdagsarbetet startar mjukt i år. Det
beror inte bara på att budgetproposition och allmän
motionstid har flyttats till september utan också på att
ett regeringsskifte förestår.

Av allt att döma är detta Ingvar Carlssons sista
partiledardebatt. Det finns därför skäl att syna det arv
som statsministern lämnar efter sig. Bilden blir int"
GS09115-20,H70931-1,0.94512,Maud Olofsson,C,2005-04-29,https://data.riksdagen.se/anforande/GS09115-20/html,Stefan Löfven,S,2019-11-13,https://data.riksdagen.se/anforande/H70931-1/html,"Herr talman! Återigen försöker statsministern blanda bort korten. Övergångsreglerna handlade om människor som skulle komma hit och leva på våra sociala välfärdssystem. Detta har inte skett. Det kan vi vara överens om nu. Då kan vi heller inte behöva några övergångsregler.
Det är viktigt att säga att vi behöver ett regelverk för den framtida tjänst","Herr talman! I lördags var det precis 30 år sedan Berlinmuren föll. Järnridån och kallt krig gav vika, och i stället växte ett ökat samarbete i Europa fram - ett historiskt samarbete. Och just i dag för 25 år sedan gick svenskar till vallokaler över hela landet i en folkomröstning om EU-medlemskap. Inför den omröstningen var Sverige ett land av deb"
HA0921-8,HC0929-2,0.94508,Johan Pehrson,L,2022-11-16,https://data.riksdagen.se/anforande/HA0921-8/html,Ulf Kristersson,M,2024-11-13,https://data.riksdagen.se/anforande/HC0929-2/html,"Herr talman! Det är krig i Europa sedan en tid tillbaka. Ukrainare slåss för sina liv, sin demokrati och sin frihet mot den ryska mördarmaskinen. Hela Europa dras in. I går drabbades Polen direkt, men vi ska inte dra några förhastade slutsatser.
 STYLEREF Kantrubrik \* MERGEFORMAT EU-politisk partiledardebatt
Det kommer att bli en lång och tuff vin","Herr talman! Vi lever i allvarstider - kriget mot Ukraina, lågkonjunkturen efter hög inflation, stor osäkerhet i viktiga länder. I det omvärldsläget vänder sig många länder inåt. Men vi har de senaste 30 åren lärt oss att ensam inte är stark. Det är tvärtom mer samarbete som bygger ett starkare och mer motståndskraftigt Europa.
För exakt 30 år seda"
GM0910-1,GL0912-7,0.94503,Carl Bildt,M,1998-10-29,https://data.riksdagen.se/anforande/GM0910-1/html,Göran Persson,S,1997-10-08,https://data.riksdagen.se/anforande/GL0912-7/html,"Herr talman! Så står vi här igen i inledningen av
en ny mandatperiod. Fyra år ligger framför oss, som
kommer att föra oss in i ett nytt decennium, ett nytt
sekel, ett nytt århundrade, t.o.m. ett nytt årtusende. Vi
har en ny riksdag med en ny sammansättning, fler
vänsterpartister, fler kristdemokrater, fler moderater,
färre av en del annat och färre","Fru talman! Till Alf Svensson vill jag säga: Det
dystra med förmatcher är ju att den som går förmat-
chen antingen är på väg uppåt i boxningskarriären
eller på väg ut. Vilken kategori Alf Svensson tillhör
får han själv bedöma.
Annars sade Alf Svensson något som jag tyckte
var bra, och det var mycket annat i hans anförande
som var bra. Han sade att "
H70931-72,H70931-1,0.94502,Jonas Sjöstedt,V,2019-11-13,https://data.riksdagen.se/anforande/H70931-72/html,Stefan Löfven,S,2019-11-13,https://data.riksdagen.se/anforande/H70931-1/html,"Fru talman! Europeiska unionen och dess medlemsländer står inför mycket stora utmaningar under de kommande åren. Vänsterpartiets uppfattning är att Europeiska unionen inte fungerar på ett sätt som klarar av de utmaningarna. Europeiska unionen måste förändras.
Vi ser en dramatiskt ökande ojämlikhet i många EU-länder. Det skapar social osäkerhet. I f","Herr talman! I lördags var det precis 30 år sedan Berlinmuren föll. Järnridån och kallt krig gav vika, och i stället växte ett ökat samarbete i Europa fram - ett historiskt samarbete. Och just i dag för 25 år sedan gick svenskar till vallokaler över hela landet i en folkomröstning om EU-medlemskap. Inför den omröstningen var Sverige ett land av deb"
HB09119-9,HA0921-1,0.94502,Johan Pehrson,L,2024-05-22,https://data.riksdagen.se/anforande/HB09119-9/html,Ulf Kristersson,M,2022-11-16,https://data.riksdagen.se/anforande/HA0921-1/html,"Herr talman! Det är krig i vårt Europa. Det är krig igen.
Klimatförändringarna hotar vår planet, och på vår kontinent har den hemmasnickrade energikris som följt av rödgröna kärnkraftsnedläggningar fått den viktiga gröna omställningen att hacka.
Samtidigt fortsätter gängkriminella sitt dödliga handelsresande runt om i Europa och beställer nya mord ","Herr talman! Den 11 november befriade Ukraina Cherson. På torget vajar nu Ukrainas flagga bredvid den europeiska flaggan. Ukrainska män och kvinnor har meter för meter återtagit sitt land och delar av sin frihet.
I går dödades två människor i Polen, mycket nära den ukrainska gränsen. En undersökning pågår, och Nato och Sverige följer utvecklingen m"
GX0959-14,GZ0957-104,0.94487,Mona Sahlin,S,2010-01-20,https://data.riksdagen.se/anforande/GX0959-14/html,Jonas Sjöstedt,V,2012-01-18,https://data.riksdagen.se/anforande/GZ0957-104/html,"Herr talman! Jag vill först säga några ord om Haiti. Jag tror att vi alla här i kammaren och alla i Sverige med fasa bevittnar det som sker där nere i dag. Sverige tar en stor del av ansvaret, precis som Sverige ska göra. Det är bra, men vi behöver också fortsätta att diskutera hur vi kan bekämpa fattigdom ännu bättre, hur vi kan arbeta för demokra","Fru talman! Jag tycker att debatten har gett en ganska god bild av den svenska politiken. På den ena sidan har vi en regering som är väldigt nöjd, inte minst med sig själv, och tycker att det går bra. Man hanterar de stora frågorna och det går framåt för Sverige. Man föreslår egentligen inga större samhällsförändringar eller reformer på något områd"
H209113-106,GU098-1,0.94483,Jonas Sjöstedt,V,2015-06-10,https://data.riksdagen.se/anforande/H209113-106/html,Göran Persson I Stjärnhov,S,2006-10-11,https://data.riksdagen.se/anforande/GU098-1/html,"Herr talman! Kollegor, partiordförande, riksdagsledamöter i denna långa partiledardebatt!
Vi närmar oss nu slutet på ett ovanligt dramatiskt riksdagsår. Man får nog gå ganska långt tillbaka i Sveriges politiska historia för att hitta något liknande.
 STYLEREF Kantrubrik \* MERGEFORMAT Partiledardebatt
Vi såg en tydlig valseger för de rödgröna parti","Herr talman! Ledamöter och kamrater! 24 dagar har gått sedan väljarna sade sitt. Sverige har fått en ny regering. Moderaterna fick vad de önskade, en regering med majoritet i riksdagen, med en stark dominans för högern. Det är närapå en enpartiregering.
Marginalerna blev små. Röstmässigt är det ingen majoritetsregering. Regeringen har endast 48 % "
GU09125-31,GY09116-19,0.94481,Maud Olofsson,C,2007-06-13,https://data.riksdagen.se/anforande/GU09125-31/html,Håkan Juholt,S,2011-06-15,https://data.riksdagen.se/anforande/GY09116-19/html,"Herr talman! Först vill också jag passa på att tacka Lars Leijonborg som nu har sin sista partiledardebatt. Det har varit ett fantastiskt samarbete och den kanske mest intensiva och spännande perioden i svensk politisk historia, alltifrån Högfors och fram till maktskiftet.
Jag vill också säga att det engagemang för skolan som visats av Folkpartiet","Herr talman! Ärade ledamöter! Jag har varit partiledare för Socialdemokraterna i ungefär två månader. Det har slagit mig vilka stora förväntningar som ställs på Socialdemokraterna. Jag förstår det, för svenska folket vet vad Sverige har blivit och vad Socialdemokraterna har tagit ansvar för genom historien. Vi är vad vi är, inte för att vi hela tid"
GZ0957-18,GX09138-1,0.9448,Håkan Juholt,S,2012-01-18,https://data.riksdagen.se/anforande/GZ0957-18/html,Fredrik Reinfeldt,M,2010-06-16,https://data.riksdagen.se/anforande/GX09138-1/html,Herr talman! Samtidigt som vi noga följer hur ekonomin försvagas i vår omvärld ser vi att det i vårt eget land finns oerhörda styrkor och möjligheter som inte tas till vara. Arbetsförmedlingen meddelade så sent som i går att varslen ökar. 30 000 nya personer anmälde sig som arbetslösa under december månad. Den otrygghet som sprider sig runt om i la,"Herr talman! Ärade ledamöter! Svenska folket ska fatta ett viktigt beslut den 19 september. Det är ett viktigt beslut för alla svenskar och ett viktigt vägval för Sverige. Vilken väg in i framtiden ska vi välja för vårt fina land? Valet står mellan två tydliga regeringsalternativ, den allians som nu regerat Sverige i fyra och det rödgröna samarbete"
GM09111-35,GL0912-2,0.94467,Göran Persson,S,1999-06-16,https://data.riksdagen.se/anforande/GM09111-35/html,Olof Johansson,C,1997-10-08,https://data.riksdagen.se/anforande/GL0912-2/html,"Fru talman! Jag vill i likhet med Lars Tobisson
börja med att uttrycka mitt djupa deltagande med de
familjer som förlorade två av sina kära, Olle Borén
och Robert Karlström, i morden i södra Östergötland
för några veckor sedan. Det är tankar som går till
familjerna, naturligtvis, och också tankar som går till
deras kolleger, som gör ett arbete för ","Fru talman! Jag vill börja med att rikta en väl-
komsthälsning till Carl Bildt, som är hemma igen
efter att ha haft att hantera ett viktigt internationellt
uppdrag. Vi har alla, tror jag, med spänning följt det
arbetet. Det är också självklart att det inte var avslutat
när Carl Bildt lämnade Bosnien, men vi hoppas att det
skall drivas vidare i samm"
GH09124-51,GJ0976-7,0.94459,Olof Johansson,C,1994-06-11,https://data.riksdagen.se/anforande/GH09124-51/html,Göran Persson,S,1996-03-27,https://data.riksdagen.se/anforande/GJ0976-7/html,"Fru talman! Den tragedi som utspelats i Falun har
tagit sju människors liv enligt uppgift. Vi känner
sorg och deltagande med alla dem som drabbats, de
dödade och deras anhöriga. Sverige är oftast
förskonat från ond, bråd död av det här slaget. Det
vi ser i forna Jugoslavien, i Rwanda, i Sydafrika
förekommer inte här.

Sedan vi hade den förra partil","Fru talman! Alf Svensson sade att han villig att ta
de beska kommentarerna efter sitt anförande. Jag tror
inte att han behöver vara så orolig - han lyckades inta
i stort sett alla populära ståndpunkter: högre bistånd,
mer av kommunala anställningar, högre pensioner,
vårdnadsbidrag, allt. Alf Svensson fortsätter att sjunga
med änglarna.

Egentligen,"
HB0930-6,HA0921-1,0.94457,Muharrem Demirok,C,2023-11-15,https://data.riksdagen.se/anforande/HB0930-6/html,Ulf Kristersson,M,2022-11-16,https://data.riksdagen.se/anforande/HA0921-1/html,"Herr talman! Med 27 länder, närmare 450 miljoner medborgare, 24 officiella språk och världens tredje största ekonomi är Europeiska unionen en avgörande del av vår värld, vår vardag och vår verklighet. Sverige är i sin tur en avgörande del av Europeiska unionen. Vår kraft och vår röst kan och ska göra skillnad. Vi ska påverka EU därför att EU påverk","Herr talman! Den 11 november befriade Ukraina Cherson. På torget vajar nu Ukrainas flagga bredvid den europeiska flaggan. Ukrainska män och kvinnor har meter för meter återtagit sitt land och delar av sin frihet.
I går dödades två människor i Polen, mycket nära den ukrainska gränsen. En undersökning pågår, och Nato och Sverige följer utvecklingen m"
H20945-26,H30913-135,0.94437,Anna Kinberg Batra,M,2015-01-14,https://data.riksdagen.se/anforande/H20945-26/html,Jan Björklund,L,2015-10-14,https://data.riksdagen.se/anforande/H30913-135/html,"Herr talman, ledamöter och åhörare! Låt mig börja med att återigen konstatera vilken viktig inledning det var på dagens debatt: Vi har bred uppslutning i vårt avståndstagande mot det fruktansvärda terrordådet i Frankrike, som hotar vårt öppna samhälle. Tillsammans står vi enade i vårt försvar av demokratin mot våldet. Det gläder mig att statsminist","Fru talman! Nästan 10 000 människor - så många har sökt asyl i Sverige den senaste veckan. Bakom siffrorna döljer sig människor av kött och blod. Många av dem har flytt över havet och riskerat sina liv för att slippa krig och terror. De har gjort det som vi alla skulle göra i den situationen: försöka skapa en bättre framtid för våra barn.
Jag tror "
H109108-1,HD0931-3,0.94434,Fredrik Reinfeldt,M,2014-05-07,https://data.riksdagen.se/anforande/H109108-1/html,Magdalena Andersson,S,2025-11-12,https://data.riksdagen.se/anforande/HD0931-3/html,"Herr talman! I juni kommer stats- och regeringscheferna i Europa och i Europeiska rådet att uppmärksamma att det är 100 år sedan skotten i Sarajevo. Det var de som kom att bli början till första världskriget, som sedan också ledde till andra världskriget.
I grunden var problemen 1914 det som har fortsatt att vara en utmaning även i vår tid. Männis","Herr talman! 30 år har gått sedan Sverige blev medlem av Europeiska unionen. Det var en tid av framtidstro och framtidsoptimism, där världen utvecklades mot mer demokrati, mer frihandel och mer fred. Nu bevittnar vi något annat. 
Herr talman! I vår tid ser svenska folket ett fullskaligt krig på den europeiska kontinenten. Bomber fortsätter att fall"
GM09111-29,GM09111-1,0.9443,Lars Leijonborg,L,1999-06-16,https://data.riksdagen.se/anforande/GM09111-29/html,Lars Tobisson,M,1999-06-16,https://data.riksdagen.se/anforande/GM09111-1/html,"Herr talman! På två sätt var valet i söndags vikti-
gare för Folkpartiet än för andra partier.
För det första är vi faktiskt det parti som i vårt
program mest betonar Europaparlamentets roll och
vill ge det större befogenheter. För oss ligger det
europeiska projektet så nära hjärtat att det verkligen
kändes viktigt att få skicka fler svenska libera","Herr talman! I Mjölby kyrka hölls i går en min-
nesgudstjänst för de två mördade polismännen Olov
Borén och Robert Karlström. Deras tragiska bortgång
har skapat ett smärtsamt sår i den svenska folksjälen.
Vi får aldrig förtröttas i kampen för att stärka re-
spekten för människovärdet och demokratin. Det
gäller här hemma, och det gäller i t.ex. Koso"
GP0952-26,GP09125-33,0.94423,Bo Lundgren,M,2002-01-16,https://data.riksdagen.se/anforande/GP0952-26/html,Alf Svensson,KD,2002-06-14,https://data.riksdagen.se/anforande/GP09125-33/html,"Fru talman! Apropå den diskussion vi redan haft
om förnöjsamhet och skolan vill jag visa upp dagens
Aftonbladet, som presenterar en undersökning bland
skoleleverna. Eleverna har fått nog av problemen i
skolan, står det. Det räcker inte med ny minister. Det
behövs en ny politik, och det kräver en ny regering.
Visst, Göran Persson, ska vi utjämna ska","Fru talman! Bakom oss har vi, som vi alla vet, åtta
år av socialdemokratiskt styre, varav sex år med Gö-
ran Persson. På senaste tiden har Sverige tappat, det
är alldeles uppenbart, både kurs och fart. Och det är
självfallet oppositionens plikt att påtala detta. Sverige
behöver en annan kurs än den nuvarande vänsterrege-
ringens. Och Sverige måste "
GT0913-52,GZ0957-104,0.9442,Göran Persson,S,2005-10-12,https://data.riksdagen.se/anforande/GT0913-52/html,Jonas Sjöstedt,V,2012-01-18,https://data.riksdagen.se/anforande/GZ0957-104/html,Herr talman! Jag har med stort intresse lyssnat till debatten här på förmiddagen. Det är en märklig bild som växer fram. Det finns ett slags anspråk från den borgerliga högeralliansen på att representera något slags alternativ därför att man har lyckats komma överens om 50 av de nästan 1 000 miljarderna i budgeten. De 50 miljarderna har man sedan b,"Fru talman! Jag tycker att debatten har gett en ganska god bild av den svenska politiken. På den ena sidan har vi en regering som är väldigt nöjd, inte minst med sig själv, och tycker att det går bra. Man hanterar de stora frågorna och det går framåt för Sverige. Man föreslår egentligen inga större samhällsförändringar eller reformer på något områd"
GW0956-14,GJ0944-1,0.94417,Mona Sahlin,S,2009-01-14,https://data.riksdagen.se/anforande/GW0956-14/html,Lars Tobisson,M,1996-01-24,https://data.riksdagen.se/anforande/GJ0944-1/html,"Herr talman! Inget försvar finns för de brutala och våldsamma attacker som Israel just nu utför mot Gaza. Inget försvar finns för Hamas raketer mot Sederot och andra städer i Israel. För varje bomb dör allt fler barn och civila. För varje raket växer hatet. För varje dödsoffer glider en tvåstatslösning allt längre bort. 
Ansvaret ligger nu tungt i","Fru talman! Riksdagsarbetet startar mjukt i år. Det
beror inte bara på att budgetproposition och allmän
motionstid har flyttats till september utan också på att
ett regeringsskifte förestår.

Av allt att döma är detta Ingvar Carlssons sista
partiledardebatt. Det finns därför skäl att syna det arv
som statsministern lämnar efter sig. Bilden blir int"
GH09124-27,GI098-7,0.9439,Carl Bildt,M,1994-06-11,https://data.riksdagen.se/anforande/GH09124-27/html,Ingvar Carlsson,S,1994-10-12,https://data.riksdagen.se/anforande/GI098-7/html,"Fru talman! Innan jag ger mig in i den egentliga
partiledardebatten vill jag säga att jag tror att vi alla
har anledning att tänka på de anhöriga till dem som
dödats under natten i Falun. Det var ett fasansfullt
skottdrama som har skördat oskyldiga människors
liv. Det kan vara värt en viss eftertanke även här i
kammaren i en stund som denna.

För t","Fru talman! Något av det mest civiliserade som
människan har uppfunnit har just ägt rum i Sverige,
nämligen ett demokratiskt val som har lett till ett
maktskifte. Alla medborgare har haft samma
inflytande, oberoende av ekonomisk eller social
ställning, av ursprung, kön eller hudfärg. För en gångs
skull har en 18-åring haft lika mycket att säga till"
GS09140-1,GZ0957-104,0.94388,Fredrik Reinfeldt,M,2005-06-15,https://data.riksdagen.se/anforande/GS09140-1/html,Jonas Sjöstedt,V,2012-01-18,https://data.riksdagen.se/anforande/GZ0957-104/html,"Herr talman! Det europeiska samarbetet står inför stora utmaningar och legitima frågor om dess folkliga förankring.
Nu på morgonen har vi fått besked om att det som kanske kommer att bli den verkliga förhandlingsfrågan gäller den kommande budgeten, och där är det viktigt att vi ger tydliga besked. Om Storbritannien inte kan tänka sig att ändra på ","Fru talman! Jag tycker att debatten har gett en ganska god bild av den svenska politiken. På den ena sidan har vi en regering som är väldigt nöjd, inte minst med sig själv, och tycker att det går bra. Man hanterar de stora frågorna och det går framåt för Sverige. Man föreslår egentligen inga större samhällsförändringar eller reformer på något områd"
GK0912-14,GJ0944-1,0.94381,Olof Johansson,C,1996-10-09,https://data.riksdagen.se/anforande/GK0912-14/html,Lars Tobisson,M,1996-01-24,https://data.riksdagen.se/anforande/GJ0944-1/html,"Fru talman! Sverige behöver mer av samverkan
och samarbete för att politiken skall bli långsiktigt
hållbar. Åratal av förstelnad blockpolitik har skadat
svensk ekonomi och svenskt samhällsliv. Ytterkant-
spolitik kan aldrig leda Sverige in i framtiden, vare
sig den formuleras till höger eller till vänster. Prat
hjälper inte heller. Det krävs handli","Fru talman! Riksdagsarbetet startar mjukt i år. Det
beror inte bara på att budgetproposition och allmän
motionstid har flyttats till september utan också på att
ett regeringsskifte förestår.

Av allt att döma är detta Ingvar Carlssons sista
partiledardebatt. Det finns därför skäl att syna det arv
som statsministern lämnar efter sig. Bilden blir int"
H30913-135,H30913-1,0.9438,Jan Björklund,L,2015-10-14,https://data.riksdagen.se/anforande/H30913-135/html,Anna Kinberg Batra,M,2015-10-14,https://data.riksdagen.se/anforande/H30913-1/html,"Fru talman! Nästan 10 000 människor - så många har sökt asyl i Sverige den senaste veckan. Bakom siffrorna döljer sig människor av kött och blod. Många av dem har flytt över havet och riskerat sina liv för att slippa krig och terror. De har gjort det som vi alla skulle göra i den situationen: försöka skapa en bättre framtid för våra barn.
Jag tror ","Partiledardebatt
Herr talman, ledamöter och åhörare! Sverige är på väg åt fel håll. Vi ser hur sjuktalen ökar. Vi ser hur allt fler människor fastnar i utanförskap där unga utan utbildning och utrikes födda har för svårt att få det första jobbet. Vi ser grova våldsbrott och kriminella uppgörelser mitt i våra städer. Vi ser hur Rysslands aggressione"
H30913-135,H509131-5,0.94378,Jan Björklund,L,2015-10-14,https://data.riksdagen.se/anforande/H30913-135/html,Annie Lööf,C,2018-06-13,https://data.riksdagen.se/anforande/H509131-5/html,"Fru talman! Nästan 10 000 människor - så många har sökt asyl i Sverige den senaste veckan. Bakom siffrorna döljer sig människor av kött och blod. Många av dem har flytt över havet och riskerat sina liv för att slippa krig och terror. De har gjort det som vi alla skulle göra i den situationen: försöka skapa en bättre framtid för våra barn.
Jag tror ","Herr talman! Valet i höst närmar sig. Nästa gång vi samlas för partiledardebatt har vi en ny regering och riksdag. Då har svenska folket sagt sitt.
Vi i Centerpartiet går till val på att bilda en ny alliansregering. Vi vill genomföra förändringar som stärker Sverige - framtidsreformer som ser till att Sverige håller ihop, som skapar fler jobb även "
GX09138-31,H209113-1,0.94372,Maud Olofsson,C,2010-06-16,https://data.riksdagen.se/anforande/GX09138-31/html,Stefan Löfven,S,2015-06-10,https://data.riksdagen.se/anforande/H209113-1/html,"Herr talman! Snart har det gått fyra år sedan Centerpartiet och alliansregeringen tog över regeringsmakten i Sverige. Vårt uppdrag var väldigt tydligt: Minska utanförskapet och se till att fler får jobb! Se till att de som har arbetsförmåga också får en möjlighet att komma tillbaka till arbetslivet! Se till att alla långtidssjukskrivna, långtidsarb","Partiledardebatt
Herr talman! Jag vill börja med att vidarebefordra ett tack. Under EU-toppmötet i Riga uttryckte Ukrainas president Porosjenko sin tacksamhet till Sverige för vårt stöd under Rysslands aggression och illegala annektering av Krim, vårt lån och våra humanitära hjälpinsatser.
Detta tack, herr talman, vill jag framföra här i Sveriges r"
HC0929-3,HA0921-1,0.94355,Magdalena Andersson,S,2024-11-13,https://data.riksdagen.se/anforande/HC0929-3/html,Ulf Kristersson,M,2022-11-16,https://data.riksdagen.se/anforande/HA0921-1/html,Herr talman! I dag är det 30 år sedan Sverige folkomröstade om medlemskapet i EU. Själv bodde jag i Wien då och studerade nationalekonomi. Jag minns hur jag gick till lokalen med den svenska flaggan och kunde lägga min röst för ett ja till den europeiska gemenskapen. Det var ett stort ögonblick. På kvällen firade jag sedan med mina österrikiska vän,"Herr talman! Den 11 november befriade Ukraina Cherson. På torget vajar nu Ukrainas flagga bredvid den europeiska flaggan. Ukrainska män och kvinnor har meter för meter återtagit sitt land och delar av sin frihet.
I går dödades två människor i Polen, mycket nära den ukrainska gränsen. En undersökning pågår, och Nato och Sverige följer utvecklingen m"
GS0913-56,GO09122-50,0.94355,Maud Olofsson,C,2004-10-13,https://data.riksdagen.se/anforande/GS0913-56/html,Göran Persson,S,2001-06-11,https://data.riksdagen.se/anforande/GO09122-50/html,"Fru talman! Vårt land är ett fantastiskt land. Vi kan vara stolta över vår natur, våra sjöar och våra vidsträckta skogar. Vi kan vara stolta över ett land som har präglats av fina värderingar som frihet, solidaritet och trygghet. Vi har en hög utbildnings- och forskningsnivå. Vi har gjort stora landvinningar inte minst tack vare det enskilda ägande","Fru talman! Det finns en sak som förenar oss i
denna kammare vare sig vi representerar dem som
bor i Kiruna eller i Rosengård i Malmö, vare sig vi
har rötterna i den sörmländska myllan eller i Kur-
distan, vare sig vi är höger eller vänster. Alla känner
vi en stor stolthet över Sverige. Sverige är ett litet
land på norra halvklotet med stora skogar"
GJ0976-3,GM0910-1,0.94355,Lars Leijonborg,L,1996-03-27,https://data.riksdagen.se/anforande/GJ0976-3/html,Carl Bildt,M,1998-10-29,https://data.riksdagen.se/anforande/GM0910-1/html,"Fru talman! Överallt stöter man på arbetslösheten.
Jag har släktingar som är arbetslösa. Jag har goda
vänner som är arbetslösa. När jag är på folkpartimö-
ten träffar jag arbetslösa. När jag är ute och reser
träffar jag arbetslösa. Jag kan inte minnas att vi nå-
gonsin varit i denna situation.

Varje arbetslös har naturligtvis sin egen historia.
En","Herr talman! Så står vi här igen i inledningen av
en ny mandatperiod. Fyra år ligger framför oss, som
kommer att föra oss in i ett nytt decennium, ett nytt
sekel, ett nytt århundrade, t.o.m. ett nytt årtusende. Vi
har en ny riksdag med en ny sammansättning, fler
vänsterpartister, fler kristdemokrater, fler moderater,
färre av en del annat och färre"
GO0951-94,GO0951-74,0.9435,Anna Lindh,S,2001-01-17,https://data.riksdagen.se/anforande/GO0951-94/html,Mats Odell,KD,2001-01-17,https://data.riksdagen.se/anforande/GO0951-74/html,"Fru talman! El Salvador drabbades för några da-
gar sedan av en ny katastrof mitt under återuppbygg-
naden efter orkanen Mitch. Jordbävningen har hittills
förorsakat 700 döda, tusentals skadade, 30 000 för-
störda hus. Bara någon dag efter skickade Sverige sin
första hjälp, 5 miljoner kronor. Vi har beredskap för
att skicka ned Herculesplan med för","Fru talman! Så har då det svenska ordförandeska-
pet i den växande europeiska unionen inletts. Låt oss
nu hjälpas åt så att det blir så framgångsrikt som
möjligt.
En viktig uppgift för oss är dessutom att försöka
förklara att Sverige och andra nationalstater i vår
världsdel faktiskt behöver fyra beslutsnivåer för att
klara sina grundläggande uppgif"
GT0957-26,GJ0976-3,0.94349,Fredrik Reinfeldt,M,2006-01-18,https://data.riksdagen.se/anforande/GT0957-26/html,Lars Leijonborg,L,1996-03-27,https://data.riksdagen.se/anforande/GJ0976-3/html,Herr talman! Valåret 2006 är här. Många hävdar att det har varit valårskänsla under lång tid. Men jag tror att vi ska respektera att för väldigt många väljare är det nu processen börjar. Det är det svåra i den tid vi lever där så många står långt från partipolitiken och känner liten igenkänning i de politiska partierna. Det handlar om att nu söka s,"Fru talman! Överallt stöter man på arbetslösheten.
Jag har släktingar som är arbetslösa. Jag har goda
vänner som är arbetslösa. När jag är på folkpartimö-
ten träffar jag arbetslösa. När jag är ute och reser
träffar jag arbetslösa. Jag kan inte minnas att vi nå-
gonsin varit i denna situation.

Varje arbetslös har naturligtvis sin egen historia.
En"
GJ093-24,GK0912-43,0.94347,Lars Leijonborg,L,1995-10-04,https://data.riksdagen.se/anforande/GJ093-24/html,Göran Persson,S,1996-10-09,https://data.riksdagen.se/anforande/GK0912-43/html,"Fru talman! Det låga valdeltagandet i EU-valet var
ett tecken. Men det finns tyvärr många fler. Alldeles
för många människor känner en växande misstro mot
oss politiker, mot det politiska systemet och mot dess
sätt att fungera.

Löftesbrotten har varit för många. Skillnaden har
blivit för stor mellan retoriken före valet och realite-
ten efter vale","Herr talman! Vi har nu en debatt som skall spegla
det alternativ som ställs mot regeringens förslag - ett
regeringsförslag som i huvudsak stöds av Centerpar-
tiet.
Jag måste säga att när man lyssnar på debatten är
det inte en samlad bild man får, utan här ifrån talarsto-
len pläderar numera varje parti för sina egna hjärte-
frågor, obekymrade om hu"
GK09119-3,GK0912-43,0.94338,Olof Johansson,C,1997-06-12,https://data.riksdagen.se/anforande/GK09119-3/html,Göran Persson,S,1996-10-09,https://data.riksdagen.se/anforande/GK0912-43/html,"Fru talman! Så här års sjungs ofta den vackra
psalmen Den blomstertid nu kommer i våra skolor.
Jag hade inte direkt väntat mig att Lars Tobisson
skulle stämma upp den. Visst har Sverige kvarstående
problem. Det är ändå viktigt att visa på vissa skillna-
der. Vi minns alla de mycket dystra höstnätterna
1992. Vi hade nästan undantagstillstånd i lande","Herr talman! Vi har nu en debatt som skall spegla
det alternativ som ställs mot regeringens förslag - ett
regeringsförslag som i huvudsak stöds av Centerpar-
tiet.
Jag måste säga att när man lyssnar på debatten är
det inte en samlad bild man får, utan här ifrån talarsto-
len pläderar numera varje parti för sina egna hjärte-
frågor, obekymrade om hu"
HC0956-2,HC09130-10,0.94328,Magdalena Andersson,S,2025-01-15,https://data.riksdagen.se/anforande/HC0956-2/html,Ulf Kristersson,M,2025-06-11,https://data.riksdagen.se/anforande/HC09130-10/html,"Herr talman! I vår omvärld tätnar de mörka molnen. Netanyahus krigföring i Gaza har passerat alla gränser. Gisslan är ännu inte frigiven. I Ukraina fortsätter Rysslands brutala krig. Spänningarna i vårt direkta närområde ökar, med kabelbrott och den ryska skuggflottan.
Samtidigt lever vi i ekonomiskt oroliga tider. Lågkonjunkturen i vårt land är dj","Herr talman! Vi lever i allvarstider. För att rusta Sverige starkt inför framtiden måste vi göra stora framtidsinvesteringar, exempelvis den största upprustningen av försvaret i modern tid liksom satsningar på polisen och kriminalvården. Vi måste klara integrationen och säkra välfärden. Det handlar om ny kärnkraft med mer fossilfri el, det handlar "
HA0921-2,HA0921-5,0.94324,Magdalena Andersson,S,2022-11-16,https://data.riksdagen.se/anforande/HA0921-2/html,Annie Lööf,C,2022-11-16,https://data.riksdagen.se/anforande/HA0921-5/html,"Herr talman! I går tvingades Ukrainas folk ännu en gång söka sig till skyddsrummen. Återigen har bomber fallit. Infrastruktur har återigen slagits ut, och miljontals ukrainare förlorade inte bara elförsörjning och värme till sina hus utan mötte ytterligare död och förstörelse. Gårdagens omfattande bombningar runt om i Ukraina visar Rysslands hänsyn","Herr talman! Europa är under hårt tryck. I östra Europa rasar Putins blodiga, oprovocerade anfallskrig vidare. Med brutal intensitet från den ryska regimens sida bombas barn, sjukhus och bostadshus.
 STYLEREF Kantrubrik \* MERGEFORMAT EU-politisk partiledardebatt
Vi ser också hur klimatförändringarna påverkar vår kontinent liksom resten av världen."
GH093-3,GJ0976-1,0.94321,Gudrun Schyman,V,1993-10-06,https://data.riksdagen.se/anforande/GH093-3/html,Lars Tobisson,M,1996-03-27,https://data.riksdagen.se/anforande/GJ0976-1/html,"Fru talman! Det är intressant att höra att
föregående talare är så oroad över att ledamöter
lämnar den här salen. Han borde vara mer oroad
över att så många ledamöter lämnar hans eget parti
med hänvisning till att det är odemokratiskt och
diktatoriskt styrt.

Jag skall inleda det här anförandet med att för
ovanlighetens skull redovisa ett sammanhan","Fru talman! Denna partiledardebatt är förorsakad
av att Sverige bytt regering. Landet har inte bytt poli-
tik. Frågan är om regeringen ens har någon politik.
Under alla omständigheter är den inte vad som krävs.

Vid den socialdemokratiska partikongressen vann
Göran Persson över Vänstern, sägs det. Och visst
undgick den nye partiledaren i stort sett"
GO0951-74,GS09115-7,0.9432,Mats Odell,KD,2001-01-17,https://data.riksdagen.se/anforande/GO0951-74/html,Maria Wetterstrand,MP,2005-04-29,https://data.riksdagen.se/anforande/GS09115-7/html,"Fru talman! Så har då det svenska ordförandeska-
pet i den växande europeiska unionen inletts. Låt oss
nu hjälpas åt så att det blir så framgångsrikt som
möjligt.
En viktig uppgift för oss är dessutom att försöka
förklara att Sverige och andra nationalstater i vår
världsdel faktiskt behöver fyra beslutsnivåer för att
klara sina grundläggande uppgif","Herr talman! Åhörare! Jag vill börja med att tacka de politiska företrädarna i Storbritannien, Spanien, Danmark, Irland, Holland, Portugal, Polen, Tjeckien och Luxemburg för att de låter folken rösta om förslaget till den nya EU-konstitutionen. Det innebär att åtminstone en majoritet av EU:s befolkning har rösträtt i den här frågan, dock ej folket "
GW0913-44,GJ0944-1,0.94311,Jan Björklund,L,2008-10-15,https://data.riksdagen.se/anforande/GW0913-44/html,Lars Tobisson,M,1996-01-24,https://data.riksdagen.se/anforande/GJ0944-1/html,"Herr talman! Turbulens är ordet. De senaste veckorna har varit omtumlande. Ändå är det viktigaste budskapet till svenska folket i dag att vi kommer att ta oss igenom även detta. Det kommer en avmattning i konjunkturen. Vi kommer att få utmaningar att lösa. Men vi kommer att klara det.
En ideologisk debatt om krisens orsaker har redan satt i gång. ","Fru talman! Riksdagsarbetet startar mjukt i år. Det
beror inte bara på att budgetproposition och allmän
motionstid har flyttats till september utan också på att
ett regeringsskifte förestår.

Av allt att döma är detta Ingvar Carlssons sista
partiledardebatt. Det finns därför skäl att syna det arv
som statsministern lämnar efter sig. Bilden blir int"
GM09111-1,GJ0976-7,0.94307,Lars Tobisson,M,1999-06-16,https://data.riksdagen.se/anforande/GM09111-1/html,Göran Persson,S,1996-03-27,https://data.riksdagen.se/anforande/GJ0976-7/html,"Herr talman! I Mjölby kyrka hölls i går en min-
nesgudstjänst för de två mördade polismännen Olov
Borén och Robert Karlström. Deras tragiska bortgång
har skapat ett smärtsamt sår i den svenska folksjälen.
Vi får aldrig förtröttas i kampen för att stärka re-
spekten för människovärdet och demokratin. Det
gäller här hemma, och det gäller i t.ex. Koso","Fru talman! Alf Svensson sade att han villig att ta
de beska kommentarerna efter sitt anförande. Jag tror
inte att han behöver vara så orolig - han lyckades inta
i stort sett alla populära ståndpunkter: högre bistånd,
mer av kommunala anställningar, högre pensioner,
vårdnadsbidrag, allt. Alf Svensson fortsätter att sjunga
med änglarna.

Egentligen,"
GU09125-31,GS09140-41,0.943,Maud Olofsson,C,2007-06-13,https://data.riksdagen.se/anforande/GU09125-31/html,Göran Persson,S,2005-06-15,https://data.riksdagen.se/anforande/GS09140-41/html,"Herr talman! Först vill också jag passa på att tacka Lars Leijonborg som nu har sin sista partiledardebatt. Det har varit ett fantastiskt samarbete och den kanske mest intensiva och spännande perioden i svensk politisk historia, alltifrån Högfors och fram till maktskiftet.
Jag vill också säga att det engagemang för skolan som visats av Folkpartiet","Herr talman! Den här partiledardebatten är intressant därför att den visar på en ideologisk skillnad mellan den politik som regeringen, socialdemokratin, står för och det alternativ som borgerligheten försöker att presentera. Jag säger ""försöker"" därför att där saknas fortfarande den del av en politik som är helt avgörande för trovärdigheten, nämli"
GI09121-1,GK0912-14,0.94292,Lars Tobisson,M,1995-06-15,https://data.riksdagen.se/anforande/GI09121-1/html,Olof Johansson,C,1996-10-09,https://data.riksdagen.se/anforande/GK0912-14/html,"Fru talman! Så här vid riksmötets slut är det na-
turligt att se tillbaka på vad som hänt sedan valet i
höstas. I särklass viktigast är att medborgarna i folk-
omröstning beslutat om Sveriges inträde i EU och att
vi sedan årsskiftet deltar fullt ut i det europeiska sam-
arbetet - detta efter den borgerliga regeringens förar-
bete och utan att den s","Fru talman! Sverige behöver mer av samverkan
och samarbete för att politiken skall bli långsiktigt
hållbar. Åratal av förstelnad blockpolitik har skadat
svensk ekonomi och svenskt samhällsliv. Ytterkant-
spolitik kan aldrig leda Sverige in i framtiden, vare
sig den formuleras till höger eller till vänster. Prat
hjälper inte heller. Det krävs handli"
H50915-6,H20945-26,0.94277,Annie Lööf,C,2017-10-11,https://data.riksdagen.se/anforande/H50915-6/html,Anna Kinberg Batra,M,2015-01-14,https://data.riksdagen.se/anforande/H20945-26/html,"Herr talman! Sverige är på många sätt ett fantastiskt land. Vi har stark tillväxt, sysselsättningen ökar och reformutrymmet är stort.
Vi bor i ett land där kreativiteten sprudlar. Hos oss finns innovativa människor hela vägen från norr till söder. Svenska företag finns överallt. Svensk landsbygd finns i hela världen. 
Det är just detta att vi uppmu","Herr talman, ledamöter och åhörare! Låt mig börja med att återigen konstatera vilken viktig inledning det var på dagens debatt: Vi har bred uppslutning i vårt avståndstagande mot det fruktansvärda terrordådet i Frankrike, som hotar vårt öppna samhälle. Tillsammans står vi enade i vårt försvar av demokratin mot våldet. Det gläder mig att statsminist"
H109128-121,H209113-106,0.94276,Göran Hägglund,KD,2014-06-18,https://data.riksdagen.se/anforande/H109128-121/html,Jonas Sjöstedt,V,2015-06-10,https://data.riksdagen.se/anforande/H209113-106/html,"Herr talman! Det har fallit på min lott att summera och runda av mandatperiodens sista partiledardebatt. Jag tackar för det förtroendet.
Sverige går till val om mindre än tre månader. Ibland hör man människor säga att det inte spelar någon roll hur man röstar, men det gör det förstås. Det spelar en roll, och det kommande valet är ett verkligt vikt","Herr talman! Kollegor, partiordförande, riksdagsledamöter i denna långa partiledardebatt!
Vi närmar oss nu slutet på ett ovanligt dramatiskt riksdagsår. Man får nog gå ganska långt tillbaka i Sveriges politiska historia för att hitta något liknande.
 STYLEREF Kantrubrik \* MERGEFORMAT Partiledardebatt
Vi såg en tydlig valseger för de rödgröna parti"
H209113-106,GJ093-47,0.94266,Jonas Sjöstedt,V,2015-06-10,https://data.riksdagen.se/anforande/H209113-106/html,Ingvar Carlsson,S,1995-10-04,https://data.riksdagen.se/anforande/GJ093-47/html,"Herr talman! Kollegor, partiordförande, riksdagsledamöter i denna långa partiledardebatt!
Vi närmar oss nu slutet på ett ovanligt dramatiskt riksdagsår. Man får nog gå ganska långt tillbaka i Sveriges politiska historia för att hitta något liknande.
 STYLEREF Kantrubrik \* MERGEFORMAT Partiledardebatt
Vi såg en tydlig valseger för de rödgröna parti","Herr talman! Det är intressant att höra angreppen
på det socialdemokratiska partiet från såväl högern
som från Vänsterpartiet och med den emfas som de
framförs.

Moderaterna vill öka inkomstklyftorna, försämra
arbetsrätten och rasera välfärden. Så sent som för
några månader sedan skåpade de ut den ekonomiska
politiken och konvergensprogrammet. Vår "
H70931-98,H70931-1,0.94257,Johan Pehrson,L,2019-11-13,https://data.riksdagen.se/anforande/H70931-98/html,Stefan Löfven,S,2019-11-13,https://data.riksdagen.se/anforande/H70931-1/html,"Fru talman! I dag debatterar vi hur Sverige ska använda medlemskapet i den organiserade europeiska gemenskapen, det vi kallar EU. 
Jag minns hur jag denna dag för 25 år sedan, som juriststudent vid King's College London, stod på Handelskammarens valvaka och firade det svenska folkets tydliga ja till medlemskap i EU. Det är nästan svårt att ta till ","Herr talman! I lördags var det precis 30 år sedan Berlinmuren föll. Järnridån och kallt krig gav vika, och i stället växte ett ökat samarbete i Europa fram - ett historiskt samarbete. Och just i dag för 25 år sedan gick svenskar till vallokaler över hela landet i en folkomröstning om EU-medlemskap. Inför den omröstningen var Sverige ett land av deb"
GJ09110-1,GJ0944-31,0.94253,Lars Tobisson,M,1996-06-12,https://data.riksdagen.se/anforande/GJ09110-1/html,Lars Leijonborg,L,1996-01-24,https://data.riksdagen.se/anforande/GJ0944-31/html,"Herr talman! I dag skulle talmannen ha blåst till
halvtid för mandatperioden. Riksdagen skulle ha kun-
nat summera de två första åren av den socialdemo-
kratiska regeringsperioden.

Men så blev det inte. Regeringens oförmåga att för
riksdagen lägga fram förslag på utlovad tid har föran-
lett oss moderater att begära att riksdagen fortsätter
sitt ar","Fru talman! Detta är Ingvar Carlssons sista parti-
ledardebatt. Jag vill gärna, på Folkpartiets och mina
egna vägnar, tacka honom för hans gärning i svenskt
samhällsliv från 50-talet och framåt. Ingvar Carlsson
har en rad personliga egenskaper som det är lätt att
känna sympati för. För att nämna en enda, har han vid
möten i mindre kretsar en humor,"
GI0947-14,GH09124-51,0.94243,Ingvar Carlsson,S,1994-12-21,https://data.riksdagen.se/anforande/GI0947-14/html,Olof Johansson,C,1994-06-11,https://data.riksdagen.se/anforande/GH09124-51/html,"Herr talman! Alf Svensson talar alltid i en vänlig
och lugn ton. Det gör att man kanske inte alltid obser-
verar ens mycket grova övertramp. Nu måste jag, herr
talman, kraftigt reagera. Alf Svensson sade här att jag
spelade ihop med Wachtmeister och Ny demokrati i
oppositionsställning. Det var precis det jag inte gjor-
de, Alf Svensson. Jag hade i ","Fru talman! Den tragedi som utspelats i Falun har
tagit sju människors liv enligt uppgift. Vi känner
sorg och deltagande med alla dem som drabbats, de
dödade och deras anhöriga. Sverige är oftast
förskonat från ond, bråd död av det här slaget. Det
vi ser i forna Jugoslavien, i Rwanda, i Sydafrika
förekommer inte här.

Sedan vi hade den förra partil"
GY099-60,H60944-1,0.94241,Jan Björklund,L,2010-11-03,https://data.riksdagen.se/anforande/GY099-60/html,Stefan Löfven,S,2019-01-30,https://data.riksdagen.se/anforande/H60944-1/html,"Herr talman! Vi ser nu ljuset i tunneln. Kurvorna pekar uppåt. Medan många andra länder nu kommer att få kämpa med nedskärningar i sin välfärd och med högre skatter kan Sverige gå in i en fas där vi planerar för motsatsen. Sverige går ur den ekonomiska krisen som den kanske starkaste ekonomin i hela Europa.
Lika klart som det är att vi på kort sik","Partiledardebatt
Fru talman! Sverige har en ny regering. Efter en lång regeringsbildning har en ministär med Socialdemokraterna och Miljöpartiet de gröna tillträtt, på grundval av januariavtalet med Centern och Liberalerna.
Det är ett nytt läge i svensk politik. I och med denna överenskommelse i mitten finns grunden för att göra det bästa för vårt "
HC0956-5,H70958-2,0.9424,Muharrem Demirok,C,2025-01-15,https://data.riksdagen.se/anforande/HC0956-5/html,Ulf Kristersson,M,2020-01-15,https://data.riksdagen.se/anforande/H70958-2/html,"Herr talman! Det känns fint att få stå här i kammaren framför kollegor igen efter ännu ett juluppehåll, men det känns också ansvarstungt. När vi nu kliver in i 2025 är det nämligen uppenbart att Sverige inte mår så bra.
Sammanhållningen är stukad, och alltför många upplever att politiken inte har svar på de problem som de möter i vardagen. Alltför ","Herr talman! Vi står på tröskeln till ett nytt decennium. Det nya 20talet har just börjat. Vi står också inför ett år fyllt av hot och möjligheter. Måndagens bombdåd i Stockholm och Uppsala visar att vi har en historisk uppgift framför oss. Den grova brottsligheten, utanförskapet, invandringen, den dåliga integrationen, skolmisslyckandena - allt de"
GV09126-31,GZ0957-104,0.94238,Maud Olofsson,C,2008-06-11,https://data.riksdagen.se/anforande/GV09126-31/html,Jonas Sjöstedt,V,2012-01-18,https://data.riksdagen.se/anforande/GZ0957-104/html,"Herr talman! Jag skulle vilja börja med att säga tack, 165 000 tack till alla företagare runt om i hela landet som sedan Allians för Sverige fick väljarnas förtroende har sett till att 165 000 människor har kunnat gå från utanförskap till jobb. Jag vill tacka för er vilja, alla sena timmar och allt ert mod och engagemang för Sverige och jobben. 
T","Fru talman! Jag tycker att debatten har gett en ganska god bild av den svenska politiken. På den ena sidan har vi en regering som är väldigt nöjd, inte minst med sig själv, och tycker att det går bra. Man hanterar de stora frågorna och det går framåt för Sverige. Man föreslår egentligen inga större samhällsförändringar eller reformer på något områd"
H109108-85,H70931-1,0.94234,Annie Lööf,C,2014-05-07,https://data.riksdagen.se/anforande/H109108-85/html,Stefan Löfven,S,2019-11-13,https://data.riksdagen.se/anforande/H70931-1/html,"Fru talman! Europa är demokratins vagga. Men det är också platsen som har sett två världskrig och födelsen av tre totalitära ideologier - kommunism, fascism och nazism. EU:s 28 medlemsländer är levande bevis på att det är handel, öppenhet och samarbete som är ofrihetens värsta fiende. Sedan 70-talets mitt har länder som Spanien, Grekland, Tyskland,","Herr talman! I lördags var det precis 30 år sedan Berlinmuren föll. Järnridån och kallt krig gav vika, och i stället växte ett ökat samarbete i Europa fram - ett historiskt samarbete. Och just i dag för 25 år sedan gick svenskar till vallokaler över hela landet i en folkomröstning om EU-medlemskap. Inför den omröstningen var Sverige ett land av deb"
GJ09110-5,GQ09122-45,0.94224,Birger Schlaug,MP,1996-06-12,https://data.riksdagen.se/anforande/GJ09110-5/html,Maud Olofsson,C,2003-06-13,https://data.riksdagen.se/anforande/GQ09122-45/html,"Herr talman! Ledamöter! Alla ni 80 000 som lyss-
nar på radio eller ser på TV!

Göran Persson ser en ljusning när det gäller att
minska arbetslösheten, har vi fått veta. Den ljusning
och det sken som han ser vid horisonten är nog i själ-
va verket skenet som bedrar.

Det finns nämligen ingenting som tyder på att re-
geringen kan halvera arbetslöshe","Herr talman! Först vill jag säga några ord om fi-
nansmarknaden och de finansvalpar som statsminis-
tern talade om. Det var inte valutaspekulanterna som
satte stopp för en utveckling av den offentliga sek-
torn. Vi hade inte råd att expandera den offentliga
sektorn eftersom vi hade förbrukat våra pengar.
Sanningen är den att om man ska ha en offent"
GT0957-62,GY09116-19,0.9422,Maud Olofsson,C,2006-01-18,https://data.riksdagen.se/anforande/GT0957-62/html,Håkan Juholt,S,2011-06-15,https://data.riksdagen.se/anforande/GY09116-19/html,"Herr talman! När valrörelsen närmar sig kan man inte låta bli att fundera över vad som händer med Sverige, vad valrörelsen betyder för vårt land, inte bara för de politiska partierna.
Vårt land har fantastiska möjligheter. Vi har en väl utbyggd välfärd. De allra flesta av oss har mycket goda erfarenheter av både skola och vård. De flesta av oss kä","Herr talman! Ärade ledamöter! Jag har varit partiledare för Socialdemokraterna i ungefär två månader. Det har slagit mig vilka stora förväntningar som ställs på Socialdemokraterna. Jag förstår det, för svenska folket vet vad Sverige har blivit och vad Socialdemokraterna har tagit ansvar för genom historien. Vi är vad vi är, inte för att vi hela tid"
GM09105-1,GW09122-35,0.94213,Göran Persson,S,1999-06-02,https://data.riksdagen.se/anforande/GM09105-1/html,Maud Olofsson,C,2009-05-20,https://data.riksdagen.se/anforande/GW09122-35/html,"Herr talman! Snart kommer det att sättas punkt för
uppdelningen av Europa i öst och väst. Snart kommer
EU att ha kanske ända upp till 25 medlemsstater. Det
handlar om många länder som för några år sedan satt
fast i det kommunistiska förtrycket och som bara
kunde drömma om frihet och möjlighet att ge en
uppväxande generation trygghet och utvecklings","Fru talman! Jag tänker vänta tills socialdemokraterna har gått ut ur plenisalen, för det brukar de göra.
Fru talman! I år är det 70 år sedan andra världskriget bröt ut. Än finns en generation kvar som minns kriget och hur vi i Europa höll på att förgöra varandra. Man minns ett krig som framkallade människans allra mörkaste sidor och som lade vår k"
HC0929-6,HA0921-1,0.94211,Muharrem Demirok,C,2024-11-13,https://data.riksdagen.se/anforande/HC0929-6/html,Ulf Kristersson,M,2022-11-16,https://data.riksdagen.se/anforande/HA0921-1/html,"Herr talman! Håll gränsen för freden, friheten och klimatet! Det var Centerpartiets löfte till väljarna i EU-valet. Det är ett löfte som framstår som ännu viktigare i dag, bara några månader efter detta EU-val.
Nyss hemkommen från presidentvalets USA bär jag med mig ytterligare en påminnelse om just detta. Där har en kandidat vars kampanj byggdes p","Herr talman! Den 11 november befriade Ukraina Cherson. På torget vajar nu Ukrainas flagga bredvid den europeiska flaggan. Ukrainska män och kvinnor har meter för meter återtagit sitt land och delar av sin frihet.
I går dödades två människor i Polen, mycket nära den ukrainska gränsen. En undersökning pågår, och Nato och Sverige följer utvecklingen m"
HD0957-58,HB0956-16,0.9421,Magdalena Andersson,S,2026-01-14,https://data.riksdagen.se/anforande/HD0957-58/html,Ebba Busch,KD,2024-01-17,https://data.riksdagen.se/anforande/HB0956-16/html,"(Applåder)
Herr talman! Världen som vi känner den omdanas just nu mitt framför våra ögon. Den ordning som byggdes upp ur ruinen av andra världskriget med internationella domstolar, internationell rätt, internationella organisationer som FN, EU och Nato, den ordning som gjorde fiender till vänner och som lyfte miljontals människor ur fattigdom skaka",Herr talman! Sverige behöver en starkare samhällsgemenskap och ett starkare samhällsbygge. Svenska staten behöver ta en mycket mer aktiv roll och bli mer av en katalysator till näringslivets tillväxtmotor. Vi måste inse att om Sverige inte kan eller ska konkurrera med billig arbetskraft eller massiva statsstöd måste vi konkurrera genom att vara ett
GS09115-6,GS09115-21,0.94204,Maud Olofsson,C,2005-04-29,https://data.riksdagen.se/anforande/GS09115-6/html,Maria Wetterstrand,MP,2005-04-29,https://data.riksdagen.se/anforande/GS09115-21/html,"Herr talman! Den 1 maj 2004 kommer att skrivas in i historien som det datum då Europa inte längre var delat och då det europeiska samarbetet verkligen blev europeiskt. Medborgare från de gamla kommunistiska staterna fick äntligen gå med i en demokratisk union.
Glädjen över det förenade Europa solkas emellertid av det ovärdiga spel som föregick de ","Herr talman! Maud Olofsson frågar vad det är för fel med en del av de förslag som finns med i konstitutionen. Just de förslag som du tog upp, Maud, var de som jag i mitt första tal räknade upp som saker som är bra med konstitutionsförslaget.
Men jag påpekade också då att det knappast behövs en ny konstitution för att man ska kunna få öppenhet i mi"
H109108-85,H70931-72,0.94199,Annie Lööf,C,2014-05-07,https://data.riksdagen.se/anforande/H109108-85/html,Jonas Sjöstedt,V,2019-11-13,https://data.riksdagen.se/anforande/H70931-72/html,"Fru talman! Europa är demokratins vagga. Men det är också platsen som har sett två världskrig och födelsen av tre totalitära ideologier - kommunism, fascism och nazism. EU:s 28 medlemsländer är levande bevis på att det är handel, öppenhet och samarbete som är ofrihetens värsta fiende. Sedan 70-talets mitt har länder som Spanien, Grekland, Tyskland,","Fru talman! Europeiska unionen och dess medlemsländer står inför mycket stora utmaningar under de kommande åren. Vänsterpartiets uppfattning är att Europeiska unionen inte fungerar på ett sätt som klarar av de utmaningarna. Europeiska unionen måste förändras.
Vi ser en dramatiskt ökande ojämlikhet i många EU-länder. Det skapar social osäkerhet. I f"
GQ09122-57,GQ09122-45,0.94198,Göran Persson,S,2003-06-13,https://data.riksdagen.se/anforande/GQ09122-57/html,Maud Olofsson,C,2003-06-13,https://data.riksdagen.se/anforande/GQ09122-45/html,"Herr talman! Svaret, Peter Eriksson, är att vi byg-
ger EU starkare. Peter Eriksson ondgör sig över
USA:s totala dominans. Vi har en stor politisk orga-
nisation där vi själva är medlemmar, sitter vid bordet,
kan påverka besluten, som står för progressiva idéer
och för den typ av värderingar som vi har - Europeis-
ka unionen. Det är den vi ska anvä","Herr talman! Först vill jag säga några ord om fi-
nansmarknaden och de finansvalpar som statsminis-
tern talade om. Det var inte valutaspekulanterna som
satte stopp för en utveckling av den offentliga sek-
torn. Vi hade inte råd att expandera den offentliga
sektorn eftersom vi hade förbrukat våra pengar.
Sanningen är den att om man ska ha en offent"
GJ09110-5,GQ0944-26,0.94197,Birger Schlaug,MP,1996-06-12,https://data.riksdagen.se/anforande/GJ09110-5/html,Bo Lundgren,M,2003-01-22,https://data.riksdagen.se/anforande/GQ0944-26/html,"Herr talman! Ledamöter! Alla ni 80 000 som lyss-
nar på radio eller ser på TV!

Göran Persson ser en ljusning när det gäller att
minska arbetslösheten, har vi fått veta. Den ljusning
och det sken som han ser vid horisonten är nog i själ-
va verket skenet som bedrar.

Det finns nämligen ingenting som tyder på att re-
geringen kan halvera arbetslöshe","Herr talman! Jag kan hålla med Maria Wetter-
strand åtminstone i ett avseende, och det är att de
frågor som diskuteras i konventet och som så små-
ningom ska bli föremål för beslut i Europeiska rådet
skulle kunna få en större plats här i riksdagen. Om jag
som riksdagsledamot skulle ge ett råd till talmannen
kunde det vara att man i stället för att "
H60944-1,H30913-135,0.94194,Stefan Löfven,S,2019-01-30,https://data.riksdagen.se/anforande/H60944-1/html,Jan Björklund,L,2015-10-14,https://data.riksdagen.se/anforande/H30913-135/html,"Partiledardebatt
Fru talman! Sverige har en ny regering. Efter en lång regeringsbildning har en ministär med Socialdemokraterna och Miljöpartiet de gröna tillträtt, på grundval av januariavtalet med Centern och Liberalerna.
Det är ett nytt läge i svensk politik. I och med denna överenskommelse i mitten finns grunden för att göra det bästa för vårt ","Fru talman! Nästan 10 000 människor - så många har sökt asyl i Sverige den senaste veckan. Bakom siffrorna döljer sig människor av kött och blod. Många av dem har flytt över havet och riskerat sina liv för att slippa krig och terror. De har gjort det som vi alla skulle göra i den situationen: försöka skapa en bättre framtid för våra barn.
Jag tror "
GM0942-16,GH093-2,0.94188,Alf Svensson,KD,1999-01-20,https://data.riksdagen.se/anforande/GM0942-16/html,Ian Wachtmeister,NYD,1993-10-06,https://data.riksdagen.se/anforande/GH093-2/html,"Fru talman! Herr statsminister!
Med en enkel tulipan uppå bemärkelseda'n,
jag har den äran, jag har den äran att gratulera!

Blomman kanske ser ut som en tulipanaros - jag
vet inte - men den skall i så fall inte uppfattas sym-
boliskt. Den är i alla fall röd och grön. ""Rröd och
grrön."" Samtidigt bör det understrykas att det var tur
att det inte var","Fru talman! Till dem som nu traditionsensligt
lämnar lokalen vill jag påpeka att baren inte har
öppnat ännu.

I motsats till Ingvar Carlsson vet jag inte riktigt vad
regeringen i allmänhet kommer att säga så
småningom. Det räcker för min del med vad den
har sagt och gjort.

Jag utgår också från att alla känner till den mycket
allvarliga situationen"
GH09124-40,GH093-1,0.94166,Bengt Westerberg,L,1994-06-11,https://data.riksdagen.se/anforande/GH09124-40/html,Ingvar Carlsson,S,1993-10-06,https://data.riksdagen.se/anforande/GH093-1/html,"Fru talman! I valet 1991 beslutade svenska folket
att byta regering. Många gjorde det i känslan av att
allt inte stod rätt till i vårt Sverige.

Något måste vara fel när bankerna trugar på
människor lån och konsumtionen hålls uppe genom
att människor lånar mer än de sparar.

Något måste vara fel när svenska företag år efter år
förlorar marknadsande","Fru talman! Det som inträffat i Ryssland är tragiskt
och oroande. Fascister och gammelkommunister
tvingade president Jeltsin att möta våld med våld.
Människoliv har gått till spillo. Den sköra
demokratin har utsatts för allvarliga påfrestningar.

De allra flesta av oss känner lättnad över att
kuppmakarna misslyckats. Men vi inser att
president Jelt"
GS09140-16,GK0912-43,0.9416,Lars Leijonborg,L,2005-06-15,https://data.riksdagen.se/anforande/GS09140-16/html,Göran Persson,S,1996-10-09,https://data.riksdagen.se/anforande/GK0912-43/html,"Herr talman! Låt mig knyta an till den allra senaste replikväxlingen och säga att jag tycker att det Tony Blair och hans finansminister nu gör för att lyfta Afrika tillhör det mest hoppingivande i världspolitiken för närvarande. Det påminner om politikens möjligheter. Man identifierar en utmaning, man har en idé om hur den kan mötas och man åstadko","Herr talman! Vi har nu en debatt som skall spegla
det alternativ som ställs mot regeringens förslag - ett
regeringsförslag som i huvudsak stöds av Centerpar-
tiet.
Jag måste säga att när man lyssnar på debatten är
det inte en samlad bild man får, utan här ifrån talarsto-
len pläderar numera varje parti för sina egna hjärte-
frågor, obekymrade om hu"
GI098-5,GK0912-43,0.94152,Birger Schlaug,MP,1994-10-12,https://data.riksdagen.se/anforande/GI098-5/html,Göran Persson,S,1996-10-09,https://data.riksdagen.se/anforande/GK0912-43/html,"Fru talman! Först skall man väl hälsa den nya
regeringen välkommen. Jag hoppas att ni också hälsar
Miljöpartiet välkommet. Vi är nya båda två. Vi
kanske rent av behöver varandra för att få igenom
någonting så småningom.
Den svenska ekonomiska politiken har tappat
fotfästet. Alltmer virvlar runt i en låtsasvärld. I
låtsasvärlden hör vi ord som ""ränt","Herr talman! Vi har nu en debatt som skall spegla
det alternativ som ställs mot regeringens förslag - ett
regeringsförslag som i huvudsak stöds av Centerpar-
tiet.
Jag måste säga att när man lyssnar på debatten är
det inte en samlad bild man får, utan här ifrån talarsto-
len pläderar numera varje parti för sina egna hjärte-
frågor, obekymrade om hu"
HA0914-1,HA0914-2,0.94149,Ulf Kristersson,M,2022-10-26,https://data.riksdagen.se/anforande/HA0914-1/html,Magdalena Andersson,S,2022-10-26,https://data.riksdagen.se/anforande/HA0914-2/html,"Herr talman! I valet fick de fyra samarbetspartierna mandat att sätta Sverige på ny kurs. Uppgiften är att systematiskt, på punkt efter punkt, börja lösa våra allvarliga samhällsproblem. Förändring var nödvändig. Förändring är nu möjlig.
Regeringen kommer att ta fasta på det mandatet. Vi kommer att genomföra ett paradigmskifte i svensk politik. Men","Herr talman! Sverige har nu fått en ny regering. Det är bra att den har kommit på plats. Jag vill gratulera statsministern och alla andra i deras nya roller.
Vi lever i en orolig tid, och säkerhetsläget är mycket allvarligt. Rysslands brutala anfallskrig mot Ukraina får konsekvenser för oss alla. Det ukrainska folket betalar just nu ett oerhört hög"
GX0913-75,GW0956-31,0.94146,Maria Wetterstrand,MP,2009-10-14,https://data.riksdagen.se/anforande/GX0913-75/html,Maud Olofsson,C,2009-01-14,https://data.riksdagen.se/anforande/GW0956-31/html,"Herr talman! Vänner och åhörare! Efter att ha lyssnat på den här debatten slås jag av hur mycket klimatfrågan har försvunnit från politiken under det senaste året. Jag vill ge en eloge till Roger Tiefensee som åtminstone tog upp den i sitt anförande. Mona Sahlin nämnde frågan. Detta är ändå, trots allt, den allra största och mest långsiktiga utmani","Herr talman! Jag tror att också socialdemokrater skulle må väl av att höra på andra anföranden än sitt eget partis. Men ni väljer själva.
Det finns årsskiften som är mer dramatiska än andra. I augusti hade vi den högsta sysselsättningsnivån någonsin. Vi pratade om risken för arbetskraftsbrist. Men bara ett halvår senare står vi inför mycket omfatt"
GS09140-35,H109128-19,0.9414,Maud Olofsson,C,2005-06-15,https://data.riksdagen.se/anforande/GS09140-35/html,Mikael Damberg,S,2014-06-18,https://data.riksdagen.se/anforande/H109128-19/html,"Herr talman! I dagarna tar tusentals ungdomar studenten. Uppsluppna röster sjunger om att ""den ljusnande framtid är vår"". Vilken underbar bild när försommaren är på väg in i högsommar!
Ta den bilden och tänk tillbaka ett ögonblick. Hur var det när ni själva tog studenten? Hur kändes det på morgonen när ni äntligen fick ta på er studentmössan, när ","Herr talman! Pensionärsskatt, riskkapitalbolag i skolan, läx-RUT, tvångs-LOV, utförsäkrad och fas 3 är sex ord och uttryck som den moderatledda regeringen har berikat det svenska språket med och vilkas innebörd för åtta år sedan skulle ha uppfattats som lätt bisarra. 
Varför ska pensionärer betala högre skatt än löntagare? Varför ska staten ge ska"
GS09140-35,GN09128-42,0.94137,Maud Olofsson,C,2005-06-15,https://data.riksdagen.se/anforande/GS09140-35/html,Göran Persson,S,2000-06-15,https://data.riksdagen.se/anforande/GN09128-42/html,"Herr talman! I dagarna tar tusentals ungdomar studenten. Uppsluppna röster sjunger om att ""den ljusnande framtid är vår"". Vilken underbar bild när försommaren är på väg in i högsommar!
Ta den bilden och tänk tillbaka ett ögonblick. Hur var det när ni själva tog studenten? Hur kändes det på morgonen när ni äntligen fick ta på er studentmössan, när ","Fru talman! Låt mig allra först hälsa Matz Ham-
marström välkommen till de här debatterna. Jag ser
fram emot konstruktiva meningsutbyten, och jag
sätter stort värde på den sakliga ton och den kon-
struktiva och analytiska förmåga som han lägger i
dagen. Välkommen!
Jag ska också säga att jag blir glad när jag hör
Lennart Daléus och dessa skildringar"
GI09121-1,GI098-7,0.94136,Lars Tobisson,M,1995-06-15,https://data.riksdagen.se/anforande/GI09121-1/html,Ingvar Carlsson,S,1994-10-12,https://data.riksdagen.se/anforande/GI098-7/html,"Fru talman! Så här vid riksmötets slut är det na-
turligt att se tillbaka på vad som hänt sedan valet i
höstas. I särklass viktigast är att medborgarna i folk-
omröstning beslutat om Sveriges inträde i EU och att
vi sedan årsskiftet deltar fullt ut i det europeiska sam-
arbetet - detta efter den borgerliga regeringens förar-
bete och utan att den s","Fru talman! Något av det mest civiliserade som
människan har uppfunnit har just ägt rum i Sverige,
nämligen ett demokratiskt val som har lett till ett
maktskifte. Alla medborgare har haft samma
inflytande, oberoende av ekonomisk eller social
ställning, av ursprung, kön eller hudfärg. För en gångs
skull har en 18-åring haft lika mycket att säga till"
H70931-89,H70931-72,0.94136,Ebba Busch Thor,KD,2019-11-13,https://data.riksdagen.se/anforande/H70931-89/html,Jonas Sjöstedt,V,2019-11-13,https://data.riksdagen.se/anforande/H70931-72/html,"Fru talman! Nästan ett halvår har passerat sedan EU-valet. Vi kristdemokrater sökte väljarnas mandat för att arbeta för ett EU som har rätt fokus, ett EU som fokuserar på att lösa gemensamma problem men som också accepterar att länderna i unionen är olika varandra. Vi kallade det för lagom: mer av det som EU verkligen ska göra, mindre av det som me","Fru talman! Europeiska unionen och dess medlemsländer står inför mycket stora utmaningar under de kommande åren. Vänsterpartiets uppfattning är att Europeiska unionen inte fungerar på ett sätt som klarar av de utmaningarna. Europeiska unionen måste förändras.
Vi ser en dramatiskt ökande ojämlikhet i många EU-länder. Det skapar social osäkerhet. I f"
GJ09110-5,GJ0976-1,0.94127,Birger Schlaug,MP,1996-06-12,https://data.riksdagen.se/anforande/GJ09110-5/html,Lars Tobisson,M,1996-03-27,https://data.riksdagen.se/anforande/GJ0976-1/html,"Herr talman! Ledamöter! Alla ni 80 000 som lyss-
nar på radio eller ser på TV!

Göran Persson ser en ljusning när det gäller att
minska arbetslösheten, har vi fått veta. Den ljusning
och det sken som han ser vid horisonten är nog i själ-
va verket skenet som bedrar.

Det finns nämligen ingenting som tyder på att re-
geringen kan halvera arbetslöshe","Fru talman! Denna partiledardebatt är förorsakad
av att Sverige bytt regering. Landet har inte bytt poli-
tik. Frågan är om regeringen ens har någon politik.
Under alla omständigheter är den inte vad som krävs.

Vid den socialdemokratiska partikongressen vann
Göran Persson över Vänstern, sägs det. Och visst
undgick den nye partiledaren i stort sett"
GI09121-15,GK0953-36,0.9412,Lars Leijonborg,L,1995-06-15,https://data.riksdagen.se/anforande/GI09121-15/html,Göran Persson,S,1997-01-22,https://data.riksdagen.se/anforande/GK0953-36/html,"Fru talman! Det är inte så många som får den
möjlighet som jag nu har, att tala om valfritt ämne
inför Sveriges riksdag och dessutom få det man säger
utsänt till svenska folket direkt via radio och TV.
Det känns ansvarsfullt. Helst skall ju de här debat-
terna öka intresset för politiken och tilltron till demo-
kratin, och detta har jag dragit någr","Herr talman! Så har vi då lyssnat på alla goda råd
om vad regeringen bör göra. När man tar till sig in-
trycken är det ingen hejd på goda förslag; mer av allt,
och dessutom lägre skatter! Regeringens otacksamma
uppgift har varit att städa upp efter en sådan politik.
När man hör en av dem som kanske mer än andra var
ansvarig för detta, Alf Svensson,"
GM0942-16,GJ0944-46,0.94119,Alf Svensson,KD,1999-01-20,https://data.riksdagen.se/anforande/GM0942-16/html,Birger Schlaug,MP,1996-01-24,https://data.riksdagen.se/anforande/GJ0944-46/html,"Fru talman! Herr statsminister!
Med en enkel tulipan uppå bemärkelseda'n,
jag har den äran, jag har den äran att gratulera!

Blomman kanske ser ut som en tulipanaros - jag
vet inte - men den skall i så fall inte uppfattas sym-
boliskt. Den är i alla fall röd och grön. ""Rröd och
grrön."" Samtidigt bör det understrykas att det var tur
att det inte var","Herr talman! Jag ser, Ingvar Carlsson, att trädet är
litet, hårt ansat och väl klippt. - Kanske har Per Kåge-
son ramlat av, men Greger Hatt och en del andra finns
i alla fall kvar. Jag tycker att det där trädet är litet
symboliskt.

Också vi skall skänka träd, Ingvar Carlsson, för
plantering i Kenya - alldeles riktiga träd, som blir
både nyttiga, "
GP0952-1,GP0913-31,0.94112,Göran Persson,S,2002-01-16,https://data.riksdagen.se/anforande/GP0952-1/html,Lena Ek,C,2001-10-17,https://data.riksdagen.se/anforande/GP0913-31/html,"Fru talman! Nu påbörjar vi den sista terminen för
den här riksdagen. Till sommaren är mandatperioden
till ända. I höst är det en ny riksdag som samlas. Det
manar till eftertanke, ungefär som när man vid nyår
tänker tillbaka på året som gått. Vad gav det? Vad
fick jag gjort av det jag planerat?
Jag kan inte säga att jag är nöjd. Kan man vara
nöjd nä","Fru talman, ledamöter, åhörare! Jag måste precis
som alla andra börja med det som sker i Afghanistan.
För en del år sedan åkte jag längs gränsen mellan
Pakistan och Afghanistan i en FN-jeep, genom alla de
flyktingläger som ligger utkastade i det som egentli-
gen är det vi i Sverige skulle kalla grustag, med solen
mitt på himlen och ingen skugga någ"
HC0956-2,GQ09122-1,0.94107,Magdalena Andersson,S,2025-01-15,https://data.riksdagen.se/anforande/HC0956-2/html,Bo Lundgren,M,2003-06-13,https://data.riksdagen.se/anforande/GQ09122-1/html,"Herr talman! I vår omvärld tätnar de mörka molnen. Netanyahus krigföring i Gaza har passerat alla gränser. Gisslan är ännu inte frigiven. I Ukraina fortsätter Rysslands brutala krig. Spänningarna i vårt direkta närområde ökar, med kabelbrott och den ryska skuggflottan.
Samtidigt lever vi i ekonomiskt oroliga tider. Lågkonjunkturen i vårt land är dj","Herr talman! Sverige är de förlorade möjligheter-
nas land.
För någon vecka sedan meddelade EU-
kommissionen att elva av de 15 medlemsländerna nu
har högre välstånd än Sverige. I förrgår kom ytterli-
gare en bekräftelse. Tidskriften The Economist på-
minde om att Sverige i dag är det fattigaste landet i
Norden.
För bara trettio år sedan var det tvä"
GP0952-26,GH093-1,0.94084,Bo Lundgren,M,2002-01-16,https://data.riksdagen.se/anforande/GP0952-26/html,Ingvar Carlsson,S,1993-10-06,https://data.riksdagen.se/anforande/GH093-1/html,"Fru talman! Apropå den diskussion vi redan haft
om förnöjsamhet och skolan vill jag visa upp dagens
Aftonbladet, som presenterar en undersökning bland
skoleleverna. Eleverna har fått nog av problemen i
skolan, står det. Det räcker inte med ny minister. Det
behövs en ny politik, och det kräver en ny regering.
Visst, Göran Persson, ska vi utjämna ska","Fru talman! Det som inträffat i Ryssland är tragiskt
och oroande. Fascister och gammelkommunister
tvingade president Jeltsin att möta våld med våld.
Människoliv har gått till spillo. Den sköra
demokratin har utsatts för allvarliga påfrestningar.

De allra flesta av oss känner lättnad över att
kuppmakarna misslyckats. Men vi inser att
president Jelt"
GV09126-14,GQ0912-2,0.94081,Mona Sahlin,S,2008-06-11,https://data.riksdagen.se/anforande/GV09126-14/html,Bo Lundgren,M,2002-11-06,https://data.riksdagen.se/anforande/GQ0912-2/html,"Herr talman! Mot statsministerns märkliga beskrivning av Sverige just nu tänkte jag opponera, inte för att jag är någon dysterkvist utan för att jag tror mer om Sverige.
Regeringen sade en sak men gör en annan. De sade: Vi står för arbetslinjen, jobb, inte bidrag. Men det är socialbidragen, inte jobben, som ökar i kommunerna.
I går skrev Svenska ","Herr talman! Varje dag vaknar fyra miljoner män-
niskor och går till jobbet. De undervisar våra barn, de
tillverkar möbler och bygger hus. De vårdar gamla,
de driver företag och de utvecklar nya idéer. Det är de
som är grunden för vårt välstånd och vår möjlighet att
möta framtidens utmaningar.
Varje dag vaknar också uppemot en och en halv
miljon mä"
H20945-127,GL0912-2,0.94074,Jan Björklund,L,2015-01-14,https://data.riksdagen.se/anforande/H20945-127/html,Olof Johansson,C,1997-10-08,https://data.riksdagen.se/anforande/GL0912-2/html,"Herr talman! Attentaten i Paris är ett angrepp på hela vårt öppna samhälle. Vi känner både sorg och bestörtning, men också beslutsamhet i att aldrig ge vika för terror och extremism. Antisemitismen växer i Europa. Attackerna är en grym påminnelse om att ett öppet samhälle också är sårbart, men framför allt en påminnelse om att vi alla har ett ansva","Fru talman! Jag vill börja med att rikta en väl-
komsthälsning till Carl Bildt, som är hemma igen
efter att ha haft att hantera ett viktigt internationellt
uppdrag. Vi har alla, tror jag, med spänning följt det
arbetet. Det är också självklart att det inte var avslutat
när Carl Bildt lämnade Bosnien, men vi hoppas att det
skall drivas vidare i samm"
GS09140-16,GO099-46,0.94071,Lars Leijonborg,L,2005-06-15,https://data.riksdagen.se/anforande/GS09140-16/html,Göran Persson,S,2000-10-11,https://data.riksdagen.se/anforande/GO099-46/html,"Herr talman! Låt mig knyta an till den allra senaste replikväxlingen och säga att jag tycker att det Tony Blair och hans finansminister nu gör för att lyfta Afrika tillhör det mest hoppingivande i världspolitiken för närvarande. Det påminner om politikens möjligheter. Man identifierar en utmaning, man har en idé om hur den kan mötas och man åstadko","Herr talman! Värderade ledamöter av denna
kammare! Det är faktiskt tänkvärt att följa debatten så
som vi har fått göra under några morgontimmar den-
na dag. Det beskriver på något sätt det politiska läget
i vårt land. Vi är i en högkonjunktur. Det märks. Det
är krav på jättelika skattesänkningar, krav på enorma
utgiftsökningar och egentligen bara s"
GQ0912-43,GM0910-10,0.9407,Göran Persson,S,2002-11-06,https://data.riksdagen.se/anforande/GQ0912-43/html,Carl Bildt,M,1998-10-29,https://data.riksdagen.se/anforande/GM0910-10/html,"Herr landshövding! Herr talman! Vid årsskiftet
utvecklas välfärden i vårt land. Det gäller barnen, de
äldre och satsningarna på vården och skolan. Det är
omfattande reformer som har blivit möjliga eftersom
vi har lyckats pressa tillbaka arbetslösheten, få ord-
ning på offentliga finanser och fått stöd i valet för en
politik som sätter satsningarna ","Fru talman! Jag vill inte påstå att det är det allde-
les avgörande inslaget i en välfärdspolitik. Men det
är, åtminstone från riksdagens och regeringens ut-
gångspunkt, en hygglig startpunkt att ha en socialmi-
nister. Valrörelsens lockfågel flög hem efter valet,
och den därpå följande kandidaten drömde efter
banktjänsten och grabbarna, medan vi a"
GH09124-27,GS0913-67,0.9407,Carl Bildt,M,1994-06-11,https://data.riksdagen.se/anforande/GH09124-27/html,Göran Persson,S,2004-10-13,https://data.riksdagen.se/anforande/GS0913-67/html,"Fru talman! Innan jag ger mig in i den egentliga
partiledardebatten vill jag säga att jag tror att vi alla
har anledning att tänka på de anhöriga till dem som
dödats under natten i Falun. Det var ett fasansfullt
skottdrama som har skördat oskyldiga människors
liv. Det kan vara värt en viss eftertanke även här i
kammaren i en stund som denna.

För t","Fru talman! Låt mig allra först till Lars Ohly säga: Sluta kalla dig för kommunist. Det är en hopplös diskussion som du för. Begreppet är för alla oss förknippat med förtryck. Det har blod på sig. Det finns ingen som helst anledning för en modern politiker som säger sig var demokrat att förknippas med det begreppet. 
Dra strecket! Gör som andra so"
GS0913-56,GZ0957-104,0.94068,Maud Olofsson,C,2004-10-13,https://data.riksdagen.se/anforande/GS0913-56/html,Jonas Sjöstedt,V,2012-01-18,https://data.riksdagen.se/anforande/GZ0957-104/html,"Fru talman! Vårt land är ett fantastiskt land. Vi kan vara stolta över vår natur, våra sjöar och våra vidsträckta skogar. Vi kan vara stolta över ett land som har präglats av fina värderingar som frihet, solidaritet och trygghet. Vi har en hög utbildnings- och forskningsnivå. Vi har gjort stora landvinningar inte minst tack vare det enskilda ägande","Fru talman! Jag tycker att debatten har gett en ganska god bild av den svenska politiken. På den ena sidan har vi en regering som är väldigt nöjd, inte minst med sig själv, och tycker att det går bra. Man hanterar de stora frågorna och det går framåt för Sverige. Man föreslår egentligen inga större samhällsförändringar eller reformer på något områd"
GX0959-1,H60944-1,0.94066,Fredrik Reinfeldt,M,2010-01-20,https://data.riksdagen.se/anforande/GX0959-1/html,Stefan Löfven,S,2019-01-30,https://data.riksdagen.se/anforande/H60944-1/html,"Herr talman! Sverige är ett bra land. Det är för många ett föregångsland, ett land att efterlikna, med frihet och utrymme för människor att växa som andra saknar. Vi är ett föregångsland med kraft att bistå andra - se bland annat på det som nu händer i Haiti. Vi är också redo att ta vår del av det globala ansvaret för finanskrisen, utvecklingsfrågo","Partiledardebatt
Fru talman! Sverige har en ny regering. Efter en lång regeringsbildning har en ministär med Socialdemokraterna och Miljöpartiet de gröna tillträtt, på grundval av januariavtalet med Centern och Liberalerna.
Det är ett nytt läge i svensk politik. I och med denna överenskommelse i mitten finns grunden för att göra det bästa för vårt "
GR09121-40,GL0912-2,0.94064,Göran Hägglund,KD,2004-05-25,https://data.riksdagen.se/anforande/GR09121-40/html,Olof Johansson,C,1997-10-08,https://data.riksdagen.se/anforande/GL0912-2/html,"Herr talman! Sommaren står för dörren. Turisterna har börjat anlända. Men var är de sociala turisterna som statsministern varnat för? Deras säsong kanske är senarelagd. 
Men, vilket är bäst att säga, jag har respekt för frågan om så kallade övergångsregler. Också vi kristdemokrater har diskuterat den. Men jag är glad över att tillhöra ett parti so","Fru talman! Jag vill börja med att rikta en väl-
komsthälsning till Carl Bildt, som är hemma igen
efter att ha haft att hantera ett viktigt internationellt
uppdrag. Vi har alla, tror jag, med spänning följt det
arbetet. Det är också självklart att det inte var avslutat
när Carl Bildt lämnade Bosnien, men vi hoppas att det
skall drivas vidare i samm"
H40952-9,GZ0957-1,0.94064,Stefan Löfven,S,2017-01-11,https://data.riksdagen.se/anforande/H40952-9/html,Fredrik Reinfeldt,M,2012-01-18,https://data.riksdagen.se/anforande/GZ0957-1/html,"STYLEREF Kantrubrik \* MERGEFORMAT Partiledardebatt
Herr talman! Vi har nu hört oppositionen beskriva en rad utmaningar som Sverige står inför: arbetslösheten, segregation, klyftor, välfärden. Om allt detta är vi överens, för under alltför många år i Sverige tilläts klyftorna öka. Mot detta gjorde den dåvarande borgerliga regeringen ingenting. Tvär","Herr talman! Vår kontinent, vårt Europa, befinner sig i en parallell och samtidig finanskris, skuldkris och förtroendekris. Det påverkar och förändrar vårt Europa. Detta har ibland hänvisats till som en kris i de så kallade PIIGS-länderna. Då menar man Portugal, Irland, Italien, Grekland och Spanien. Men det räcker inte längre som beskrivning.
Låt"
GP0952-60,GQ09122-45,0.94063,Lotta N Hedström,MP,2002-01-16,https://data.riksdagen.se/anforande/GP0952-60/html,Maud Olofsson,C,2003-06-13,https://data.riksdagen.se/anforande/GQ09122-45/html,"Fru talman, riksdagskolleger och alla ni som tittar
på TV eller lyssnar på radio! Politik handlar mycket
mer om att vilja och att kunna än att vara en allmän
TV-tyckare eller ha trevligt med etablissemanget.
Vi närmar oss ett riksdagsval, ett val som jag
hoppas ska handla om livskvalitet och värderingar
mer än plånboksfrågor och konsumtionsfrågor. ","Herr talman! Först vill jag säga några ord om fi-
nansmarknaden och de finansvalpar som statsminis-
tern talade om. Det var inte valutaspekulanterna som
satte stopp för en utveckling av den offentliga sek-
torn. Vi hade inte råd att expandera den offentliga
sektorn eftersom vi hade förbrukat våra pengar.
Sanningen är den att om man ska ha en offent"
GR09121-40,GM09111-35,0.94059,Göran Hägglund,KD,2004-05-25,https://data.riksdagen.se/anforande/GR09121-40/html,Göran Persson,S,1999-06-16,https://data.riksdagen.se/anforande/GM09111-35/html,"Herr talman! Sommaren står för dörren. Turisterna har börjat anlända. Men var är de sociala turisterna som statsministern varnat för? Deras säsong kanske är senarelagd. 
Men, vilket är bäst att säga, jag har respekt för frågan om så kallade övergångsregler. Också vi kristdemokrater har diskuterat den. Men jag är glad över att tillhöra ett parti so","Fru talman! Jag vill i likhet med Lars Tobisson
börja med att uttrycka mitt djupa deltagande med de
familjer som förlorade två av sina kära, Olle Borén
och Robert Karlström, i morden i södra Östergötland
för några veckor sedan. Det är tankar som går till
familjerna, naturligtvis, och också tankar som går till
deras kolleger, som gör ett arbete för "
GM0910-4,H9093-2,0.94056,Lennart Daléus,C,1998-10-29,https://data.riksdagen.se/anforande/GM0910-4/html,Ulf Kristersson,M,2021-09-15,https://data.riksdagen.se/anforande/H9093-2/html,"Herr talman! Höstens val innebar att den politiska
kartan i Sverige ritades om. Den samlade vänstern
blev försvagad. Den blev möjligen djupare i någon
mening, men den blev kraftigt försvagad. Den tradi-
tionella högern har stagnerat.
Av detta kan man se att väljarna inte vill ha en
tillbakablickande socialdemokrati eller en konserve-
rad högerpolit","Herr talman! Efter många års arbete i svensk politik är det här Stefan Löfvens sista riksdagsdebatt. I Sverige har vi en tradition som jag gillar, nämligen att skilja på sak och person. Man kan ogilla en åsikt men respektera människan bakom åsikten. Det här ligger nära yttrandefrihetens klassiska ideal: Jag håller inte med om vad du säger, men jag "
GQ0944-26,GL09122-46,0.94055,Bo Lundgren,M,2003-01-22,https://data.riksdagen.se/anforande/GQ0944-26/html,Göran Persson,S,1998-06-10,https://data.riksdagen.se/anforande/GL09122-46/html,"Herr talman! Jag kan hålla med Maria Wetter-
strand åtminstone i ett avseende, och det är att de
frågor som diskuteras i konventet och som så små-
ningom ska bli föremål för beslut i Europeiska rådet
skulle kunna få en större plats här i riksdagen. Om jag
som riksdagsledamot skulle ge ett råd till talmannen
kunde det vara att man i stället för att ","Fru talman! Jag vill börja med att rikta ett tack till
riksdagen för ett gott samarbete under mandatperio-
den. Men också ett tack för de beslut ni har orkat
fatta. Ingen riksdag före er i modern tid har fattat
svårare beslut. Ingen riksdag i en tidigare situation har
haft ett sådant utgångsläge som ni hade 1994. Ni fick
inte misslyckas. Det fanns "
GY09116-86,GX09138-1,0.94054,Maud Olofsson,C,2011-06-15,https://data.riksdagen.se/anforande/GY09116-86/html,Fredrik Reinfeldt,M,2010-06-16,https://data.riksdagen.se/anforande/GX09138-1/html,"Fru talman! Centerpartiet och de andra vännerna i allianspartierna gick till val på tydliga löften. Vi skulle skapa fler jobb i växande företag i Sverige. Vi skulle ta ansvar för ekonomin och vi skulle driva den gröna omställningen. Vi skulle också se till att människor som tidigare stod utanför arbetsmarknaden hade en chans att komma tillbaka.
Vi","Herr talman! Ärade ledamöter! Svenska folket ska fatta ett viktigt beslut den 19 september. Det är ett viktigt beslut för alla svenskar och ett viktigt vägval för Sverige. Vilken väg in i framtiden ska vi välja för vårt fina land? Valet står mellan två tydliga regeringsalternativ, den allians som nu regerat Sverige i fyra och det rödgröna samarbete"
GK0953-33,GK0953-36,0.94049,Gudrun Schyman,V,1997-01-22,https://data.riksdagen.se/anforande/GK0953-33/html,Göran Persson,S,1997-01-22,https://data.riksdagen.se/anforande/GK0953-36/html,"Fru talman! Jag tänkte ta min utgångspunkt i det
faktum att vi kommit drygt halvvägs på den här man-
datperioden. Vi har ungefär lika mycket tid kvar till
nästa val som vi har förbrukat. Då kan det vara intres-
sant att göra någon form av summering av vad som
hänt och kanske ännu mer av vad som inte hänt.
Det finns en del saker som gör i alla fall ","Herr talman! Så har vi då lyssnat på alla goda råd
om vad regeringen bör göra. När man tar till sig in-
trycken är det ingen hejd på goda förslag; mer av allt,
och dessutom lägre skatter! Regeringens otacksamma
uppgift har varit att städa upp efter en sådan politik.
När man hör en av dem som kanske mer än andra var
ansvarig för detta, Alf Svensson,"
HA0914-3,HC09130-3,0.94032,Jimmie Åkesson,SD,2022-10-26,https://data.riksdagen.se/anforande/HA0914-3/html,Magdalena Andersson,S,2025-06-11,https://data.riksdagen.se/anforande/HC09130-3/html,"Herr talman! Sverige har fått en ny regering på plats. Jag noterar att den även är på plats här i kammaren - välkomna! Det är en ny regering som är överens med oss i Sverigedemokraterna om att Sverige behöver en ny start, om att det behövs ett paradigmskifte inom ett antal samhällskritiska områden.
Vi är ett land som sedan lång tid tillbaka har dra","Herr talman! Sedan vi senast stod i kammaren och debatterade har omvärlden förändrats i grunden. De politiska kontinentalplattorna har skiftat. Sverige möter ett nytt och mycket allvarligt säkerhetspolitiskt läge, den regelbaserade internationella ordningen utmanas och världsekonomin är i gungning när handelskrig hotar som ett resultat av en högerp"
HD0931-2,HC0929-6,0.94032,Ulf Kristersson,M,2025-11-12,https://data.riksdagen.se/anforande/HD0931-2/html,Muharrem Demirok,C,2024-11-13,https://data.riksdagen.se/anforande/HC0929-6/html,"God morgon, herr talman! Europa, våra värderingar och vårt sätt att leva är värda att försvara. Vi har tillsammans och var och en för sig byggt några av världens allra bästa samhällen att leva i. Europa är som vi alla vet långt ifrån felfritt, men vi har sammantaget gjort mycket mer rätt än fel. Vi vet också att ingen av alla våra styrkor får tas f","Herr talman! Håll gränsen för freden, friheten och klimatet! Det var Centerpartiets löfte till väljarna i EU-valet. Det är ett löfte som framstår som ännu viktigare i dag, bara några månader efter detta EU-val.
Nyss hemkommen från presidentvalets USA bär jag med mig ytterligare en påminnelse om just detta. Där har en kandidat vars kampanj byggdes p"
GO0951-60,GO0951-74,0.94026,Lars Tobisson,M,2001-01-17,https://data.riksdagen.se/anforande/GO0951-60/html,Mats Odell,KD,2001-01-17,https://data.riksdagen.se/anforande/GO0951-74/html,"Fru talman! Vid EU:s toppmöte i Nice före jul
dominerade de institutionella frågorna. Det gällde att
göra klart för unionens utvidgning med nya med-
lemsländer. Formellt genomfördes uppgiften, men
ingen anser att verket därmed är fullbordat. Utform-
ningen av det europeiska samarbetet är en ständigt
pågående process mot ett ej i förväg fastställt m","Fru talman! Så har då det svenska ordförandeska-
pet i den växande europeiska unionen inletts. Låt oss
nu hjälpas åt så att det blir så framgångsrikt som
möjligt.
En viktig uppgift för oss är dessutom att försöka
förklara att Sverige och andra nationalstater i vår
världsdel faktiskt behöver fyra beslutsnivåer för att
klara sina grundläggande uppgif"
GM0910-4,H70920-2,0.9402,Lennart Daléus,C,1998-10-29,https://data.riksdagen.se/anforande/GM0910-4/html,Ulf Kristersson,M,2019-10-16,https://data.riksdagen.se/anforande/H70920-2/html,"Herr talman! Höstens val innebar att den politiska
kartan i Sverige ritades om. Den samlade vänstern
blev försvagad. Den blev möjligen djupare i någon
mening, men den blev kraftigt försvagad. Den tradi-
tionella högern har stagnerat.
Av detta kan man se att väljarna inte vill ha en
tillbakablickande socialdemokrati eller en konserve-
rad högerpolit","Herr talman! Sverige är ett fantastiskt land. Det är inte riktigt som alla andra, och tur är det. Vi har länge varit ett litet land med stora framgångar.
Jag tänker på den unika svenska jämlikheten och tilliten, att en ann är så god som en ann och att vart man är på väg betyder så mycket mer än var man kommer ifrån. Det är en god grund för social r"
GM0942-11,GL0912-7,0.94012,Gudrun Schyman,V,1999-01-20,https://data.riksdagen.se/anforande/GM0942-11/html,Göran Persson,S,1997-10-08,https://data.riksdagen.se/anforande/GL0912-7/html,"Fru talman! Jag tänkte börja med att gratulera Gö-
ran Persson på hans 50-årsdag. Vi får tillfälle att
gratulera mera i eftermiddag, vet jag.
Jag vill också gärna gratulera till det mycket kloka
beslutet att låta tillsätta en sanningskommission. Det
var en bra present till alla oss som har arbetat för det
här under lång tid och framför allt en bra ","Fru talman! Till Alf Svensson vill jag säga: Det
dystra med förmatcher är ju att den som går förmat-
chen antingen är på väg uppåt i boxningskarriären
eller på väg ut. Vilken kategori Alf Svensson tillhör
får han själv bedöma.
Annars sade Alf Svensson något som jag tyckte
var bra, och det var mycket annat i hans anförande
som var bra. Han sade att "
GS09140-1,GS09140-41,0.9401,Fredrik Reinfeldt,M,2005-06-15,https://data.riksdagen.se/anforande/GS09140-1/html,Göran Persson,S,2005-06-15,https://data.riksdagen.se/anforande/GS09140-41/html,"Herr talman! Det europeiska samarbetet står inför stora utmaningar och legitima frågor om dess folkliga förankring.
Nu på morgonen har vi fått besked om att det som kanske kommer att bli den verkliga förhandlingsfrågan gäller den kommande budgeten, och där är det viktigt att vi ger tydliga besked. Om Storbritannien inte kan tänka sig att ändra på ","Herr talman! Den här partiledardebatten är intressant därför att den visar på en ideologisk skillnad mellan den politik som regeringen, socialdemokratin, står för och det alternativ som borgerligheten försöker att presentera. Jag säger ""försöker"" därför att där saknas fortfarande den del av en politik som är helt avgörande för trovärdigheten, nämli"
GL0953-37,GI09121-15,0.94001,Göran Persson,S,1998-01-21,https://data.riksdagen.se/anforande/GL0953-37/html,Lars Leijonborg,L,1995-06-15,https://data.riksdagen.se/anforande/GI09121-15/html,"Herr talman! Låt mig knyta an till Alf Svensson.
Jag tror att det finns anledning för oss i kammaren
och i hela vårt land att stanna upp inför det faktum att
det är mycket mer som förenar oss än vad som skiljer
oss. Det finns värden som går långt utöver den parti-
politiska striden. Vi får inte glömma det.
Ett uttryck för en sådan samling över part","Fru talman! Det är inte så många som får den
möjlighet som jag nu har, att tala om valfritt ämne
inför Sveriges riksdag och dessutom få det man säger
utsänt till svenska folket direkt via radio och TV.
Det känns ansvarsfullt. Helst skall ju de här debat-
terna öka intresset för politiken och tilltron till demo-
kratin, och detta har jag dragit någr"
GP0952-50,GR0913-1,0.93999,Lena Ek,C,2002-01-16,https://data.riksdagen.se/anforande/GP0952-50/html,Bo Lundgren,M,2003-10-15,https://data.riksdagen.se/anforande/GR0913-1/html,"Fru talman! Ledamöter, ärade åhörare! ""Vår be-
redskap är god"" är ett klassiskt citat i svensk historia.
Jag vill mer men vår beredskap är god är väl en sam-
manfattning av statsministerns anförande tidigare i
dag.
Jag har en lite annan bild av läget. År 2002 kom-
mer att bli ett skakigt år i svensk ekonomi. Lågkon-
junkturens svallvågor sköljer öv","Herr talman! Jag har haft förmånen att få företräda de moderata idéerna i riksdagen i nästan 30 år. Det är med stor glädje jag har deltagit i debatterna i utskott och kammare. Men det har också funnits stunder av djup förstämning, senast när Anna Lindh så tragiskt rycktes bort.
De senaste decennierna har varit en tid av omvälvande förändringar i S"
GN0912-2,GM0942-24,0.93999,Bo Lundgren,M,1999-10-13,https://data.riksdagen.se/anforande/GN0912-2/html,Göran Persson,S,1999-01-20,https://data.riksdagen.se/anforande/GM0942-24/html,"Fru talman! ""Bryt upp, bryt upp! Den nya dagen
gryr. Oändligt är vårt stora äventyr.""
Dessa rader skrevs av Karin Boye för drygt 70 år
sedan. De präglas av nyfikenhet, frihetslängtan och
utvecklingsoptimism och passar väl för att inleda
1900-talets sista partiledardebatt. Den borde handla
om uppbrott från ett samhälle där skaparkraft och
företagsam","Fru talman! Först skall jag tacka för alla vänliga
ord som har sagts, dessutom för strålande presenter.
Kanske är jag lite mer försiktig med EMU-
projektet än Lars Leijonborg. Jag skulle nog inte
riktigt vilja likna det vid den där fågeln som inte kan
flyga. Emun låter mycket, det vet vi, men den flyger
ju inte så bra. Vi får se vad som händer med "
GL09122-46,GL0912-2,0.93993,Göran Persson,S,1998-06-10,https://data.riksdagen.se/anforande/GL09122-46/html,Olof Johansson,C,1997-10-08,https://data.riksdagen.se/anforande/GL0912-2/html,"Fru talman! Jag vill börja med att rikta ett tack till
riksdagen för ett gott samarbete under mandatperio-
den. Men också ett tack för de beslut ni har orkat
fatta. Ingen riksdag före er i modern tid har fattat
svårare beslut. Ingen riksdag i en tidigare situation har
haft ett sådant utgångsläge som ni hade 1994. Ni fick
inte misslyckas. Det fanns ","Fru talman! Jag vill börja med att rikta en väl-
komsthälsning till Carl Bildt, som är hemma igen
efter att ha haft att hantera ett viktigt internationellt
uppdrag. Vi har alla, tror jag, med spänning följt det
arbetet. Det är också självklart att det inte var avslutat
när Carl Bildt lämnade Bosnien, men vi hoppas att det
skall drivas vidare i samm"
GM09111-1,GH09124-51,0.93993,Lars Tobisson,M,1999-06-16,https://data.riksdagen.se/anforande/GM09111-1/html,Olof Johansson,C,1994-06-11,https://data.riksdagen.se/anforande/GH09124-51/html,"Herr talman! I Mjölby kyrka hölls i går en min-
nesgudstjänst för de två mördade polismännen Olov
Borén och Robert Karlström. Deras tragiska bortgång
har skapat ett smärtsamt sår i den svenska folksjälen.
Vi får aldrig förtröttas i kampen för att stärka re-
spekten för människovärdet och demokratin. Det
gäller här hemma, och det gäller i t.ex. Koso","Fru talman! Den tragedi som utspelats i Falun har
tagit sju människors liv enligt uppgift. Vi känner
sorg och deltagande med alla dem som drabbats, de
dödade och deras anhöriga. Sverige är oftast
förskonat från ond, bråd död av det här slaget. Det
vi ser i forna Jugoslavien, i Rwanda, i Sydafrika
förekommer inte här.

Sedan vi hade den förra partil"
H70920-1,GZ0915-86,0.93992,Stefan Löfven,S,2019-10-16,https://data.riksdagen.se/anforande/H70920-1/html,Annie Lööf,C,2011-10-12,https://data.riksdagen.se/anforande/GZ0915-86/html,"Herr talman! Det är få svenskar som följer debatten i dag. Människor är fullt upptagna med jobbande, vabbande och pluggande, och det är precis så det ska vara. Människor lever sina liv, gör sin plikt, och de vet också att de kan kräva sin rätt. Det är en grundinställning som har byggt vårt land, ett land som vi är så stolta över.
Partiledardebatt
I","Herr talman! Mona Sahlin hävdade på sin tid att det skulle vara häftigt att betala skatt. Men det är sannerligen häftigare att ha ordning på statsfinanserna. Det är så man skapar utrymme, utrymme för den möjlighetspolitik som Sverige behöver.
Det finns de som hävdar att Alliansens framgångsrika ekonomiska politik bara är en trist kameral förvaltni"
HC0929-3,HC0929-2,0.9399,Magdalena Andersson,S,2024-11-13,https://data.riksdagen.se/anforande/HC0929-3/html,Ulf Kristersson,M,2024-11-13,https://data.riksdagen.se/anforande/HC0929-2/html,Herr talman! I dag är det 30 år sedan Sverige folkomröstade om medlemskapet i EU. Själv bodde jag i Wien då och studerade nationalekonomi. Jag minns hur jag gick till lokalen med den svenska flaggan och kunde lägga min röst för ett ja till den europeiska gemenskapen. Det var ett stort ögonblick. På kvällen firade jag sedan med mina österrikiska vän,"Herr talman! Vi lever i allvarstider - kriget mot Ukraina, lågkonjunkturen efter hög inflation, stor osäkerhet i viktiga länder. I det omvärldsläget vänder sig många länder inåt. Men vi har de senaste 30 åren lärt oss att ensam inte är stark. Det är tvärtom mer samarbete som bygger ett starkare och mer motståndskraftigt Europa.
För exakt 30 år seda"
HC0929-6,HA09124-2,0.93984,Muharrem Demirok,C,2024-11-13,https://data.riksdagen.se/anforande/HC0929-6/html,Ulf Kristersson,M,2023-06-14,https://data.riksdagen.se/anforande/HA09124-2/html,"Herr talman! Håll gränsen för freden, friheten och klimatet! Det var Centerpartiets löfte till väljarna i EU-valet. Det är ett löfte som framstår som ännu viktigare i dag, bara några månader efter detta EU-val.
Nyss hemkommen från presidentvalets USA bär jag med mig ytterligare en påminnelse om just detta. Där har en kandidat vars kampanj byggdes p","Herr talman! Den ukrainska motoffensiven har inletts. När Sverige tog över som EU:s ordförandeland i januari deklarerade vi att ingenting är viktigare än att stötta Ukraina.
Ukraina utkämpar ett krig för sin egen rätt att förbli en självständig stat. Men de slåss också för vår frihet. Det här är en kamp mellan civilisation och barbari.
Under vårt o"
GR0955-39,GK0912-1,0.93982,Lars Leijonborg,L,2004-01-21,https://data.riksdagen.se/anforande/GR0955-39/html,Lars Tobisson,M,1996-10-09,https://data.riksdagen.se/anforande/GK0912-1/html,"Herr talman! Nu är det 2004, och nu har det gått tio år sedan Socialdemokraterna återkom till makten. 
Fler och fler upptäcker de problem som följer med det långa maktinnehavet: maktens arrogans, tendenserna att gynna sina egna, viljan att sträcka ut sina tentakler långt utanför den politiska sfären för att cementera sitt maktinnehav, förvaltninge","Fru talman! Vad? Hur? När? Det är frågor som
inställer sig när man läser årets finansplan. Redan på
första sidan medger regeringen att det kommer att
krävas strukturella förändringar för att förbättra eko-
nomins sätt att fungera. Den nämner områden som
lönebildningen, arbetsmarknaden, energipolitiken,
pensionssystemet och den offentliga sektorn.
M"
GP0952-60,GJ09110-2,0.93974,Lotta N Hedström,MP,2002-01-16,https://data.riksdagen.se/anforande/GP0952-60/html,Olof Johansson,C,1996-06-12,https://data.riksdagen.se/anforande/GJ09110-2/html,"Fru talman, riksdagskolleger och alla ni som tittar
på TV eller lyssnar på radio! Politik handlar mycket
mer om att vilja och att kunna än att vara en allmän
TV-tyckare eller ha trevligt med etablissemanget.
Vi närmar oss ett riksdagsval, ett val som jag
hoppas ska handla om livskvalitet och värderingar
mer än plånboksfrågor och konsumtionsfrågor. ","Herr talman! Sverige är mitt uppe i en period av
smärtsam ekonomisk sanering av de offentliga finan-
serna. Den uppgiften är inte slutförd. Andra stora
uppgifter väntar. Det handlar om att trygga välfärden.
Det handlar om att skapa förutsättningar för nya jobb
och att återskapa framtidstron i samhället. Det handlar
om att förbättra företagsklimatet"
H60944-2,GY099-78,0.93973,Ulf Kristersson,M,2019-01-30,https://data.riksdagen.se/anforande/H60944-2/html,Jimmie Åkesson,SD,2010-11-03,https://data.riksdagen.se/anforande/GY099-78/html,"Fru talman! Så fick Sverige till slut en regering, mer än fyra månader efter valet och efter den längsta och märkligaste regeringsbildningen i modern svensk historia.
Det är precis samma vänsterregering som före valet, bara mindre: 116 av riksdagens 349 mandat. Det är en regeringskonstellation som bara förenas i vad de är emot, som saknar gemensam ","Fru talman! I valet den 19 september hände någonting som inte är så vanligt i Sverige. Vi fick ett nytt parti i Sveriges riksdag för första gången på 19 år. Den eftervalsdebatt som nu förvisso har börjat avta så smått saknar förmodligen motstycke i modern tid. Aldrig har väl etablissemanget stått så samlat, varit så överens och haft en så tydlig ge"
HD093-3,H70958-2,0.9397,Magdalena Andersson,S,2025-09-10,https://data.riksdagen.se/anforande/HD093-3/html,Ulf Kristersson,M,2020-01-15,https://data.riksdagen.se/anforande/H70958-2/html,"Herr talman! Om ett år går svenska folket till val, och vi kommer att göra det i en historiskt osäker värld. Våldet fortsätter med en nästan obeskrivlig grymhet i Gaza, och i natt kränktes polskt luftrum av Ryssland.
Det är varken första eller sista gången Europa kommer att utsättas för den typen av kränkningar och hybridkrigföring. Vi måste vara b","Herr talman! Vi står på tröskeln till ett nytt decennium. Det nya 20talet har just börjat. Vi står också inför ett år fyllt av hot och möjligheter. Måndagens bombdåd i Stockholm och Uppsala visar att vi har en historisk uppgift framför oss. Den grova brottsligheten, utanförskapet, invandringen, den dåliga integrationen, skolmisslyckandena - allt de"
H109108-116,GS09115-7,0.93968,Göran Hägglund,KD,2014-05-07,https://data.riksdagen.se/anforande/H109108-116/html,Maria Wetterstrand,MP,2005-04-29,https://data.riksdagen.se/anforande/GS09115-7/html,"Fru talman! Jag är glad över att jag har fått förtroendet att hyfsa och sammanfatta debatten till sist.
Jag tycker att debatten har visat ganska många viktiga saker som är skiljelinjer. Jag tycker att det Mikael Damberg sade om skatter inte riktigt håller, mot bakgrund av det jag läste upp: Socialdemokraterna öppnar upp för skatter på EU-nivå. Det","Herr talman! Åhörare! Jag vill börja med att tacka de politiska företrädarna i Storbritannien, Spanien, Danmark, Irland, Holland, Portugal, Polen, Tjeckien och Luxemburg för att de låter folken rösta om förslaget till den nya EU-konstitutionen. Det innebär att åtminstone en majoritet av EU:s befolkning har rösträtt i den här frågan, dock ej folket "
H70958-3,H70958-2,0.93961,Jimmie Åkesson,SD,2020-01-15,https://data.riksdagen.se/anforande/H70958-3/html,Ulf Kristersson,M,2020-01-15,https://data.riksdagen.se/anforande/H70958-2/html,"Herr talman! Vi tvingas tyvärr konstatera att det gångna året, 2019, var ett på många sätt förlorat år. Otryggheten, splittringen och orättvisorna fortsatte att tränga allt djupare in i Sverige som nation, fortsatte att dela upp vårt land och våra samhällen och fortsatte att slå in kilar mellan människor.
Det skedde 236 sprängningar fram till mitte","Herr talman! Vi står på tröskeln till ett nytt decennium. Det nya 20talet har just börjat. Vi står också inför ett år fyllt av hot och möjligheter. Måndagens bombdåd i Stockholm och Uppsala visar att vi har en historisk uppgift framför oss. Den grova brottsligheten, utanförskapet, invandringen, den dåliga integrationen, skolmisslyckandena - allt de"
GR0955-39,GH093-1,0.93961,Lars Leijonborg,L,2004-01-21,https://data.riksdagen.se/anforande/GR0955-39/html,Ingvar Carlsson,S,1993-10-06,https://data.riksdagen.se/anforande/GH093-1/html,"Herr talman! Nu är det 2004, och nu har det gått tio år sedan Socialdemokraterna återkom till makten. 
Fler och fler upptäcker de problem som följer med det långa maktinnehavet: maktens arrogans, tendenserna att gynna sina egna, viljan att sträcka ut sina tentakler långt utanför den politiska sfären för att cementera sitt maktinnehav, förvaltninge","Fru talman! Det som inträffat i Ryssland är tragiskt
och oroande. Fascister och gammelkommunister
tvingade president Jeltsin att möta våld med våld.
Människoliv har gått till spillo. Den sköra
demokratin har utsatts för allvarliga påfrestningar.

De allra flesta av oss känner lättnad över att
kuppmakarna misslyckats. Men vi inser att
president Jelt"
GJ0944-12,GI0947-1,0.93959,Olof Johansson,C,1996-01-24,https://data.riksdagen.se/anforande/GJ0944-12/html,Carl Bildt,M,1994-12-21,https://data.riksdagen.se/anforande/GI0947-1/html,"Fru talman! Det grymma kriget i forna Jugoslavi-
en har bringats till ett slut. Men lidande och hat finns
kvar. Massgravarna vittnar om vettlöst dödande. Den
nya IFOR-styrkan skall återställa freden, men det är
viktigt att komma ihåg att kriget lever kvar i form av
hat, lidande, dolt och förrädiskt. Fem svenska soldater
finns bland dem som nyligen ","Fru talman! Vi har i dag att summera hösten 1994,
en politiskt händelserik höst som i efterhand kommer
att minnas för framför allt två saker, tror jag.
Den första är - det är alldeles självklart, för hu-
vuddelen av oss i denna riksdag - positiv: Det var
hösten då Sverige äntligen och slutgiltigt bestämde sig
för att ta det stora steget in i det st"
GJ09110-7,GM0910-1,0.93958,Göran Persson,S,1996-06-12,https://data.riksdagen.se/anforande/GJ09110-7/html,Carl Bildt,M,1998-10-29,https://data.riksdagen.se/anforande/GM0910-1/html,"Herr talman! Jag hade egentligen planerat att hålla
ett annat anförande än det jag nu skall hålla. Det beror
på att vi har fått bevittna ett sådant totalt sönderfall
och en så total brist på reaktion från de partiers sida
som står utanför den uppgörelse som presenterades i
går om hur vi skall pressa tillbaka den öppna arbets-
lösheten.

Jag har lys","Herr talman! Så står vi här igen i inledningen av
en ny mandatperiod. Fyra år ligger framför oss, som
kommer att föra oss in i ett nytt decennium, ett nytt
sekel, ett nytt århundrade, t.o.m. ett nytt årtusende. Vi
har en ny riksdag med en ny sammansättning, fler
vänsterpartister, fler kristdemokrater, fler moderater,
färre av en del annat och färre"
GH09124-27,GZ0915-2,0.93952,Carl Bildt,M,1994-06-11,https://data.riksdagen.se/anforande/GH09124-27/html,Håkan Juholt,S,2011-10-12,https://data.riksdagen.se/anforande/GZ0915-2/html,"Fru talman! Innan jag ger mig in i den egentliga
partiledardebatten vill jag säga att jag tror att vi alla
har anledning att tänka på de anhöriga till dem som
dödats under natten i Falun. Det var ett fasansfullt
skottdrama som har skördat oskyldiga människors
liv. Det kan vara värt en viss eftertanke även här i
kammaren i en stund som denna.

För t",Herr talman! För ett år sedan gick svenska folket till val. 6 028 682 svenskar gav mandat till oss 349 män och kvinnor i denna kammare. Uppmaningen var: Ta ett ansvar för Sverige! Bygg vårt land starkt! Bygg vårt land varmt för oss som bor i landet! Valutslaget gav ett komplicerat parlamentariskt läge och en svag minoritetsregering. Det i sig är in
GZ0915-27,HC0956-2,0.9395,Fredrik Reinfeldt,M,2011-10-12,https://data.riksdagen.se/anforande/GZ0915-27/html,Magdalena Andersson,S,2025-01-15,https://data.riksdagen.se/anforande/HC0956-2/html,"Herr talman! Europa håller andan. Europa håller andan därför att de politiska och ekonomiska frågorna om hur den kris som finns i delar av vår kontinent ska lösas ännu inte har fått sina svar. Europa håller andan därför att många av Europas befolkningar är oroliga i ett läge där statsfinanser inte håller ihop, där arbetslöshet växer och där stora s","Herr talman! I vår omvärld tätnar de mörka molnen. Netanyahus krigföring i Gaza har passerat alla gränser. Gisslan är ännu inte frigiven. I Ukraina fortsätter Rysslands brutala krig. Spänningarna i vårt direkta närområde ökar, med kabelbrott och den ryska skuggflottan.
Samtidigt lever vi i ekonomiskt oroliga tider. Lågkonjunkturen i vårt land är dj"
GY099-78,GM0910-4,0.93942,Jimmie Åkesson,SD,2010-11-03,https://data.riksdagen.se/anforande/GY099-78/html,Lennart Daléus,C,1998-10-29,https://data.riksdagen.se/anforande/GM0910-4/html,"Fru talman! I valet den 19 september hände någonting som inte är så vanligt i Sverige. Vi fick ett nytt parti i Sveriges riksdag för första gången på 19 år. Den eftervalsdebatt som nu förvisso har börjat avta så smått saknar förmodligen motstycke i modern tid. Aldrig har väl etablissemanget stått så samlat, varit så överens och haft en så tydlig ge","Herr talman! Höstens val innebar att den politiska
kartan i Sverige ritades om. Den samlade vänstern
blev försvagad. Den blev möjligen djupare i någon
mening, men den blev kraftigt försvagad. Den tradi-
tionella högern har stagnerat.
Av detta kan man se att väljarna inte vill ha en
tillbakablickande socialdemokrati eller en konserve-
rad högerpolit"
GU0949-1,GL0912-7,0.93942,Fredrik Reinfeldt,M,2007-01-17,https://data.riksdagen.se/anforande/GU0949-1/html,Göran Persson,S,1997-10-08,https://data.riksdagen.se/anforande/GL0912-7/html,"Herr talman! Ärade ledamöter! I dag för precis fyra månader sedan röstade svenska folket fram en alliansregering. För väldigt många gav det hopp om förändring, en känsla som av en del har beskrivits som att andas ny frisk luft.
Det är en känsla som stannar kvar hos väldigt många. Det är ett skifte som väcker förhoppningar. Det är ett skifte som le","Fru talman! Till Alf Svensson vill jag säga: Det
dystra med förmatcher är ju att den som går förmat-
chen antingen är på väg uppåt i boxningskarriären
eller på väg ut. Vilken kategori Alf Svensson tillhör
får han själv bedöma.
Annars sade Alf Svensson något som jag tyckte
var bra, och det var mycket annat i hans anförande
som var bra. Han sade att "
GS09140-1,H10913-85,0.93941,Fredrik Reinfeldt,M,2005-06-15,https://data.riksdagen.se/anforande/GS09140-1/html,Annie Lööf,C,2013-10-16,https://data.riksdagen.se/anforande/H10913-85/html,"Herr talman! Det europeiska samarbetet står inför stora utmaningar och legitima frågor om dess folkliga förankring.
Nu på morgonen har vi fått besked om att det som kanske kommer att bli den verkliga förhandlingsfrågan gäller den kommande budgeten, och där är det viktigt att vi ger tydliga besked. Om Storbritannien inte kan tänka sig att ändra på ","Fru talman! Tänk er Ikea en lördag strax efter löning. Det är ett av de tillfällena då man verkligen behöver en plan. Den behövs för att fatta kloka beslut för plånboken, för att navigera och så småningom mäkta med att bygga ihop det inköpta. Att styra ett land är inte alls samma sak som att handla på Ikea, men behovet av en plan är minst lika stor"
GS09115-7,GS09115-6,0.9394,Maria Wetterstrand,MP,2005-04-29,https://data.riksdagen.se/anforande/GS09115-7/html,Maud Olofsson,C,2005-04-29,https://data.riksdagen.se/anforande/GS09115-6/html,"Herr talman! Åhörare! Jag vill börja med att tacka de politiska företrädarna i Storbritannien, Spanien, Danmark, Irland, Holland, Portugal, Polen, Tjeckien och Luxemburg för att de låter folken rösta om förslaget till den nya EU-konstitutionen. Det innebär att åtminstone en majoritet av EU:s befolkning har rösträtt i den här frågan, dock ej folket ","Herr talman! Den 1 maj 2004 kommer att skrivas in i historien som det datum då Europa inte längre var delat och då det europeiska samarbetet verkligen blev europeiskt. Medborgare från de gamla kommunistiska staterna fick äntligen gå med i en demokratisk union.
Glädjen över det förenade Europa solkas emellertid av det ovärdiga spel som föregick de "
GZ0915-86,GY099-60,0.93939,Annie Lööf,C,2011-10-12,https://data.riksdagen.se/anforande/GZ0915-86/html,Jan Björklund,L,2010-11-03,https://data.riksdagen.se/anforande/GY099-60/html,"Herr talman! Mona Sahlin hävdade på sin tid att det skulle vara häftigt att betala skatt. Men det är sannerligen häftigare att ha ordning på statsfinanserna. Det är så man skapar utrymme, utrymme för den möjlighetspolitik som Sverige behöver.
Det finns de som hävdar att Alliansens framgångsrika ekonomiska politik bara är en trist kameral förvaltni","Herr talman! Vi ser nu ljuset i tunneln. Kurvorna pekar uppåt. Medan många andra länder nu kommer att få kämpa med nedskärningar i sin välfärd och med högre skatter kan Sverige gå in i en fas där vi planerar för motsatsen. Sverige går ur den ekonomiska krisen som den kanske starkaste ekonomin i hela Europa.
Lika klart som det är att vi på kort sik"
GJ0944-12,H20945-127,0.93927,Olof Johansson,C,1996-01-24,https://data.riksdagen.se/anforande/GJ0944-12/html,Jan Björklund,L,2015-01-14,https://data.riksdagen.se/anforande/H20945-127/html,"Fru talman! Det grymma kriget i forna Jugoslavi-
en har bringats till ett slut. Men lidande och hat finns
kvar. Massgravarna vittnar om vettlöst dödande. Den
nya IFOR-styrkan skall återställa freden, men det är
viktigt att komma ihåg att kriget lever kvar i form av
hat, lidande, dolt och förrädiskt. Fem svenska soldater
finns bland dem som nyligen ","Herr talman! Attentaten i Paris är ett angrepp på hela vårt öppna samhälle. Vi känner både sorg och bestörtning, men också beslutsamhet i att aldrig ge vika för terror och extremism. Antisemitismen växer i Europa. Attackerna är en grym påminnelse om att ett öppet samhälle också är sårbart, men framför allt en påminnelse om att vi alla har ett ansva"
HB0930-2,HC0929-3,0.93926,Ulf Kristersson,M,2023-11-15,https://data.riksdagen.se/anforande/HB0930-2/html,Magdalena Andersson,S,2024-11-13,https://data.riksdagen.se/anforande/HC0929-3/html,"Herr talman! Vi lever i ofredens tid. I Mellanöstern rasar ett krig med väldigt stort mänskligt lidande som följd.
EU står enat i mycket. Vi fördömer Hamas avskyvärda terroristattack den 7 oktober, där minst 1 200 personer dödades och över 220 kidnappades. Inte sedan Förintelsen har lika många judar mördats på en och samma dag.
Sverige och EU står ",Herr talman! I dag är det 30 år sedan Sverige folkomröstade om medlemskapet i EU. Själv bodde jag i Wien då och studerade nationalekonomi. Jag minns hur jag gick till lokalen med den svenska flaggan och kunde lägga min röst för ett ja till den europeiska gemenskapen. Det var ett stort ögonblick. På kvällen firade jag sedan med mina österrikiska vän
HA0921-2,HC0929-6,0.93922,Magdalena Andersson,S,2022-11-16,https://data.riksdagen.se/anforande/HA0921-2/html,Muharrem Demirok,C,2024-11-13,https://data.riksdagen.se/anforande/HC0929-6/html,"Herr talman! I går tvingades Ukrainas folk ännu en gång söka sig till skyddsrummen. Återigen har bomber fallit. Infrastruktur har återigen slagits ut, och miljontals ukrainare förlorade inte bara elförsörjning och värme till sina hus utan mötte ytterligare död och förstörelse. Gårdagens omfattande bombningar runt om i Ukraina visar Rysslands hänsyn","Herr talman! Håll gränsen för freden, friheten och klimatet! Det var Centerpartiets löfte till väljarna i EU-valet. Det är ett löfte som framstår som ännu viktigare i dag, bara några månader efter detta EU-val.
Nyss hemkommen från presidentvalets USA bär jag med mig ytterligare en påminnelse om just detta. Där har en kandidat vars kampanj byggdes p"
GM09111-35,GW09134-1,0.93901,Göran Persson,S,1999-06-16,https://data.riksdagen.se/anforande/GM09111-35/html,Fredrik Reinfeldt,M,2009-06-17,https://data.riksdagen.se/anforande/GW09134-1/html,"Fru talman! Jag vill i likhet med Lars Tobisson
börja med att uttrycka mitt djupa deltagande med de
familjer som förlorade två av sina kära, Olle Borén
och Robert Karlström, i morden i södra Östergötland
för några veckor sedan. Det är tankar som går till
familjerna, naturligtvis, och också tankar som går till
deras kolleger, som gör ett arbete för ","Herr talman! Ärade ledamöter! Valet i 27 länder är nu avhållet. Vi har fått ett resultat. Den borgerliga dominansen i Europaparlamentet har förstärkts. Det lägger en viktig grund för stabilitet de kommande fem åren. Det skapar förutsättningar för långsiktighet och ansvarstagande i EU:s institutioner. Det möjliggör att isolera extremisterna, de extr"
GW09122-74,GS09115-7,0.93896,Lars Ohly,V,2009-05-20,https://data.riksdagen.se/anforande/GW09122-74/html,Maria Wetterstrand,MP,2005-04-29,https://data.riksdagen.se/anforande/GS09115-7/html,"Herr talman! EU:s makt har ökat. Sedan Sverige gick med den 1 januari 1995 har ett antal beslut förts över till EU-nivå, och ett antal beslut fattas inte längre av medlemsländerna. Det finns däremot inte ett enda exempel på att man har fört tillbaka någon beslutsrätt eller någon makt till de nationella parlamenten.
Det här är en utveckling som Vän","Herr talman! Åhörare! Jag vill börja med att tacka de politiska företrädarna i Storbritannien, Spanien, Danmark, Irland, Holland, Portugal, Polen, Tjeckien och Luxemburg för att de låter folken rösta om förslaget till den nya EU-konstitutionen. Det innebär att åtminstone en majoritet av EU:s befolkning har rösträtt i den här frågan, dock ej folket "
H509131-5,GS0913-67,0.9389,Annie Lööf,C,2018-06-13,https://data.riksdagen.se/anforande/H509131-5/html,Göran Persson,S,2004-10-13,https://data.riksdagen.se/anforande/GS0913-67/html,"Herr talman! Valet i höst närmar sig. Nästa gång vi samlas för partiledardebatt har vi en ny regering och riksdag. Då har svenska folket sagt sitt.
Vi i Centerpartiet går till val på att bilda en ny alliansregering. Vi vill genomföra förändringar som stärker Sverige - framtidsreformer som ser till att Sverige håller ihop, som skapar fler jobb även ","Fru talman! Låt mig allra först till Lars Ohly säga: Sluta kalla dig för kommunist. Det är en hopplös diskussion som du för. Begreppet är för alla oss förknippat med förtryck. Det har blod på sig. Det finns ingen som helst anledning för en modern politiker som säger sig var demokrat att förknippas med det begreppet. 
Dra strecket! Gör som andra so"
GR0913-48,GR0913-61,0.93884,Maud Olofsson,C,2003-10-15,https://data.riksdagen.se/anforande/GR0913-48/html,Göran Persson,S,2003-10-15,https://data.riksdagen.se/anforande/GR0913-61/html,Herr talman! För en månad sedan röstade svenska folket nej till euron som valuta. Man kan analysera resultatet på väldigt många olika sätt. Man kan diskutera hur kampanjen fördes och varför det gick som det gick. Jag tänker i dag ta kampanjen och folkomröstningen som utgångspunkt för två viktiga lärdomar inför framtiden. Jag vill diskutera tillväxt,"Herr talman! Jag ska ta upp tre saker i mitt anförande: EU-frågorna, den kommunala skatteutjämningen och inbjudan till tillväxtsamtal.
Först EU-frågorna. Det är svårt att hantera dessa frågor utan att arbetet förmörkas av mordet på vår förra utrikesminister Anna Lindh. Saknaden efter Anna är ännu stor och tung att bära. Ändå måste vi försöka att h"
GJ0944-49,GI09121-15,0.93884,Ingvar Carlsson,S,1996-01-24,https://data.riksdagen.se/anforande/GJ0944-49/html,Lars Leijonborg,L,1995-06-15,https://data.riksdagen.se/anforande/GI09121-15/html,"Herr talman! Jag vill börja med att svara på några
frågor från Birger Schlaug.

Jag har tidigare sagt att jag inte utesluter en folk-
omröstning efter regeringskonferensen. Men jag vill
samtidigt säga att jag anser att man skall vara mycket
försiktig med folkomröstningsinstitutet. Vi har använt
folkomröstningar ungefär en gång vart tjugonde år
unde","Fru talman! Det är inte så många som får den
möjlighet som jag nu har, att tala om valfritt ämne
inför Sveriges riksdag och dessutom få det man säger
utsänt till svenska folket direkt via radio och TV.
Det känns ansvarsfullt. Helst skall ju de här debat-
terna öka intresset för politiken och tilltron till demo-
kratin, och detta har jag dragit någr"
HB09119-2,HC0929-6,0.93881,Ulf Kristersson,M,2024-05-22,https://data.riksdagen.se/anforande/HB09119-2/html,Muharrem Demirok,C,2024-11-13,https://data.riksdagen.se/anforande/HC0929-6/html,"Herr talman! Moderaterna är samlingspartiet i svensk politik. Vi är partiet som får saker gjorda.
Jag är här i dag för att tala om kriget, klimatet, konkurrenskraften och kriminaliteten och för att tala om hur vi på europeisk nivå skulle kunna samarbeta mer för Sveriges bästa. Vi tycker olika i många sakfrågor, men alla som väljs till EU-parlamente","Herr talman! Håll gränsen för freden, friheten och klimatet! Det var Centerpartiets löfte till väljarna i EU-valet. Det är ett löfte som framstår som ännu viktigare i dag, bara några månader efter detta EU-val.
Nyss hemkommen från presidentvalets USA bär jag med mig ytterligare en påminnelse om just detta. Där har en kandidat vars kampanj byggdes p"
H30951-93,GX0959-1,0.93881,Anders W Jonsson,C,2016-01-13,https://data.riksdagen.se/anforande/H30951-93/html,Fredrik Reinfeldt,M,2010-01-20,https://data.riksdagen.se/anforande/GX0959-1/html,"Herr talman! För 13 dagar sedan ringde nyårsklockorna över Sverige. De ringde för ett land som har att hantera fler asylsökande än någonsin tidigare. Klockorna ringde för ett land som har fått omvärdera hotet från terrorism och extremism efter allvarliga händelser i vår omvärld. De ringde för ett land som drabbats av otrygghet, mordbränder, våld oc","Herr talman! Sverige är ett bra land. Det är för många ett föregångsland, ett land att efterlikna, med frihet och utrymme för människor att växa som andra saknar. Vi är ett föregångsland med kraft att bistå andra - se bland annat på det som nu händer i Haiti. Vi är också redo att ta vår del av det globala ansvaret för finanskrisen, utvecklingsfrågo"
GV0911-1,GZ0957-104,0.93878,Mona Sahlin,S,2007-10-17,https://data.riksdagen.se/anforande/GV0911-1/html,Jonas Sjöstedt,V,2012-01-18,https://data.riksdagen.se/anforande/GZ0957-104/html,"Herr talman! Det har hänt mycket i svensk politik sedan den förra partiledardebatten. En försvarsminister har avgått för att han inte hade stöd i regeringen. En finansmarknadsminister borde ha avgått för att han bara har stöd i regeringen. Jobben har blivit fler, men det har de långtidsarbetslösa också blivit. Vi som har höga inkomster har blivit r","Fru talman! Jag tycker att debatten har gett en ganska god bild av den svenska politiken. På den ena sidan har vi en regering som är väldigt nöjd, inte minst med sig själv, och tycker att det går bra. Man hanterar de stora frågorna och det går framåt för Sverige. Man föreslår egentligen inga större samhällsförändringar eller reformer på något områd"
HC09130-10,HD09136-3,0.93877,Ulf Kristersson,M,2025-06-11,https://data.riksdagen.se/anforande/HC09130-10/html,Magdalena Andersson,S,2026-06-10,https://data.riksdagen.se/anforande/HD09136-3/html,"Herr talman! Vi lever i allvarstider. För att rusta Sverige starkt inför framtiden måste vi göra stora framtidsinvesteringar, exempelvis den största upprustningen av försvaret i modern tid liksom satsningar på polisen och kriminalvården. Vi måste klara integrationen och säkra välfärden. Det handlar om ny kärnkraft med mer fossilfri el, det handlar ","Herr talman! Den 13 september ska 8 miljoner röstberättigade svenskar avgöra vilken riktning vårt land ska ta: om Sverige ska fortsätta glida isär och försvagas eller om vi ska gå samman och göra vårt land starkt igen. 
När jag reser runt i vårt avlånga land möter jag en längtan efter något nytt. Man vill bort från en ekonomisk politik som lett til"
H509131-5,GJ093-47,0.93876,Annie Lööf,C,2018-06-13,https://data.riksdagen.se/anforande/H509131-5/html,Ingvar Carlsson,S,1995-10-04,https://data.riksdagen.se/anforande/GJ093-47/html,"Herr talman! Valet i höst närmar sig. Nästa gång vi samlas för partiledardebatt har vi en ny regering och riksdag. Då har svenska folket sagt sitt.
Vi i Centerpartiet går till val på att bilda en ny alliansregering. Vi vill genomföra förändringar som stärker Sverige - framtidsreformer som ser till att Sverige håller ihop, som skapar fler jobb även ","Herr talman! Det är intressant att höra angreppen
på det socialdemokratiska partiet från såväl högern
som från Vänsterpartiet och med den emfas som de
framförs.

Moderaterna vill öka inkomstklyftorna, försämra
arbetsrätten och rasera välfärden. Så sent som för
några månader sedan skåpade de ut den ekonomiska
politiken och konvergensprogrammet. Vår "
HA0914-1,H30913-135,0.93873,Ulf Kristersson,M,2022-10-26,https://data.riksdagen.se/anforande/HA0914-1/html,Jan Björklund,L,2015-10-14,https://data.riksdagen.se/anforande/H30913-135/html,"Herr talman! I valet fick de fyra samarbetspartierna mandat att sätta Sverige på ny kurs. Uppgiften är att systematiskt, på punkt efter punkt, börja lösa våra allvarliga samhällsproblem. Förändring var nödvändig. Förändring är nu möjlig.
Regeringen kommer att ta fasta på det mandatet. Vi kommer att genomföra ett paradigmskifte i svensk politik. Men","Fru talman! Nästan 10 000 människor - så många har sökt asyl i Sverige den senaste veckan. Bakom siffrorna döljer sig människor av kött och blod. Många av dem har flytt över havet och riskerat sina liv för att slippa krig och terror. De har gjort det som vi alla skulle göra i den situationen: försöka skapa en bättre framtid för våra barn.
Jag tror "
H10913-107,GY0943-18,0.9387,Jonas Sjöstedt,V,2013-10-16,https://data.riksdagen.se/anforande/H10913-107/html,Mona Sahlin,S,2011-01-19,https://data.riksdagen.se/anforande/GY0943-18/html,Fru talman! Riksdagskolleger! Åhörare! Vi lever i trianguleringens tid. Jag förstår att många människor inte bryr sig om detta ord speciellt mycket. Men om man ska förstå den valrörelse som nu börjar ska man fundera på vad detta ord egentligen innebär. Det innebär framför allt att partierna försöker likna sina motståndare för att ta bort egna svagh,"Herr talman! Detta är min sista partiledardebatt. I dag liksom så ofta vill jag att den ska handla om det allra viktigaste, och det är jobben, själva förutsättningen för både tillväxt och jämlikhet - rätten till arbete, plikten att arbeta och möjligheten att bygga en solidarisk välfärd med arbete. 
Jag tänker opponera i dag, inte för att jag är dy"
GJ0976-3,GK0953-36,0.93863,Lars Leijonborg,L,1996-03-27,https://data.riksdagen.se/anforande/GJ0976-3/html,Göran Persson,S,1997-01-22,https://data.riksdagen.se/anforande/GK0953-36/html,"Fru talman! Överallt stöter man på arbetslösheten.
Jag har släktingar som är arbetslösa. Jag har goda
vänner som är arbetslösa. När jag är på folkpartimö-
ten träffar jag arbetslösa. När jag är ute och reser
träffar jag arbetslösa. Jag kan inte minnas att vi nå-
gonsin varit i denna situation.

Varje arbetslös har naturligtvis sin egen historia.
En","Herr talman! Så har vi då lyssnat på alla goda råd
om vad regeringen bör göra. När man tar till sig in-
trycken är det ingen hejd på goda förslag; mer av allt,
och dessutom lägre skatter! Regeringens otacksamma
uppgift har varit att städa upp efter en sådan politik.
När man hör en av dem som kanske mer än andra var
ansvarig för detta, Alf Svensson,"
HC09130-10,HD093-3,0.93863,Ulf Kristersson,M,2025-06-11,https://data.riksdagen.se/anforande/HC09130-10/html,Magdalena Andersson,S,2025-09-10,https://data.riksdagen.se/anforande/HD093-3/html,"Herr talman! Vi lever i allvarstider. För att rusta Sverige starkt inför framtiden måste vi göra stora framtidsinvesteringar, exempelvis den största upprustningen av försvaret i modern tid liksom satsningar på polisen och kriminalvården. Vi måste klara integrationen och säkra välfärden. Det handlar om ny kärnkraft med mer fossilfri el, det handlar ","Herr talman! Om ett år går svenska folket till val, och vi kommer att göra det i en historiskt osäker värld. Våldet fortsätter med en nästan obeskrivlig grymhet i Gaza, och i natt kränktes polskt luftrum av Ryssland.
Det är varken första eller sista gången Europa kommer att utsättas för den typen av kränkningar och hybridkrigföring. Vi måste vara b"
GQ0944-26,GH09124-76,0.93857,Bo Lundgren,M,2003-01-22,https://data.riksdagen.se/anforande/GQ0944-26/html,Gudrun Schyman,V,1994-06-11,https://data.riksdagen.se/anforande/GH09124-76/html,"Herr talman! Jag kan hålla med Maria Wetter-
strand åtminstone i ett avseende, och det är att de
frågor som diskuteras i konventet och som så små-
ningom ska bli föremål för beslut i Europeiska rådet
skulle kunna få en större plats här i riksdagen. Om jag
som riksdagsledamot skulle ge ett råd till talmannen
kunde det vara att man i stället för att ","Herr talman! Vid regeringsbildningen i oktober
1991 basunerade Carl Bildt ut att han ledde den
mest kompetenta regering Sverige någonsin haft. I
regeringsförklaringen fanns slagordspolitiken satt
på pränt: valfrihetsrevolution, sänkta skatter och
ökad tillväxt. Sverige skulle bli en företagarnation.

Röda spöken var fackföreningsrörelsen, fackliga
"
GU09125-57,GV09126-14,0.93854,Göran Hägglund,KD,2007-06-13,https://data.riksdagen.se/anforande/GU09125-57/html,Mona Sahlin,S,2008-06-11,https://data.riksdagen.se/anforande/GV09126-14/html,"Herr talman! Också jag vill naturligtvis delta i det kramkalas och de vänligheter som utdelas till Lars Leijonborg. Dem har han verkligen gjort sig förtjänt av genom en mycket långvarig gärning i svensk politik.
Lars Leijonborg tillhör en av kammarens allra mest erfarna politiker. Han har ett stort kunnande och dessutom en förmåga att tänka nytt o","Herr talman! Mot statsministerns märkliga beskrivning av Sverige just nu tänkte jag opponera, inte för att jag är någon dysterkvist utan för att jag tror mer om Sverige.
Regeringen sade en sak men gör en annan. De sade: Vi står för arbetslinjen, jobb, inte bidrag. Men det är socialbidragen, inte jobben, som ökar i kommunerna.
I går skrev Svenska "
GM0910-5,GJ09110-7,0.93849,Lars Leijonborg,L,1998-10-29,https://data.riksdagen.se/anforande/GM0910-5/html,Göran Persson,S,1996-06-12,https://data.riksdagen.se/anforande/GJ09110-7/html,"Herr talman! Det vore mycket bra om Augusto
Pinochet kunde ställas inför domstol och dömas för
folkrättsbrott. Det skulle skicka en signal till dem i
vår tid som fortsätter att förtrycka, tortera och mörda
att mänskligheten inte glömmer deras handlingar.
Det skulle också vara mycket bra om Gudrun
Schyman och andra företrädare för Vänsterpartiet
kun","Herr talman! Jag hade egentligen planerat att hålla
ett annat anförande än det jag nu skall hålla. Det beror
på att vi har fått bevittna ett sådant totalt sönderfall
och en så total brist på reaktion från de partiers sida
som står utanför den uppgörelse som presenterades i
går om hur vi skall pressa tillbaka den öppna arbets-
lösheten.

Jag har lys"
GU0949-1,GS09140-16,0.93847,Fredrik Reinfeldt,M,2007-01-17,https://data.riksdagen.se/anforande/GU0949-1/html,Lars Leijonborg,L,2005-06-15,https://data.riksdagen.se/anforande/GS09140-16/html,"Herr talman! Ärade ledamöter! I dag för precis fyra månader sedan röstade svenska folket fram en alliansregering. För väldigt många gav det hopp om förändring, en känsla som av en del har beskrivits som att andas ny frisk luft.
Det är en känsla som stannar kvar hos väldigt många. Det är ett skifte som väcker förhoppningar. Det är ett skifte som le","Herr talman! Låt mig knyta an till den allra senaste replikväxlingen och säga att jag tycker att det Tony Blair och hans finansminister nu gör för att lyfta Afrika tillhör det mest hoppingivande i världspolitiken för närvarande. Det påminner om politikens möjligheter. Man identifierar en utmaning, man har en idé om hur den kan mötas och man åstadko"
GQ09122-57,GH093-3,0.93845,Göran Persson,S,2003-06-13,https://data.riksdagen.se/anforande/GQ09122-57/html,Gudrun Schyman,V,1993-10-06,https://data.riksdagen.se/anforande/GH093-3/html,"Herr talman! Svaret, Peter Eriksson, är att vi byg-
ger EU starkare. Peter Eriksson ondgör sig över
USA:s totala dominans. Vi har en stor politisk orga-
nisation där vi själva är medlemmar, sitter vid bordet,
kan påverka besluten, som står för progressiva idéer
och för den typ av värderingar som vi har - Europeis-
ka unionen. Det är den vi ska anvä","Fru talman! Det är intressant att höra att
föregående talare är så oroad över att ledamöter
lämnar den här salen. Han borde vara mer oroad
över att så många ledamöter lämnar hans eget parti
med hänvisning till att det är odemokratiskt och
diktatoriskt styrt.

Jag skall inleda det här anförandet med att för
ovanlighetens skull redovisa ett sammanhan"
GO0951-83,H70931-1,0.93838,Åsa Torstensson,C,2001-01-17,https://data.riksdagen.se/anforande/GO0951-83/html,Stefan Löfven,S,2019-11-13,https://data.riksdagen.se/anforande/H70931-1/html,"Fru talman! Efter det att toppmötet i Nice nu slut-
förts brådskar det att snabbt ta sig an diskussionen om
EU:s framtida utveckling. Därför tycker jag att ett av
det svenska ordförandeskapets mer spännande upp-
drag är att nu fortsätta att utveckla diskussionen och
till toppmötet i t.ex. Göteborg lägga fram en plan för
en bred process, där synpunk","Herr talman! I lördags var det precis 30 år sedan Berlinmuren föll. Järnridån och kallt krig gav vika, och i stället växte ett ökat samarbete i Europa fram - ett historiskt samarbete. Och just i dag för 25 år sedan gick svenskar till vallokaler över hela landet i en folkomröstning om EU-medlemskap. Inför den omröstningen var Sverige ett land av deb"
GK09119-8,GS09140-16,0.93835,Göran Persson,S,1997-06-12,https://data.riksdagen.se/anforande/GK09119-8/html,Lars Leijonborg,L,2005-06-15,https://data.riksdagen.se/anforande/GS09140-16/html,"Fru talman! Precis vid samma tillfälle som jag
förberedde debatten inför avslutningen av riksdags-
året kom opinionsmätningen som visade att svenska
barn och ungdomar i förfärande stor utsträckning inte
känner till att förintelsen inträffade under andra
världskriget. Det förtog hela den stämning som jag
försökte arbeta upp inför debatten.
Det är na","Herr talman! Låt mig knyta an till den allra senaste replikväxlingen och säga att jag tycker att det Tony Blair och hans finansminister nu gör för att lyfta Afrika tillhör det mest hoppingivande i världspolitiken för närvarande. Det påminner om politikens möjligheter. Man identifierar en utmaning, man har en idé om hur den kan mötas och man åstadko"
H109108-85,HD0931-2,0.93826,Annie Lööf,C,2014-05-07,https://data.riksdagen.se/anforande/H109108-85/html,Ulf Kristersson,M,2025-11-12,https://data.riksdagen.se/anforande/HD0931-2/html,"Fru talman! Europa är demokratins vagga. Men det är också platsen som har sett två världskrig och födelsen av tre totalitära ideologier - kommunism, fascism och nazism. EU:s 28 medlemsländer är levande bevis på att det är handel, öppenhet och samarbete som är ofrihetens värsta fiende. Sedan 70-talets mitt har länder som Spanien, Grekland, Tyskland,","God morgon, herr talman! Europa, våra värderingar och vårt sätt att leva är värda att försvara. Vi har tillsammans och var och en för sig byggt några av världens allra bästa samhällen att leva i. Europa är som vi alla vet långt ifrån felfritt, men vi har sammantaget gjort mycket mer rätt än fel. Vi vet också att ingen av alla våra styrkor får tas f"
GM0910-5,GI0947-14,0.93824,Lars Leijonborg,L,1998-10-29,https://data.riksdagen.se/anforande/GM0910-5/html,Ingvar Carlsson,S,1994-12-21,https://data.riksdagen.se/anforande/GI0947-14/html,"Herr talman! Det vore mycket bra om Augusto
Pinochet kunde ställas inför domstol och dömas för
folkrättsbrott. Det skulle skicka en signal till dem i
vår tid som fortsätter att förtrycka, tortera och mörda
att mänskligheten inte glömmer deras handlingar.
Det skulle också vara mycket bra om Gudrun
Schyman och andra företrädare för Vänsterpartiet
kun","Herr talman! Alf Svensson talar alltid i en vänlig
och lugn ton. Det gör att man kanske inte alltid obser-
verar ens mycket grova övertramp. Nu måste jag, herr
talman, kraftigt reagera. Alf Svensson sade här att jag
spelade ihop med Wachtmeister och Ny demokrati i
oppositionsställning. Det var precis det jag inte gjor-
de, Alf Svensson. Jag hade i "
GM09105-3,GS09115-2,0.93823,Gudrun Schyman,V,1999-06-02,https://data.riksdagen.se/anforande/GM09105-3/html,Fredrik Reinfeldt,M,2005-04-29,https://data.riksdagen.se/anforande/GS09115-2/html,"Herr talman! Jag undrar ibland om man i de parti-
er som talat före mig är medveten om att nästan hälf-
ten av de röstberättigade i Sverige faktiskt sade nej
när vi hade folkomröstning om svenskt inträde i den
europeiska unionen. Jag tror inte att alla vi som gjor-
de det på något sätt är emot internationellt samarbete.
Jag tror inte att alla vi ka","Herr talman! Det finns en tendens när vi ska prata EU och Europa att vi ger sken av att det är en annan debatt, utifrån andra ord och andra beskrivningar än när vi för debatt i andra sammanhang. Det är därför viktigt att inleda med att säga att från Moderaternas sida är idéutgångspunkten likadan när vi blickar ut över människor, över Sverige, över "
GS0913-28,GK0953-24,0.9382,Göran Hägglund,KD,2004-10-13,https://data.riksdagen.se/anforande/GS0913-28/html,Lars Leijonborg,L,1997-01-22,https://data.riksdagen.se/anforande/GK0953-24/html,"Herr talman! Låt mig först säga ett par ord med anledning av vad som varit. Här har, på goda grunder, sagts mycket om ersättningsnivåer. Jag och mitt parti anser att ersättningsnivåerna ska ligga kvar på 80 %. I kammaren finns en person som har erfarenhet av att ha sänkt ersättningsnivåerna, inte till 65 % men väl till 70 %. Han sitter där borta oc","Fru talman! Låt oss återvända till Volvo Aero i
Arboga ett ögonblick. Vi har sett intervjuerna med de
drabbade familjerna. 650 personer har drabbats av
uppsägning. Tänk er att vi får en sådan jättesmäll på
arbetsmarknaden varje vecka i ett helt år. Det skulle
bli mellan 30 000 och 40 000 människor. Men faktum
är att arbetslösheten ökade så mycket u"
GW0913-18,GW0913-1,0.93814,Fredrik Reinfeldt,M,2008-10-15,https://data.riksdagen.se/anforande/GW0913-18/html,Mona Sahlin,S,2008-10-15,https://data.riksdagen.se/anforande/GW0913-1/html,"Herr talman! Riksdagens partiledardebatt förs i dag i ett läge där det krävs samling i Sverige, i Europa och i världen för att möta en av de mest djupgående globala finanskriser som världen har upplevt. Även om debattvågorna här i dag i denna kammare går höga tror jag att jag kan lova att den som inte löser finanskrisen kommer att se djupare och he","Herr talman! Sverige har en samhällsmodell byggd på sammanhållning och solidaritet - den svenska modellen. Där har vi hittills hämtat vår styrka i den internationella konkurrensen. Kunskap, trygghet och rättvisa har varit vårt avstamp för en stark utveckling.
Nu är det tuffa tider för många löntagare och företag i Sverige. Då är det politikens upp"
HB0930-6,HA0921-8,0.93814,Muharrem Demirok,C,2023-11-15,https://data.riksdagen.se/anforande/HB0930-6/html,Johan Pehrson,L,2022-11-16,https://data.riksdagen.se/anforande/HA0921-8/html,"Herr talman! Med 27 länder, närmare 450 miljoner medborgare, 24 officiella språk och världens tredje största ekonomi är Europeiska unionen en avgörande del av vår värld, vår vardag och vår verklighet. Sverige är i sin tur en avgörande del av Europeiska unionen. Vår kraft och vår röst kan och ska göra skillnad. Vi ska påverka EU därför att EU påverk","Herr talman! Det är krig i Europa sedan en tid tillbaka. Ukrainare slåss för sina liv, sin demokrati och sin frihet mot den ryska mördarmaskinen. Hela Europa dras in. I går drabbades Polen direkt, men vi ska inte dra några förhastade slutsatser.
 STYLEREF Kantrubrik \* MERGEFORMAT EU-politisk partiledardebatt
Det kommer att bli en lång och tuff vin"
GS0913-13,GS0913-28,0.93812,Lars Leijonborg,L,2004-10-13,https://data.riksdagen.se/anforande/GS0913-13/html,Göran Hägglund,KD,2004-10-13,https://data.riksdagen.se/anforande/GS0913-28/html,"Herr talman! Den debatt som nu förs om Vänsterpartiet handlar mest om historien - om Stalin, om Honecker och om Ceausescu. Jag tycker att den borde handla mer om människor av kött och blod som lever nu.
Till min 50-årsdag gjordes en insamling. Avkastningen av dessa pengar går till demokratikämpar. Den första prissumman gick till Gisela Delgado Sab","Herr talman! Låt mig först säga ett par ord med anledning av vad som varit. Här har, på goda grunder, sagts mycket om ersättningsnivåer. Jag och mitt parti anser att ersättningsnivåerna ska ligga kvar på 80 %. I kammaren finns en person som har erfarenhet av att ha sänkt ersättningsnivåerna, inte till 65 % men väl till 70 %. Han sitter där borta oc"
GX0913-53,GH09124-40,0.93808,Göran Hägglund,KD,2009-10-14,https://data.riksdagen.se/anforande/GX0913-53/html,Bengt Westerberg,L,1994-06-11,https://data.riksdagen.se/anforande/GH09124-40/html,"Herr talman! Den här debatten förs i skuggan av en finanskris och de konsekvenser som den har fått över hela världen, också naturligtvis för Sverige som ett litet och tungt exportberoende land. Det här spelar en dramatisk roll för svenska företags möjligheter att sälja sina produkter i omvärlden. Det spelar i sin tur en stor roll för hur många männ","Fru talman! I valet 1991 beslutade svenska folket
att byta regering. Många gjorde det i känslan av att
allt inte stod rätt till i vårt Sverige.

Något måste vara fel när bankerna trugar på
människor lån och konsumtionen hålls uppe genom
att människor lånar mer än de sparar.

Något måste vara fel när svenska företag år efter år
förlorar marknadsande"
GJ0976-2,GH09124-76,0.93801,Olof Johansson,C,1996-03-27,https://data.riksdagen.se/anforande/GJ0976-2/html,Gudrun Schyman,V,1994-06-11,https://data.riksdagen.se/anforande/GH09124-76/html,"Fru talman! Först vill jag välkomna den nye
statsministern och hans lag - alla är inte här, ser jag,
men ändå - till deras nya viktiga ämbeten. För att
något balansera den bild som gavs av föregående
talare skulle jag vilja nämna några ekonomiska
nyckeltal, som det finns anledning att erinra sig med
anledning av det som har hänt under det senaste å","Herr talman! Vid regeringsbildningen i oktober
1991 basunerade Carl Bildt ut att han ledde den
mest kompetenta regering Sverige någonsin haft. I
regeringsförklaringen fanns slagordspolitiken satt
på pränt: valfrihetsrevolution, sänkta skatter och
ökad tillväxt. Sverige skulle bli en företagarnation.

Röda spöken var fackföreningsrörelsen, fackliga
"
GJ0944-46,GJ093-46,0.93798,Birger Schlaug,MP,1996-01-24,https://data.riksdagen.se/anforande/GJ0944-46/html,Alf Svensson,KD,1995-10-04,https://data.riksdagen.se/anforande/GJ093-46/html,"Herr talman! Jag ser, Ingvar Carlsson, att trädet är
litet, hårt ansat och väl klippt. - Kanske har Per Kåge-
son ramlat av, men Greger Hatt och en del andra finns
i alla fall kvar. Jag tycker att det där trädet är litet
symboliskt.

Också vi skall skänka träd, Ingvar Carlsson, för
plantering i Kenya - alldeles riktiga träd, som blir
både nyttiga, ","Herr talman! Jag kan förstå att det inte är populärt
att komma med den första meningen som jag har i
mitt anförande, men jag kan inte låta bli.

Jag tycker att det känns som att det går ett stråk av
självupptagenhet över Sverige för närvarande. Vi
svenskar får se upp så att vi inte inbillar oss att vi vet
och kan allting bäst och därför inte skall "
GS09115-2,H70931-1,0.93797,Fredrik Reinfeldt,M,2005-04-29,https://data.riksdagen.se/anforande/GS09115-2/html,Stefan Löfven,S,2019-11-13,https://data.riksdagen.se/anforande/H70931-1/html,"Herr talman! Det finns en tendens när vi ska prata EU och Europa att vi ger sken av att det är en annan debatt, utifrån andra ord och andra beskrivningar än när vi för debatt i andra sammanhang. Det är därför viktigt att inleda med att säga att från Moderaternas sida är idéutgångspunkten likadan när vi blickar ut över människor, över Sverige, över ","Herr talman! I lördags var det precis 30 år sedan Berlinmuren föll. Järnridån och kallt krig gav vika, och i stället växte ett ökat samarbete i Europa fram - ett historiskt samarbete. Och just i dag för 25 år sedan gick svenskar till vallokaler över hela landet i en folkomröstning om EU-medlemskap. Inför den omröstningen var Sverige ett land av deb"
GI0947-2,GK0912-43,0.93796,Olof Johansson,C,1994-12-21,https://data.riksdagen.se/anforande/GI0947-2/html,Göran Persson,S,1996-10-09,https://data.riksdagen.se/anforande/GK0912-43/html,"Fru talman! Statsministern sade sig i regerings-
förklaringen vilja göra sitt yttersta för att åstadkomma
ett nytt samarbetsklimat i Sverige - i riksdagen, på
arbetsmarknaden och mellan enskilda medborgare.
Nu är det dags för en första revision av de uttalanden.
Jag måste erkänna att den socialdemokratiska rege-
ringen har lyckats. På 75 dagar har ","Herr talman! Vi har nu en debatt som skall spegla
det alternativ som ställs mot regeringens förslag - ett
regeringsförslag som i huvudsak stöds av Centerpar-
tiet.
Jag måste säga att när man lyssnar på debatten är
det inte en samlad bild man får, utan här ifrån talarsto-
len pläderar numera varje parti för sina egna hjärte-
frågor, obekymrade om hu"
H20945-144,H30913-43,0.93796,Göran Hägglund,KD,2015-01-14,https://data.riksdagen.se/anforande/H20945-144/html,Jimmie Åkesson,SD,2015-10-14,https://data.riksdagen.se/anforande/H30913-43/html,Herr talman! Den nya regeringen har haft en jobbig höst. Det blev nog inte riktigt som man hade tänkt sig. Det som många utanför regeringskretsen kommer att minnas är det obegripliga och kostnadskrävande stoppet för Förbifart Stockholm. Man kommer att minnas hotet över Bromma flygplats. Det är en flygplats som är viktig för Stockholm men ännu vikti,"Herr talman! Det har aldrig varit så lätt för mig att välja fokus för ett anförande här i kammaren. Aldrig tidigare har jag heller varit så bedrövad över just det. De senaste sju dagarna har det registrerats nära nog 10 000 nya asylsökande i Sverige. Det är 10 000 människor på bara en enda vecka.
Något liknande har vi aldrig tidigare upplevt i Sver"
GU09125-57,GQ0944-26,0.93795,Göran Hägglund,KD,2007-06-13,https://data.riksdagen.se/anforande/GU09125-57/html,Bo Lundgren,M,2003-01-22,https://data.riksdagen.se/anforande/GQ0944-26/html,"Herr talman! Också jag vill naturligtvis delta i det kramkalas och de vänligheter som utdelas till Lars Leijonborg. Dem har han verkligen gjort sig förtjänt av genom en mycket långvarig gärning i svensk politik.
Lars Leijonborg tillhör en av kammarens allra mest erfarna politiker. Han har ett stort kunnande och dessutom en förmåga att tänka nytt o","Herr talman! Jag kan hålla med Maria Wetter-
strand åtminstone i ett avseende, och det är att de
frågor som diskuteras i konventet och som så små-
ningom ska bli föremål för beslut i Europeiska rådet
skulle kunna få en större plats här i riksdagen. Om jag
som riksdagsledamot skulle ge ett råd till talmannen
kunde det vara att man i stället för att "
H20945-127,GI098-7,0.93795,Jan Björklund,L,2015-01-14,https://data.riksdagen.se/anforande/H20945-127/html,Ingvar Carlsson,S,1994-10-12,https://data.riksdagen.se/anforande/GI098-7/html,"Herr talman! Attentaten i Paris är ett angrepp på hela vårt öppna samhälle. Vi känner både sorg och bestörtning, men också beslutsamhet i att aldrig ge vika för terror och extremism. Antisemitismen växer i Europa. Attackerna är en grym påminnelse om att ett öppet samhälle också är sårbart, men framför allt en påminnelse om att vi alla har ett ansva","Fru talman! Något av det mest civiliserade som
människan har uppfunnit har just ägt rum i Sverige,
nämligen ett demokratiskt val som har lett till ett
maktskifte. Alla medborgare har haft samma
inflytande, oberoende av ekonomisk eller social
ställning, av ursprung, kön eller hudfärg. För en gångs
skull har en 18-åring haft lika mycket att säga till"
GT09142-26,GJ0976-3,0.93794,Fredrik Reinfeldt,M,2006-06-15,https://data.riksdagen.se/anforande/GT09142-26/html,Lars Leijonborg,L,1996-03-27,https://data.riksdagen.se/anforande/GJ0976-3/html,"Herr talman! I en värld som än i dag präglas väldigt mycket av fattigdom och sjukdomar, där många människors verklighet är brist på frihet och man lever i konsekvenser av miljöförstöring och terrorism finns det naturligtvis ibland anledning att påminna oss själva om i vilken skyddad del av världen vi lever och hur lyckliga vi är som har fötts och f","Fru talman! Överallt stöter man på arbetslösheten.
Jag har släktingar som är arbetslösa. Jag har goda
vänner som är arbetslösa. När jag är på folkpartimö-
ten träffar jag arbetslösa. När jag är ute och reser
träffar jag arbetslösa. Jag kan inte minnas att vi nå-
gonsin varit i denna situation.

Varje arbetslös har naturligtvis sin egen historia.
En"
GM09105-3,GO0951-74,0.93791,Gudrun Schyman,V,1999-06-02,https://data.riksdagen.se/anforande/GM09105-3/html,Mats Odell,KD,2001-01-17,https://data.riksdagen.se/anforande/GO0951-74/html,"Herr talman! Jag undrar ibland om man i de parti-
er som talat före mig är medveten om att nästan hälf-
ten av de röstberättigade i Sverige faktiskt sade nej
när vi hade folkomröstning om svenskt inträde i den
europeiska unionen. Jag tror inte att alla vi som gjor-
de det på något sätt är emot internationellt samarbete.
Jag tror inte att alla vi ka","Fru talman! Så har då det svenska ordförandeska-
pet i den växande europeiska unionen inletts. Låt oss
nu hjälpas åt så att det blir så framgångsrikt som
möjligt.
En viktig uppgift för oss är dessutom att försöka
förklara att Sverige och andra nationalstater i vår
världsdel faktiskt behöver fyra beslutsnivåer för att
klara sina grundläggande uppgif"
GP0952-53,GO099-30,0.93789,Lars Leijonborg,L,2002-01-16,https://data.riksdagen.se/anforande/GP0952-53/html,Alf Svensson,KD,2000-10-11,https://data.riksdagen.se/anforande/GO099-30/html,"Fru talman! Varför blir fler och fler människor
sjuka på jobbet i Göran Perssons Sverige? Det är en
stor och viktig fråga som borde ha debatterats väldigt
mycket i Sverige under det senaste året. Hur ohälso-
talens utveckling kan hejdas är en ödesfråga för vårt
land. Men genom det mycket speciella 2001 som vi
nu har bakom oss har den typen av frågo","Fru talman! Jag tror att vi alla höll andan, bildligt
talat, när vi via nyhetsförmedlingar följde utveckling-
en i Belgrad. Äntligen kunde den krigsgalne och
maktgalne kommunisten och nationalisten Slobodan
Milosevic, som terroriserat folket, föraktat demokra-
tiska värden och lagt landet i ruiner, tvingas åt sidan.
Och detta skedde genom ett folks"
GM09105-2,H70931-72,0.93781,Lars Tobisson,M,1999-06-02,https://data.riksdagen.se/anforande/GM09105-2/html,Jonas Sjöstedt,V,2019-11-13,https://data.riksdagen.se/anforande/H70931-72/html,"Herr talman! Visst gör det skillnad hur man röstar
i EU-valet - för att vara med eller att stå utanför, för
handling eller bara prat, för ja eller nej, blågult eller
rödgrönt. Därför är det så viktigt att man röstar, att
man röstar för kandidater som vet vad de vill och att
de vill samma sak. Annars kan man ju, även om man
personröstar på en anhäng","Fru talman! Europeiska unionen och dess medlemsländer står inför mycket stora utmaningar under de kommande åren. Vänsterpartiets uppfattning är att Europeiska unionen inte fungerar på ett sätt som klarar av de utmaningarna. Europeiska unionen måste förändras.
Vi ser en dramatiskt ökande ojämlikhet i många EU-länder. Det skapar social osäkerhet. I f"
GU098-29,H2098-69,0.93779,Peter Eriksson,MP,2006-10-11,https://data.riksdagen.se/anforande/GU098-29/html,Annie Lööf,C,2014-10-08,https://data.riksdagen.se/anforande/H2098-69/html,"Herr talman! Ledamöter och åhörare! Jag är säker på att en rödgrön regering vore det bästa för Sverige. Vi har under de senaste åren tillsammans lyckats göra vårt land till ett av de mest konkurrenskraftiga i världen. Sverige rankas enligt World Economic Forum som trea om man jämför alla världens olika ekonomier. 
Antalet jobb växer snabbt, och st","Herr talman! Ett framgångsrikt samhälle förändras. Den som sluter sig mot omvärlden eller är sig själv nog kommer snart att upptäcka att andra springer förbi och gör saker smartare, snabbare och bättre. Det är därför det är så avgörande att vi aldrig fastnar - att vi ständigt omprövar, letar efter saker att göra bättre, vänder och vrider på vår pol"
GU098-55,H209113-1,0.93768,Maud Olofsson,C,2006-10-11,https://data.riksdagen.se/anforande/GU098-55/html,Stefan Löfven,S,2015-06-10,https://data.riksdagen.se/anforande/H209113-1/html,"Fru talman! Väljarna har varit väldigt tydliga i årets val. De har valt bort vänsterkartellen. Förklaringen är enkel: De kunde inte leverera en politik för fler jobb. Människorna genomskådade att de inte hade någon politik för fler jobb.
De har valt Allians för Sverige, och de har förstärkt Centerpartiet i alliansen för Sverige. Centerpartiet gick","Partiledardebatt
Herr talman! Jag vill börja med att vidarebefordra ett tack. Under EU-toppmötet i Riga uttryckte Ukrainas president Porosjenko sin tacksamhet till Sverige för vårt stöd under Rysslands aggression och illegala annektering av Krim, vårt lån och våra humanitära hjälpinsatser.
Detta tack, herr talman, vill jag framföra här i Sveriges r"
GL09122-1,GK09119-8,0.93766,Carl Bildt,M,1998-06-10,https://data.riksdagen.se/anforande/GL09122-1/html,Göran Persson,S,1997-06-12,https://data.riksdagen.se/anforande/GK09119-8/html,"Herr talman! Jag skulle bara kontrollera om tal-
mannen hade på sig den slips som riksdagens ledamö-
ter, med alternativet scarf, har fått av talmännen vid
slutet av mandatperioden. Så var inte fallet, men ing-
en är så god att han inte kan bli bättre. Det gäller även
riksdagens talman.
I dag, herr talman, har vi terminsavslutning i riks-
dagen. Vi","Fru talman! Precis vid samma tillfälle som jag
förberedde debatten inför avslutningen av riksdags-
året kom opinionsmätningen som visade att svenska
barn och ungdomar i förfärande stor utsträckning inte
känner till att förintelsen inträffade under andra
världskriget. Det förtog hela den stämning som jag
försökte arbeta upp inför debatten.
Det är na"
GY099-1,GY099-78,0.93764,Mona Sahlin,S,2010-11-03,https://data.riksdagen.se/anforande/GY099-1/html,Jimmie Åkesson,SD,2010-11-03,https://data.riksdagen.se/anforande/GY099-78/html,"Herr talman! Låt mig börja med att säga att jag var i Malmö i torsdags. Jag blev både berörd och upprörd. Det fanns familjer i Malmö som inte vågade lägga sina barn i deras sängar av rädsla för att de ska bli skjutna. Det finns kvinnor och män i Malmö som fruktar för sina liv när de går till jobbet eller till affären.
Jag mötte lärare på Hermodsda","Fru talman! I valet den 19 september hände någonting som inte är så vanligt i Sverige. Vi fick ett nytt parti i Sveriges riksdag för första gången på 19 år. Den eftervalsdebatt som nu förvisso har börjat avta så smått saknar förmodligen motstycke i modern tid. Aldrig har väl etablissemanget stått så samlat, varit så överens och haft en så tydlig ge"
GY0943-54,HC0956-5,0.93762,Jan Björklund,L,2011-01-19,https://data.riksdagen.se/anforande/GY0943-54/html,Muharrem Demirok,C,2025-01-15,https://data.riksdagen.se/anforande/HC0956-5/html,"Herr talman! Mitt i julhandeln sprängde sig en man till döds i centrala Stockholm. Hans avsikt var att ta med sig många oskyldiga människor in i döden. Han misslyckades med det. Men vi måste inse att en katastrof var mycket nära.
Vårt öppna liberala samhälle är sårbart. Rädslan för denna typ av händelser kan leda till reaktionen att det skulle var","Herr talman! Det känns fint att få stå här i kammaren framför kollegor igen efter ännu ett juluppehåll, men det känns också ansvarstungt. När vi nu kliver in i 2025 är det nämligen uppenbart att Sverige inte mår så bra.
Sammanhållningen är stukad, och alltför många upplever att politiken inte har svar på de problem som de möter i vardagen. Alltför "
GI09121-10,GR0913-61,0.93756,Olof Johansson,C,1995-06-15,https://data.riksdagen.se/anforande/GI09121-10/html,Göran Persson,S,2003-10-15,https://data.riksdagen.se/anforande/GR0913-61/html,"Fru talman! Vardagen förmörkas ofta av en brutal
verklighet, så också vid detta riksdagsårs slut. Rap-
porterna om ett alltmer brutaliserat våld, inte minst
bland ungdomar, växer i styrka. I natt kom den senas-
te rapporten.
Knivbeväpning förefaller i vissa sammanhang och
kretsar snarare vara regel än undantag. Den som
knivbeväpnar sig gör sig ju o","Herr talman! Jag ska ta upp tre saker i mitt anförande: EU-frågorna, den kommunala skatteutjämningen och inbjudan till tillväxtsamtal.
Först EU-frågorna. Det är svårt att hantera dessa frågor utan att arbetet förmörkas av mordet på vår förra utrikesminister Anna Lindh. Saknaden efter Anna är ännu stor och tung att bära. Ändå måste vi försöka att h"
GK09119-2,GI098-7,0.93756,Lars Tobisson,M,1997-06-12,https://data.riksdagen.se/anforande/GK09119-2/html,Ingvar Carlsson,S,1994-10-12,https://data.riksdagen.se/anforande/GI098-7/html,"Fru talman! Vid den här tiden förra året stod den
då rekordstora arbetslösheten i fokus. En motvillig
regering tvingades lägga fram en sysselsättningspro-
position, som behandlades vid ett extra riksdagssam-
manträde mitt i sommaren. I dag är arbetslösheten än
större, och sysselsättningen har sjunkit än mer. Varför
är det så tyst om arbetslösheten ","Fru talman! Något av det mest civiliserade som
människan har uppfunnit har just ägt rum i Sverige,
nämligen ett demokratiskt val som har lett till ett
maktskifte. Alla medborgare har haft samma
inflytande, oberoende av ekonomisk eller social
ställning, av ursprung, kön eller hudfärg. För en gångs
skull har en 18-åring haft lika mycket att säga till"
GZ0957-48,GZ09129-81,0.93752,Gustav Fridolin,MP,2012-01-18,https://data.riksdagen.se/anforande/GZ0957-48/html,Annie Lööf,C,2012-06-13,https://data.riksdagen.se/anforande/GZ09129-81/html,"Herr talman! Den här debatten handlar om tre saker, om jobben, jobben och jobben.
Låt mig börja med att vända mig till läktaren. Där sitter nämligen Charlie, Giv, Linnea och några till av de kloka människor som jag har lärt känna på den folkhögskola där jag jobbar. Tack för att ni kom! Ert engagemang får mitt engagemang att växa. Ni är några av de","Fru talman! I dagarna springer tusentals unga människor ut ur skolorna. Med förväntan i ögonen och med en och annan blombukett runt halsen skrålar de: Den ljusnande framtid är vår!
Vi kan nog alla minnas den där stunden då inga sorger fanns, när framtiden var utstakad och det enda som låg mellan nuet och resten av livet var en rejäl studentfest oc"
GJ093-37,GN0912-45,0.93751,Gudrun Schyman,V,1995-10-04,https://data.riksdagen.se/anforande/GJ093-37/html,Göran Persson,S,1999-10-13,https://data.riksdagen.se/anforande/GN0912-45/html,"Fru talman! Jag vill som utgångspunkt för mitt an-
förande ta det glapp som finns mellan det som ofta
sägs från talarstolarna och det som det talas om vid
köksborden. Det finns ett glapp mellan det som är
många människors vardag och det som beskrivs från
den här talarstolen och det som också beskrevs i den
regeringsförklaring som Ingvar Carlsson lä","Herr talman! De elever som snart ska sluta gym-
nasieskolan började skolan ungefär vid den tidpunkt
då Berlinmuren föll. Det är faktiskt värt att reflektera
över.
Vi tycker att det var alldeles nyss som det hände,
men det har snart gått tio år. Det har varit tio år av en
omvälvande förändring av Europa. Det har varit tio år
som snart kommer att krö"
H70931-98,HC0929-2,0.93751,Johan Pehrson,L,2019-11-13,https://data.riksdagen.se/anforande/H70931-98/html,Ulf Kristersson,M,2024-11-13,https://data.riksdagen.se/anforande/HC0929-2/html,"Fru talman! I dag debatterar vi hur Sverige ska använda medlemskapet i den organiserade europeiska gemenskapen, det vi kallar EU. 
Jag minns hur jag denna dag för 25 år sedan, som juriststudent vid King's College London, stod på Handelskammarens valvaka och firade det svenska folkets tydliga ja till medlemskap i EU. Det är nästan svårt att ta till ","Herr talman! Vi lever i allvarstider - kriget mot Ukraina, lågkonjunkturen efter hög inflation, stor osäkerhet i viktiga länder. I det omvärldsläget vänder sig många länder inåt. Men vi har de senaste 30 åren lärt oss att ensam inte är stark. Det är tvärtom mer samarbete som bygger ett starkare och mer motståndskraftigt Europa.
För exakt 30 år seda"
H30951-93,GZ0957-1,0.9375,Anders W Jonsson,C,2016-01-13,https://data.riksdagen.se/anforande/H30951-93/html,Fredrik Reinfeldt,M,2012-01-18,https://data.riksdagen.se/anforande/GZ0957-1/html,"Herr talman! För 13 dagar sedan ringde nyårsklockorna över Sverige. De ringde för ett land som har att hantera fler asylsökande än någonsin tidigare. Klockorna ringde för ett land som har fått omvärdera hotet från terrorism och extremism efter allvarliga händelser i vår omvärld. De ringde för ett land som drabbats av otrygghet, mordbränder, våld oc","Herr talman! Vår kontinent, vårt Europa, befinner sig i en parallell och samtidig finanskris, skuldkris och förtroendekris. Det påverkar och förändrar vårt Europa. Detta har ibland hänvisats till som en kris i de så kallade PIIGS-länderna. Då menar man Portugal, Irland, Italien, Grekland och Spanien. Men det räcker inte längre som beskrivning.
Låt"
GN09128-1,GM09111-23,0.93747,Bo Lundgren,M,2000-06-15,https://data.riksdagen.se/anforande/GN09128-1/html,Alf Svensson,KD,1999-06-16,https://data.riksdagen.se/anforande/GM09111-23/html,"Herr talman! ""Den blomstertid nu kommer med
lust och fägring stor.""
Kolmodins vackra psalm har de senaste veckorna
sjungits av tusentals elever runtom i Sverige. Den
skulle kanske kunna passa också nu när riksdagen
avslutar sitt arbete inför sommaren. Det går bättre för
Sverige. Efter ett decennium av budgetsanering och
återhämtning efter 1980-tale","Herr talman! Först får vi höra en uppräkning som
ju tyder på att Vänsterpartiet är fött med ett nej i
halsen - inte ett utan en massa. Så går Gudrun Schy-
man upp och pratar om öppenhet. Det är en ganska
fantastisk dialog vi har här.
Jag hoppas och tror att vi i alla, i alla partier, kan
vara överens om att vårt politiska arbete behöver en
trovärdi"
GJ0944-49,GS09140-16,0.93747,Ingvar Carlsson,S,1996-01-24,https://data.riksdagen.se/anforande/GJ0944-49/html,Lars Leijonborg,L,2005-06-15,https://data.riksdagen.se/anforande/GS09140-16/html,"Herr talman! Jag vill börja med att svara på några
frågor från Birger Schlaug.

Jag har tidigare sagt att jag inte utesluter en folk-
omröstning efter regeringskonferensen. Men jag vill
samtidigt säga att jag anser att man skall vara mycket
försiktig med folkomröstningsinstitutet. Vi har använt
folkomröstningar ungefär en gång vart tjugonde år
unde","Herr talman! Låt mig knyta an till den allra senaste replikväxlingen och säga att jag tycker att det Tony Blair och hans finansminister nu gör för att lyfta Afrika tillhör det mest hoppingivande i världspolitiken för närvarande. Det påminner om politikens möjligheter. Man identifierar en utmaning, man har en idé om hur den kan mötas och man åstadko"
GK0953-1,GJ093-47,0.93742,Lars Tobisson,M,1997-01-22,https://data.riksdagen.se/anforande/GK0953-1/html,Ingvar Carlsson,S,1995-10-04,https://data.riksdagen.se/anforande/GJ093-47/html,"Fru talman! Politiskt arbete handlar om att söka
stöd för vad man anser leda till en god samhällsut-
veckling. Vår uppgift som politiker är att utifrån våra
värderingar och våra kunskaper om hur samhälle och
ekonomi fungerar presentera en vision, en uppfattning
om hur ett gott samhälle bör vara organiserat. Att vara
politiker är att be om förtroend","Herr talman! Det är intressant att höra angreppen
på det socialdemokratiska partiet från såväl högern
som från Vänsterpartiet och med den emfas som de
framförs.

Moderaterna vill öka inkomstklyftorna, försämra
arbetsrätten och rasera välfärden. Så sent som för
några månader sedan skåpade de ut den ekonomiska
politiken och konvergensprogrammet. Vår "
GL0953-14,GM0942-24,0.93734,Olof Johansson,C,1998-01-21,https://data.riksdagen.se/anforande/GL0953-14/html,Göran Persson,S,1999-01-20,https://data.riksdagen.se/anforande/GM0942-24/html,"Fru talman! Carl Bildt vill inte ha några provoka-
tioner. Då räcker inte hans taletid. Så om jag visar
vänlighet åt det hållet, så beror det bara på detta.
År 1998 har just börjat, och det är väljarnas år. Då
fylls medierna av opinionsundersökningar på temat:
Är Persson eller Bildt populärast? Nästa fråga är:
Vem kan vara med vem? Vilken politik s","Fru talman! Först skall jag tacka för alla vänliga
ord som har sagts, dessutom för strålande presenter.
Kanske är jag lite mer försiktig med EMU-
projektet än Lars Leijonborg. Jag skulle nog inte
riktigt vilja likna det vid den där fågeln som inte kan
flyga. Emun låter mycket, det vet vi, men den flyger
ju inte så bra. Vi får se vad som händer med "
GP0952-50,GH093-1,0.93734,Lena Ek,C,2002-01-16,https://data.riksdagen.se/anforande/GP0952-50/html,Ingvar Carlsson,S,1993-10-06,https://data.riksdagen.se/anforande/GH093-1/html,"Fru talman! Ledamöter, ärade åhörare! ""Vår be-
redskap är god"" är ett klassiskt citat i svensk historia.
Jag vill mer men vår beredskap är god är väl en sam-
manfattning av statsministerns anförande tidigare i
dag.
Jag har en lite annan bild av läget. År 2002 kom-
mer att bli ett skakigt år i svensk ekonomi. Lågkon-
junkturens svallvågor sköljer öv","Fru talman! Det som inträffat i Ryssland är tragiskt
och oroande. Fascister och gammelkommunister
tvingade president Jeltsin att möta våld med våld.
Människoliv har gått till spillo. Den sköra
demokratin har utsatts för allvarliga påfrestningar.

De allra flesta av oss känner lättnad över att
kuppmakarna misslyckats. Men vi inser att
president Jelt"
GL0953-14,GJ0944-1,0.93733,Olof Johansson,C,1998-01-21,https://data.riksdagen.se/anforande/GL0953-14/html,Lars Tobisson,M,1996-01-24,https://data.riksdagen.se/anforande/GJ0944-1/html,"Fru talman! Carl Bildt vill inte ha några provoka-
tioner. Då räcker inte hans taletid. Så om jag visar
vänlighet åt det hållet, så beror det bara på detta.
År 1998 har just börjat, och det är väljarnas år. Då
fylls medierna av opinionsundersökningar på temat:
Är Persson eller Bildt populärast? Nästa fråga är:
Vem kan vara med vem? Vilken politik s","Fru talman! Riksdagsarbetet startar mjukt i år. Det
beror inte bara på att budgetproposition och allmän
motionstid har flyttats till september utan också på att
ett regeringsskifte förestår.

Av allt att döma är detta Ingvar Carlssons sista
partiledardebatt. Det finns därför skäl att syna det arv
som statsministern lämnar efter sig. Bilden blir int"
GY099-73,H20945-26,0.93733,Maud Olofsson,C,2010-11-03,https://data.riksdagen.se/anforande/GY099-73/html,Anna Kinberg Batra,M,2015-01-14,https://data.riksdagen.se/anforande/H20945-26/html,"Fru talman! I valet den 19 september gav väljarna ett klart och tydligt besked. Centerpartiet och Alliansen fick förnyat och förstärkt förtroende att fortsätta att leda Sverige de kommande fyra åren. 
Det är naturligtvis både utmanande och ansvarsfullt att leda Sverige i en tid då vi precis börjar återhämtningen efter finanskrisen, då de globala k","Herr talman, ledamöter och åhörare! Låt mig börja med att återigen konstatera vilken viktig inledning det var på dagens debatt: Vi har bred uppslutning i vårt avståndstagande mot det fruktansvärda terrordådet i Frankrike, som hotar vårt öppna samhälle. Tillsammans står vi enade i vårt försvar av demokratin mot våldet. Det gläder mig att statsminist"
GP0952-60,GM0942-24,0.93732,Lotta N Hedström,MP,2002-01-16,https://data.riksdagen.se/anforande/GP0952-60/html,Göran Persson,S,1999-01-20,https://data.riksdagen.se/anforande/GM0942-24/html,"Fru talman, riksdagskolleger och alla ni som tittar
på TV eller lyssnar på radio! Politik handlar mycket
mer om att vilja och att kunna än att vara en allmän
TV-tyckare eller ha trevligt med etablissemanget.
Vi närmar oss ett riksdagsval, ett val som jag
hoppas ska handla om livskvalitet och värderingar
mer än plånboksfrågor och konsumtionsfrågor. ","Fru talman! Först skall jag tacka för alla vänliga
ord som har sagts, dessutom för strålande presenter.
Kanske är jag lite mer försiktig med EMU-
projektet än Lars Leijonborg. Jag skulle nog inte
riktigt vilja likna det vid den där fågeln som inte kan
flyga. Emun låter mycket, det vet vi, men den flyger
ju inte så bra. Vi får se vad som händer med "
GS09140-35,GX09138-1,0.93728,Maud Olofsson,C,2005-06-15,https://data.riksdagen.se/anforande/GS09140-35/html,Fredrik Reinfeldt,M,2010-06-16,https://data.riksdagen.se/anforande/GX09138-1/html,"Herr talman! I dagarna tar tusentals ungdomar studenten. Uppsluppna röster sjunger om att ""den ljusnande framtid är vår"". Vilken underbar bild när försommaren är på väg in i högsommar!
Ta den bilden och tänk tillbaka ett ögonblick. Hur var det när ni själva tog studenten? Hur kändes det på morgonen när ni äntligen fick ta på er studentmössan, när ","Herr talman! Ärade ledamöter! Svenska folket ska fatta ett viktigt beslut den 19 september. Det är ett viktigt beslut för alla svenskar och ett viktigt vägval för Sverige. Vilken väg in i framtiden ska vi välja för vårt fina land? Valet står mellan två tydliga regeringsalternativ, den allians som nu regerat Sverige i fyra och det rödgröna samarbete"
GH09124-6,GK09119-2,0.93725,Ingvar Carlsson,S,1994-06-11,https://data.riksdagen.se/anforande/GH09124-6/html,Lars Tobisson,M,1997-06-12,https://data.riksdagen.se/anforande/GK09119-2/html,"Fru talman! För snart tre år sedan, sommaren 1991,
lämnade jag, som statsminister, in Sveriges ansökan
om medlemskap i Europeiska gemenskapen. Då
var en majoritet av svenska folket för ett svenskt
EU-medlemskap. I dag är flertalet negativa eller
tveksamma.

För snart tre år sedan, hösten 1991, fick Sverige en
moderatledd, borgerlig regering. Då tro","Fru talman! Vid den här tiden förra året stod den
då rekordstora arbetslösheten i fokus. En motvillig
regering tvingades lägga fram en sysselsättningspro-
position, som behandlades vid ett extra riksdagssam-
manträde mitt i sommaren. I dag är arbetslösheten än
större, och sysselsättningen har sjunkit än mer. Varför
är det så tyst om arbetslösheten "
H00952-64,H10954-102,0.93723,Jan Björklund,L,2013-01-16,https://data.riksdagen.se/anforande/H00952-64/html,Jonas Sjöstedt,V,2014-01-15,https://data.riksdagen.se/anforande/H10954-102/html,"Fru talman! Krisen fortsätter. Prognosen för den närmaste tiden är sämre än vad vi tidigare kunde förutse. Men debatten om de kortsiktiga problemen får inte skyla den viktiga diskussionen om de långsiktiga utmaningarna. Det går bättre för Nordeuropa än för Sydeuropa, och det gör att många trots allt har attityden att vi nog kan luta oss tillbaka nå","Fru talman! Åhörare! Valåret 2014 har börjat. Men det som ligger framför oss är mer än ett valår. Det är ett vägval, inte bara för Sverige, utan också för Europa. I grunden handlar detta vägval om vilka värderingar vi bygger vårt samhälle på. Vi väljer mellan marknadsliberal experimentverkstad och en välfärd för alla. Vi väljer mellan omtanke och g"
GO0951-154,GO0951-164,0.93722,Ulf Björklund,KD,2001-01-17,https://data.riksdagen.se/anforande/GO0951-154/html,Carina Ohlsson,S,2001-01-17,https://data.riksdagen.se/anforande/GO0951-164/html,"Fru talman! En inte oviktig motivering för Sveri-
ges anslutning till den europeiska unionen var att
framför allt miljön och miljöfrågorna krävde ett
mycket nära samarbete över gränserna, eftersom
miljöproblemen av naturliga skäl inte ser några na-
tionsgränser. Sverige har i allra högsta grad orsak att
kräva högre miljöambitioner från EU:s medlems","Fru talman! Nu har det inletts, det som vi har talat
om så länge och haft så stora förväntningar på, näm-
ligen ordförandeskapet i EU.
Detta ger oss möjlighet att ytterligare flytta fram
positionerna i EU:s miljöarbete. Som föregångsland
på miljöområdet har Sverige ofta gått i täten för en
tuffare och strängare politik på EU-nivå. Vi har på
hemmapl"
GR0913-18,GH093-1,0.93717,Lars Leijonborg,L,2003-10-15,https://data.riksdagen.se/anforande/GR0913-18/html,Ingvar Carlsson,S,1993-10-06,https://data.riksdagen.se/anforande/GH093-1/html,"Herr talman! Den 13 juni samlades vi senast till partiledardebatt här i kammaren. Ibland räcker det med en så kort tid som fyra månader för att se viktiga tendenser. Det är inte mycket som har gått regeringens väg sedan dess. 
Svenskarna har sagt nej till euron och den extra långsiktiga tillväxtstimulans som den skulle ha inneburit. Kostnaderna fö","Fru talman! Det som inträffat i Ryssland är tragiskt
och oroande. Fascister och gammelkommunister
tvingade president Jeltsin att möta våld med våld.
Människoliv har gått till spillo. Den sköra
demokratin har utsatts för allvarliga påfrestningar.

De allra flesta av oss känner lättnad över att
kuppmakarna misslyckats. Men vi inser att
president Jelt"
GI098-1,GJ093-15,0.93712,Carl Bildt,M,1994-10-12,https://data.riksdagen.se/anforande/GI098-1/html,Olof Johansson,C,1995-10-04,https://data.riksdagen.se/anforande/GJ093-15/html,"Fru talman! Jag tycker att dagens debatt på något
sätt verkar hänga i luften. Vi hade i går under några
intensiva timmar här i riksdagen möjlighet att
diskutera det viktiga vägval som Europapolitiken
innebär, och när det gäller inriktningen av den
ekonomiska politiken har vi knappt fått några besked
värda namnet i den regeringsförklaring som
presen","Fru talman! Jag har inte för avsikt att gräva i det
förflutna här i dag. För det första gäller regeringsför-
klaringen framtiden - det är en avsiktsförklaring om
vad som skall ske. För det andra är det framtiden som
är påverkbar. Det gäller att lära sig av misstagen, vare
sig de har begåtts före eller efter 1991, och sedan
förstärka den utvecklinge"
H109128-19,GT0913-15,0.93706,Mikael Damberg,S,2014-06-18,https://data.riksdagen.se/anforande/H109128-19/html,Lars Leijonborg,L,2005-10-12,https://data.riksdagen.se/anforande/GT0913-15/html,"Herr talman! Pensionärsskatt, riskkapitalbolag i skolan, läx-RUT, tvångs-LOV, utförsäkrad och fas 3 är sex ord och uttryck som den moderatledda regeringen har berikat det svenska språket med och vilkas innebörd för åtta år sedan skulle ha uppfattats som lätt bisarra. 
Varför ska pensionärer betala högre skatt än löntagare? Varför ska staten ge ska","Herr talman! Jag ska tala om tre hot mot den svenska välfärden. Göran Persson ska inte göra sig några förhoppningar. Det är inte Maud Olofsson, Göran Hägglund och Fredrik Reinfeldt jag ska tala om.
Jag vet att Socialdemokraterna kommer att ägna de närmaste elva månaderna till att utmåla Allians för Sverige som hotet mot välfärden. Jag tror inte at"
GS09115-4,GS09115-1,0.93698,Göran Hägglund,KD,2005-04-29,https://data.riksdagen.se/anforande/GS09115-4/html,Göran Persson,S,2005-04-29,https://data.riksdagen.se/anforande/GS09115-1/html,"Herr talman! Den som inte ansluter sig till den idé om det Europasamarbete som förverkligas genom EU är naturligtvis skyldig oss andra svaret på frågan: Vad ska vi ha i stället? Jag tror att svaret på den frågan skulle bli: EU. Det kanske inte skulle vara EU exakt som det ser ut i dag, men ungefär. Hade vi inte haft EU hade vi varit tvungna att upp","Herr talman! I helgen är det ett år sedan EU utvidgades med tio nya länder. Utvidgningen är en av vår tids riktigt stora framgångar. Den har vi samfällt applåderat i vår kammare. Med utvidgningen kunde vi bryta uppdelningen av Europa i öst och väst och bygga demokratin starkare. Med utvidgningen ökar möjligheterna att värna fred, säkerhet och trygg"
H109128-121,GU098-1,0.93691,Göran Hägglund,KD,2014-06-18,https://data.riksdagen.se/anforande/H109128-121/html,Göran Persson I Stjärnhov,S,2006-10-11,https://data.riksdagen.se/anforande/GU098-1/html,"Herr talman! Det har fallit på min lott att summera och runda av mandatperiodens sista partiledardebatt. Jag tackar för det förtroendet.
Sverige går till val om mindre än tre månader. Ibland hör man människor säga att det inte spelar någon roll hur man röstar, men det gör det förstås. Det spelar en roll, och det kommande valet är ett verkligt vikt","Herr talman! Ledamöter och kamrater! 24 dagar har gått sedan väljarna sade sitt. Sverige har fått en ny regering. Moderaterna fick vad de önskade, en regering med majoritet i riksdagen, med en stark dominans för högern. Det är närapå en enpartiregering.
Marginalerna blev små. Röstmässigt är det ingen majoritetsregering. Regeringen har endast 48 % "
GH09124-6,GH09124-27,0.93685,Ingvar Carlsson,S,1994-06-11,https://data.riksdagen.se/anforande/GH09124-6/html,Carl Bildt,M,1994-06-11,https://data.riksdagen.se/anforande/GH09124-27/html,"Fru talman! För snart tre år sedan, sommaren 1991,
lämnade jag, som statsminister, in Sveriges ansökan
om medlemskap i Europeiska gemenskapen. Då
var en majoritet av svenska folket för ett svenskt
EU-medlemskap. I dag är flertalet negativa eller
tveksamma.

För snart tre år sedan, hösten 1991, fick Sverige en
moderatledd, borgerlig regering. Då tro","Fru talman! Innan jag ger mig in i den egentliga
partiledardebatten vill jag säga att jag tror att vi alla
har anledning att tänka på de anhöriga till dem som
dödats under natten i Falun. Det var ett fasansfullt
skottdrama som har skördat oskyldiga människors
liv. Det kan vara värt en viss eftertanke även här i
kammaren i en stund som denna.

För t"
H9093-1,H80963-8,0.93684,Stefan Löfven,S,2021-09-15,https://data.riksdagen.se/anforande/H9093-1/html,Johan Pehrson,L,2021-01-13,https://data.riksdagen.se/anforande/H80963-8/html,"Herr talman! Jag vill börja med att citera Vilhelm Moberg från boken Din stund på jorden: ""Tag vara på ditt liv! Akta det väl! Slarva inte bort det! För nu är det din stund på jorden!""
Partiledardebatt
Det är vårt ansvar att ta vara på vår korta stund här på jorden, där vi tar hand om våra medmänniskor, vår natur och vår omvärld. Men vår gemensamma","Herr talman! Den amerikanska härdsmältan är en tragedi. Institutionerna stod förvisso pall på den yttersta dagen vid slutattacken. Men tragedin i USA säger tyvärr mycket om demokratins kris och dess utmaningar. Teknikgiganternas plattformar har onekligen skapat konspirationsteoretikernas bästa tid. För öppen ridå kan fakta ifrågasättas, lögner spri"
GH093-2,GJ09110-6,0.93681,Ian Wachtmeister,NYD,1993-10-06,https://data.riksdagen.se/anforande/GH093-2/html,Alf Svensson,KD,1996-06-12,https://data.riksdagen.se/anforande/GJ09110-6/html,"Fru talman! Till dem som nu traditionsensligt
lämnar lokalen vill jag påpeka att baren inte har
öppnat ännu.

I motsats till Ingvar Carlsson vet jag inte riktigt vad
regeringen i allmänhet kommer att säga så
småningom. Det räcker för min del med vad den
har sagt och gjort.

Jag utgår också från att alla känner till den mycket
allvarliga situationen","Herr talman! Det gick litet varmt här för herr
Schlaug. Han vet vad man skall säga innan man har
talat.

Sedan vill jag faktiskt mycket ärligt och seriöst
säga att jag tycker att det skall finnas viss respekt för
alla partier här i kammaren, och den typen av ord som
""anhang"" anstår knappast någon partiledare att tillvita
något parti. Jag har i mång"
GK0953-1,GK0912-43,0.9367,Lars Tobisson,M,1997-01-22,https://data.riksdagen.se/anforande/GK0953-1/html,Göran Persson,S,1996-10-09,https://data.riksdagen.se/anforande/GK0912-43/html,"Fru talman! Politiskt arbete handlar om att söka
stöd för vad man anser leda till en god samhällsut-
veckling. Vår uppgift som politiker är att utifrån våra
värderingar och våra kunskaper om hur samhälle och
ekonomi fungerar presentera en vision, en uppfattning
om hur ett gott samhälle bör vara organiserat. Att vara
politiker är att be om förtroend","Herr talman! Vi har nu en debatt som skall spegla
det alternativ som ställs mot regeringens förslag - ett
regeringsförslag som i huvudsak stöds av Centerpar-
tiet.
Jag måste säga att när man lyssnar på debatten är
det inte en samlad bild man får, utan här ifrån talarsto-
len pläderar numera varje parti för sina egna hjärte-
frågor, obekymrade om hu"
GQ0944-54,GZ0957-104,0.93664,Maud Olofsson,C,2003-01-22,https://data.riksdagen.se/anforande/GQ0944-54/html,Jonas Sjöstedt,V,2012-01-18,https://data.riksdagen.se/anforande/GZ0957-104/html,"Herr talman! Regeringen byggde sin valframgång
på att tala om välfärd. Statsministern fortsätter också i
den här debatten att prata om välfärd. Enligt Social-
demokraterna är valet detta: Antingen är man för
välfärd, eller också är man för skattesänkningar. Det
är det enda val man har. Detta var en framgångsrik
strategi för Socialdemokraterna i val","Fru talman! Jag tycker att debatten har gett en ganska god bild av den svenska politiken. På den ena sidan har vi en regering som är väldigt nöjd, inte minst med sig själv, och tycker att det går bra. Man hanterar de stora frågorna och det går framåt för Sverige. Man föreslår egentligen inga större samhällsförändringar eller reformer på något områd"
GR0955-39,GY0943-18,0.93662,Lars Leijonborg,L,2004-01-21,https://data.riksdagen.se/anforande/GR0955-39/html,Mona Sahlin,S,2011-01-19,https://data.riksdagen.se/anforande/GY0943-18/html,"Herr talman! Nu är det 2004, och nu har det gått tio år sedan Socialdemokraterna återkom till makten. 
Fler och fler upptäcker de problem som följer med det långa maktinnehavet: maktens arrogans, tendenserna att gynna sina egna, viljan att sträcka ut sina tentakler långt utanför den politiska sfären för att cementera sitt maktinnehav, förvaltninge","Herr talman! Detta är min sista partiledardebatt. I dag liksom så ofta vill jag att den ska handla om det allra viktigaste, och det är jobben, själva förutsättningen för både tillväxt och jämlikhet - rätten till arbete, plikten att arbeta och möjligheten att bygga en solidarisk välfärd med arbete. 
Jag tänker opponera i dag, inte för att jag är dy"
H209113-26,H00952-18,0.93661,Anna Kinberg Batra,M,2015-06-10,https://data.riksdagen.se/anforande/H209113-26/html,Mikael Damberg,S,2013-01-16,https://data.riksdagen.se/anforande/H00952-18/html,"Herr talman! I förrgår avslutades det så kallade G7-mötet i Elmau i Tyskland. Det finns flera intressanta saker att se i slutsatserna, bland annat om vikten av återhämtning i världsekonomin och bättre villkor för kvinnors jobb och företagande runt om i världen. Men en av de viktigare slutsatserna var det gemensamma löftet att arbeta för att begräns","Herr talman! Sverige är världens friaste land. Internationell forskning visar att vi är landet Annorlunda, där individuell frihet bygger på samarbete och gemensamma lösningar. När vi åker utomlands är det ofta med lite pinsam stolthet vi berättar om Sverige - om ungdomars möjligheter och den svenska högskolan som är öppen för alla oavsett föräldrar"
GM09111-34,GR09121-67,0.9366,Birger Schlaug,MP,1999-06-16,https://data.riksdagen.se/anforande/GM09111-34/html,Göran Persson,S,2004-05-25,https://data.riksdagen.se/anforande/GR09121-67/html,"Fru talman! Resonemanget om att unioner inte
skall militariseras är utmärkt. Jag har haft åtskilliga
debatter med liberala kandidater i EU-
parlamentsvalet som har vägrat att inse det stora pro-
blemet när unioner militariseras och det uppstår flera
block i världen. Det var trevligt att höra.
Vi har just avslutat en valrörelse. Det finns skäl
att s","Fru talman! Ärade kammarledamöter! Tack för i år och för den första halvan av mandatperioden! Det har varit framgångar och motgångar. I mitt anförande ska jag uppehålla mig vid två saker, nämligen det kommande EU-valet och även en bedömning av det inrikespolitiska läget mot bakgrund av de kontrollfrågor jag har ställt under debatten omkring regerin"
GX0913-53,GQ09122-57,0.93653,Göran Hägglund,KD,2009-10-14,https://data.riksdagen.se/anforande/GX0913-53/html,Göran Persson,S,2003-06-13,https://data.riksdagen.se/anforande/GQ09122-57/html,"Herr talman! Den här debatten förs i skuggan av en finanskris och de konsekvenser som den har fått över hela världen, också naturligtvis för Sverige som ett litet och tungt exportberoende land. Det här spelar en dramatisk roll för svenska företags möjligheter att sälja sina produkter i omvärlden. Det spelar i sin tur en stor roll för hur många männ","Herr talman! Svaret, Peter Eriksson, är att vi byg-
ger EU starkare. Peter Eriksson ondgör sig över
USA:s totala dominans. Vi har en stor politisk orga-
nisation där vi själva är medlemmar, sitter vid bordet,
kan påverka besluten, som står för progressiva idéer
och för den typ av värderingar som vi har - Europeis-
ka unionen. Det är den vi ska anvä"
GJ0976-2,GJ0976-1,0.93651,Olof Johansson,C,1996-03-27,https://data.riksdagen.se/anforande/GJ0976-2/html,Lars Tobisson,M,1996-03-27,https://data.riksdagen.se/anforande/GJ0976-1/html,"Fru talman! Först vill jag välkomna den nye
statsministern och hans lag - alla är inte här, ser jag,
men ändå - till deras nya viktiga ämbeten. För att
något balansera den bild som gavs av föregående
talare skulle jag vilja nämna några ekonomiska
nyckeltal, som det finns anledning att erinra sig med
anledning av det som har hänt under det senaste å","Fru talman! Denna partiledardebatt är förorsakad
av att Sverige bytt regering. Landet har inte bytt poli-
tik. Frågan är om regeringen ens har någon politik.
Under alla omständigheter är den inte vad som krävs.

Vid den socialdemokratiska partikongressen vann
Göran Persson över Vänstern, sägs det. Och visst
undgick den nye partiledaren i stort sett"
GH09124-6,GK0912-1,0.93649,Ingvar Carlsson,S,1994-06-11,https://data.riksdagen.se/anforande/GH09124-6/html,Lars Tobisson,M,1996-10-09,https://data.riksdagen.se/anforande/GK0912-1/html,"Fru talman! För snart tre år sedan, sommaren 1991,
lämnade jag, som statsminister, in Sveriges ansökan
om medlemskap i Europeiska gemenskapen. Då
var en majoritet av svenska folket för ett svenskt
EU-medlemskap. I dag är flertalet negativa eller
tveksamma.

För snart tre år sedan, hösten 1991, fick Sverige en
moderatledd, borgerlig regering. Då tro","Fru talman! Vad? Hur? När? Det är frågor som
inställer sig när man läser årets finansplan. Redan på
första sidan medger regeringen att det kommer att
krävas strukturella förändringar för att förbättra eko-
nomins sätt att fungera. Den nämner områden som
lönebildningen, arbetsmarknaden, energipolitiken,
pensionssystemet och den offentliga sektorn.
M"
GT0957-26,GS0913-67,0.93629,Fredrik Reinfeldt,M,2006-01-18,https://data.riksdagen.se/anforande/GT0957-26/html,Göran Persson,S,2004-10-13,https://data.riksdagen.se/anforande/GS0913-67/html,Herr talman! Valåret 2006 är här. Många hävdar att det har varit valårskänsla under lång tid. Men jag tror att vi ska respektera att för väldigt många väljare är det nu processen börjar. Det är det svåra i den tid vi lever där så många står långt från partipolitiken och känner liten igenkänning i de politiska partierna. Det handlar om att nu söka s,"Fru talman! Låt mig allra först till Lars Ohly säga: Sluta kalla dig för kommunist. Det är en hopplös diskussion som du för. Begreppet är för alla oss förknippat med förtryck. Det har blod på sig. Det finns ingen som helst anledning för en modern politiker som säger sig var demokrat att förknippas med det begreppet. 
Dra strecket! Gör som andra so"
H109108-116,GS09115-6,0.93627,Göran Hägglund,KD,2014-05-07,https://data.riksdagen.se/anforande/H109108-116/html,Maud Olofsson,C,2005-04-29,https://data.riksdagen.se/anforande/GS09115-6/html,"Fru talman! Jag är glad över att jag har fått förtroendet att hyfsa och sammanfatta debatten till sist.
Jag tycker att debatten har visat ganska många viktiga saker som är skiljelinjer. Jag tycker att det Mikael Damberg sade om skatter inte riktigt håller, mot bakgrund av det jag läste upp: Socialdemokraterna öppnar upp för skatter på EU-nivå. Det","Herr talman! Den 1 maj 2004 kommer att skrivas in i historien som det datum då Europa inte längre var delat och då det europeiska samarbetet verkligen blev europeiskt. Medborgare från de gamla kommunistiska staterna fick äntligen gå med i en demokratisk union.
Glädjen över det förenade Europa solkas emellertid av det ovärdiga spel som föregick de "
GO09122-90,GP0952-60,0.93624,Lena Ek,C,2001-06-11,https://data.riksdagen.se/anforande/GO09122-90/html,Lotta N Hedström,MP,2002-01-16,https://data.riksdagen.se/anforande/GP0952-60/html,"Herr talman! Ärade ledamöter och åhörare! Det
senaste året har den svenska debatten präglats av
uppgiften att leda den europeiska unionen. Det är ett
stort och spännande uppdrag för oss alla, inte bara för
statsministern.
De stora internationella organisationerna har un-
der det senaste århundradet spelat en viktig roll för att
utveckla världen, oc","Fru talman, riksdagskolleger och alla ni som tittar
på TV eller lyssnar på radio! Politik handlar mycket
mer om att vilja och att kunna än att vara en allmän
TV-tyckare eller ha trevligt med etablissemanget.
Vi närmar oss ett riksdagsval, ett val som jag
hoppas ska handla om livskvalitet och värderingar
mer än plånboksfrågor och konsumtionsfrågor. "
GV09126-1,GU098-1,0.93617,Fredrik Reinfeldt,M,2008-06-11,https://data.riksdagen.se/anforande/GV09126-1/html,Göran Persson I Stjärnhov,S,2006-10-11,https://data.riksdagen.se/anforande/GU098-1/html,"Herr talman! Ärade riksdagsledamöter! Jag ska snart ge plats för en och annan dysterkvist som tänker sätta tänderna i regeringen, men först: 2-0! Vi har Zlatan. Nu känner vi att vi är bäst i världen igen. Sedan får vi se vad som händer på lördag. Härligt!
I övrigt pratas det sämre tider i Sverige. Vi påverkas också av oro och internationella priss","Herr talman! Ledamöter och kamrater! 24 dagar har gått sedan väljarna sade sitt. Sverige har fått en ny regering. Moderaterna fick vad de önskade, en regering med majoritet i riksdagen, med en stark dominans för högern. Det är närapå en enpartiregering.
Marginalerna blev små. Röstmässigt är det ingen majoritetsregering. Regeringen har endast 48 % "
H30951-72,H70920-1,0.93613,Åsa Romson,MP,2016-01-13,https://data.riksdagen.se/anforande/H30951-72/html,Stefan Löfven,S,2019-10-16,https://data.riksdagen.se/anforande/H70920-1/html,"Herr talman! I en värld full av utmaningar går Sverige in i 2016 som ett land som växer och blir starkare. Vi blir fler människor, vi har en stark utveckling av ekonomin och vi har en tillväxt i medborgerligt engagemang. Vi har sällan sett så mycket volontärarbete som under den gångna hösten och julhelgen. Det visar en kraft i det svenska samhället","Herr talman! Det är få svenskar som följer debatten i dag. Människor är fullt upptagna med jobbande, vabbande och pluggande, och det är precis så det ska vara. Människor lever sina liv, gör sin plikt, och de vet också att de kan kräva sin rätt. Det är en grundinställning som har byggt vårt land, ett land som vi är så stolta över.
Partiledardebatt
I"
HD0931-3,HD0931-2,0.9361,Magdalena Andersson,S,2025-11-12,https://data.riksdagen.se/anforande/HD0931-3/html,Ulf Kristersson,M,2025-11-12,https://data.riksdagen.se/anforande/HD0931-2/html,"Herr talman! 30 år har gått sedan Sverige blev medlem av Europeiska unionen. Det var en tid av framtidstro och framtidsoptimism, där världen utvecklades mot mer demokrati, mer frihandel och mer fred. Nu bevittnar vi något annat. 
Herr talman! I vår tid ser svenska folket ett fullskaligt krig på den europeiska kontinenten. Bomber fortsätter att fall","God morgon, herr talman! Europa, våra värderingar och vårt sätt att leva är värda att försvara. Vi har tillsammans och var och en för sig byggt några av världens allra bästa samhällen att leva i. Europa är som vi alla vet långt ifrån felfritt, men vi har sammantaget gjort mycket mer rätt än fel. Vi vet också att ingen av alla våra styrkor får tas f"
GL09122-46,GH09124-76,0.9361,Göran Persson,S,1998-06-10,https://data.riksdagen.se/anforande/GL09122-46/html,Gudrun Schyman,V,1994-06-11,https://data.riksdagen.se/anforande/GH09124-76/html,"Fru talman! Jag vill börja med att rikta ett tack till
riksdagen för ett gott samarbete under mandatperio-
den. Men också ett tack för de beslut ni har orkat
fatta. Ingen riksdag före er i modern tid har fattat
svårare beslut. Ingen riksdag i en tidigare situation har
haft ett sådant utgångsläge som ni hade 1994. Ni fick
inte misslyckas. Det fanns ","Herr talman! Vid regeringsbildningen i oktober
1991 basunerade Carl Bildt ut att han ledde den
mest kompetenta regering Sverige någonsin haft. I
regeringsförklaringen fanns slagordspolitiken satt
på pränt: valfrihetsrevolution, sänkta skatter och
ökad tillväxt. Sverige skulle bli en företagarnation.

Röda spöken var fackföreningsrörelsen, fackliga
"
GN0912-32,GM0910-6,0.93604,Lennart Daléus,C,1999-10-13,https://data.riksdagen.se/anforande/GN0912-32/html,Birger Schlaug,MP,1998-10-29,https://data.riksdagen.se/anforande/GM0910-6/html,"Fru talman! Birger Schlaug gör som vanligt så att
han trivialiserar och förenklar, nästan fördummar,
miljödebatten när han slänger ur sig frågor av det slag
han gjorde tidigare till Alf Svensson: Vad tänker du
göra med bromerade flamskyddsmedel? Om Birger
Schlaug ska driva en miljödebatt måste den ske på ett
lite seriösare sätt.
Det är så, fru talm","Herr talman! Alla ni som sitter på läktaren! Alla
ni som lyssnar på radio och ser på TV!
Vi ser hur en ny politisk våg går över flera länder
i Europa. Glädjande är att nyliberalismens tid verkar
vara förbi, och den är saknad av få. I bl.a. Tyskland
och Frankrike har ett rödgrönt samarbete utvecklats.
Här i Sverige har ett samarbete utvecklats mella"
H2098-48,H70920-1,0.93603,Åsa Romson,MP,2014-10-08,https://data.riksdagen.se/anforande/H2098-48/html,Stefan Löfven,S,2019-10-16,https://data.riksdagen.se/anforande/H70920-1/html,"Herr talman! Ledamöter av Sveriges riksdag! Sverige har röstat fram en ny inriktning för Sverige och en ny regering - en regering som tydligt pekar på att Sverige kan bättre. Vi är alla väldigt stolta över vårt land och möjligheterna här i Sverige, men vi är också många som ser att dessa möjligheter kan utnyttjas så mycket bättre.
Vi i Sverige måst","Herr talman! Det är få svenskar som följer debatten i dag. Människor är fullt upptagna med jobbande, vabbande och pluggande, och det är precis så det ska vara. Människor lever sina liv, gör sin plikt, och de vet också att de kan kräva sin rätt. Det är en grundinställning som har byggt vårt land, ett land som vi är så stolta över.
Partiledardebatt
I"
GU098-55,GS09140-1,0.93596,Maud Olofsson,C,2006-10-11,https://data.riksdagen.se/anforande/GU098-55/html,Fredrik Reinfeldt,M,2005-06-15,https://data.riksdagen.se/anforande/GS09140-1/html,"Fru talman! Väljarna har varit väldigt tydliga i årets val. De har valt bort vänsterkartellen. Förklaringen är enkel: De kunde inte leverera en politik för fler jobb. Människorna genomskådade att de inte hade någon politik för fler jobb.
De har valt Allians för Sverige, och de har förstärkt Centerpartiet i alliansen för Sverige. Centerpartiet gick","Herr talman! Det europeiska samarbetet står inför stora utmaningar och legitima frågor om dess folkliga förankring.
Nu på morgonen har vi fått besked om att det som kanske kommer att bli den verkliga förhandlingsfrågan gäller den kommande budgeten, och där är det viktigt att vi ger tydliga besked. Om Storbritannien inte kan tänka sig att ändra på "
GU098-55,GX09138-1,0.93592,Maud Olofsson,C,2006-10-11,https://data.riksdagen.se/anforande/GU098-55/html,Fredrik Reinfeldt,M,2010-06-16,https://data.riksdagen.se/anforande/GX09138-1/html,"Fru talman! Väljarna har varit väldigt tydliga i årets val. De har valt bort vänsterkartellen. Förklaringen är enkel: De kunde inte leverera en politik för fler jobb. Människorna genomskådade att de inte hade någon politik för fler jobb.
De har valt Allians för Sverige, och de har förstärkt Centerpartiet i alliansen för Sverige. Centerpartiet gick","Herr talman! Ärade ledamöter! Svenska folket ska fatta ett viktigt beslut den 19 september. Det är ett viktigt beslut för alla svenskar och ett viktigt vägval för Sverige. Vilken väg in i framtiden ska vi välja för vårt fina land? Valet står mellan två tydliga regeringsalternativ, den allians som nu regerat Sverige i fyra och det rödgröna samarbete"
GR0913-61,GJ09110-2,0.93589,Göran Persson,S,2003-10-15,https://data.riksdagen.se/anforande/GR0913-61/html,Olof Johansson,C,1996-06-12,https://data.riksdagen.se/anforande/GJ09110-2/html,"Herr talman! Jag ska ta upp tre saker i mitt anförande: EU-frågorna, den kommunala skatteutjämningen och inbjudan till tillväxtsamtal.
Först EU-frågorna. Det är svårt att hantera dessa frågor utan att arbetet förmörkas av mordet på vår förra utrikesminister Anna Lindh. Saknaden efter Anna är ännu stor och tung att bära. Ändå måste vi försöka att h","Herr talman! Sverige är mitt uppe i en period av
smärtsam ekonomisk sanering av de offentliga finan-
serna. Den uppgiften är inte slutförd. Andra stora
uppgifter väntar. Det handlar om att trygga välfärden.
Det handlar om att skapa förutsättningar för nya jobb
och att återskapa framtidstron i samhället. Det handlar
om att förbättra företagsklimatet"
H00911-69,H209113-26,0.93588,Jan Björklund,L,2012-10-17,https://data.riksdagen.se/anforande/H00911-69/html,Anna Kinberg Batra,M,2015-06-10,https://data.riksdagen.se/anforande/H209113-26/html,"Fru talman! I en europeisk jämförelse står Sverige starkt. När jag de senaste veckorna har mött mina europeiska kolleger i ministerråden för utbildning och forskning har de varit väldigt bekymrade kolleger jag mött. Många av dem, nästan huvuddelen, står inför stora nedskärningar och besparingar inom skolväsen, forskning och utbildning, sådant som d","Herr talman! I förrgår avslutades det så kallade G7-mötet i Elmau i Tyskland. Det finns flera intressanta saker att se i slutsatserna, bland annat om vikten av återhämtning i världsekonomin och bättre villkor för kvinnors jobb och företagande runt om i världen. Men en av de viktigare slutsatserna var det gemensamma löftet att arbeta för att begräns"
GR0913-40,GJ093-47,0.93585,Ingrid Burman,V,2003-10-15,https://data.riksdagen.se/anforande/GR0913-40/html,Ingvar Carlsson,S,1995-10-04,https://data.riksdagen.se/anforande/GJ093-47/html,Talman! Det här är den första partiledardebatten efter folkomröstningen om ett medlemskap i EMU. Det blev ju en klar majoritet för ett nej. Folket röstade nej till att överföra mera makt till EU. Man röstade för att behålla ränte- och penningpolitiken i Sverige. Man röstade för en demokrati som innebär att folket i demokratiska val kan avsätta de p,"Herr talman! Det är intressant att höra angreppen
på det socialdemokratiska partiet från såväl högern
som från Vänsterpartiet och med den emfas som de
framförs.

Moderaterna vill öka inkomstklyftorna, försämra
arbetsrätten och rasera välfärden. Så sent som för
några månader sedan skåpade de ut den ekonomiska
politiken och konvergensprogrammet. Vår "
GM09105-1,GM09105-3,0.93583,Göran Persson,S,1999-06-02,https://data.riksdagen.se/anforande/GM09105-1/html,Gudrun Schyman,V,1999-06-02,https://data.riksdagen.se/anforande/GM09105-3/html,"Herr talman! Snart kommer det att sättas punkt för
uppdelningen av Europa i öst och väst. Snart kommer
EU att ha kanske ända upp till 25 medlemsstater. Det
handlar om många länder som för några år sedan satt
fast i det kommunistiska förtrycket och som bara
kunde drömma om frihet och möjlighet att ge en
uppväxande generation trygghet och utvecklings","Herr talman! Jag undrar ibland om man i de parti-
er som talat före mig är medveten om att nästan hälf-
ten av de röstberättigade i Sverige faktiskt sade nej
när vi hade folkomröstning om svenskt inträde i den
europeiska unionen. Jag tror inte att alla vi som gjor-
de det på något sätt är emot internationellt samarbete.
Jag tror inte att alla vi ka"
GM09111-28,GK0953-36,0.93581,Lennart Daléus,C,1999-06-16,https://data.riksdagen.se/anforande/GM09111-28/html,Göran Persson,S,1997-01-22,https://data.riksdagen.se/anforande/GK0953-36/html,"Herr talman! ""Systemet är stängt vecka 26."" Så
står det i ett elektroniskt meddelande från riksdagens
duktiga dataenhet. Det man syftar på är datasystemet
som kommer att ligga nere. Servrarna skall bytas ut,
de är gamla, de har inte rätt kapacitet. Jag tror att det
är bra att servrarna i riksdagen byts ut. Det är bra att
vi har en modern IT-utrustn","Herr talman! Så har vi då lyssnat på alla goda råd
om vad regeringen bör göra. När man tar till sig in-
trycken är det ingen hejd på goda förslag; mer av allt,
och dessutom lägre skatter! Regeringens otacksamma
uppgift har varit att städa upp efter en sådan politik.
När man hör en av dem som kanske mer än andra var
ansvarig för detta, Alf Svensson,"
H40952-9,GQ09122-1,0.93581,Stefan Löfven,S,2017-01-11,https://data.riksdagen.se/anforande/H40952-9/html,Bo Lundgren,M,2003-06-13,https://data.riksdagen.se/anforande/GQ09122-1/html,"STYLEREF Kantrubrik \* MERGEFORMAT Partiledardebatt
Herr talman! Vi har nu hört oppositionen beskriva en rad utmaningar som Sverige står inför: arbetslösheten, segregation, klyftor, välfärden. Om allt detta är vi överens, för under alltför många år i Sverige tilläts klyftorna öka. Mot detta gjorde den dåvarande borgerliga regeringen ingenting. Tvär","Herr talman! Sverige är de förlorade möjligheter-
nas land.
För någon vecka sedan meddelade EU-
kommissionen att elva av de 15 medlemsländerna nu
har högre välstånd än Sverige. I förrgår kom ytterli-
gare en bekräftelse. Tidskriften The Economist på-
minde om att Sverige i dag är det fattigaste landet i
Norden.
För bara trettio år sedan var det tvä"
GT0957-48,GL09122-26,0.93579,Göran Hägglund,KD,2006-01-18,https://data.riksdagen.se/anforande/GT0957-48/html,Lars Leijonborg,L,1998-06-10,https://data.riksdagen.se/anforande/GL09122-26/html,"Herr talman! Det närmar sig valet, som det har sagts flera gånger tidigare. Ett budskap som vi kommer att få höra många gånger om är att alla ska med. Så enkelt är det. Det är det budskap som Socialdemokraterna kommer att trumma in under valrörelsen. Frågan är då hur det PR-konsultade budskapet fungerar gentemot den verklighet vi människor lever i.","Herr talman! Det är dags för bokslut Persson, en
summering av de fyra år socialdemokraterna har suttit
vid makten och Göran Persson varit finansminister
och statsminister.
Det finns naturligtvis en plussida i det här bokslu-
tet, även om den listan inte blivit så väldigt lång vid
min genomgång. Det kan ändå vara trevligt att börja
med det positiva."
H20945-93,GZ0915-44,0.93579,Annie Lööf,C,2015-01-14,https://data.riksdagen.se/anforande/H20945-93/html,Åsa Romson,MP,2011-10-12,https://data.riksdagen.se/anforande/GZ0915-44/html,"Herr talman! Jag vill börja med att hälsa Moderaternas nya partiledare Anna Kinberg Batra välkommen till debatten.
Vi har just lämnat ett intensivt och händelserikt år bakom oss, både på den internationella arenan och i Sverige. Den ryska aggressionen har stegrats påtagligt det senaste året. Det är krig i världen. Miljontals människor befinner sig ","Herr talman! Det är nu dags att städa upp i trädgården och att hämta hem sättlökarna inför vårens blomsterrabatter, lökar som man ska mata med ljus och jord när de ska börja gro. Den som inte planerar för framtiden, som inte ser våren som ska komma, har inget att skörda.
Vi beslutsfattare i Sverige skulle också behöva titta in i framtiden. Vi skul"
H20945-93,H2098-48,0.93572,Annie Lööf,C,2015-01-14,https://data.riksdagen.se/anforande/H20945-93/html,Åsa Romson,MP,2014-10-08,https://data.riksdagen.se/anforande/H2098-48/html,"Herr talman! Jag vill börja med att hälsa Moderaternas nya partiledare Anna Kinberg Batra välkommen till debatten.
Vi har just lämnat ett intensivt och händelserikt år bakom oss, både på den internationella arenan och i Sverige. Den ryska aggressionen har stegrats påtagligt det senaste året. Det är krig i världen. Miljontals människor befinner sig ","Herr talman! Ledamöter av Sveriges riksdag! Sverige har röstat fram en ny inriktning för Sverige och en ny regering - en regering som tydligt pekar på att Sverige kan bättre. Vi är alla väldigt stolta över vårt land och möjligheterna här i Sverige, men vi är också många som ser att dessa möjligheter kan utnyttjas så mycket bättre.
Vi i Sverige måst"
GV0952-14,GY09116-108,0.93564,Mona Sahlin,S,2008-01-16,https://data.riksdagen.se/anforande/GV0952-14/html,Lars Ohly,V,2011-06-15,https://data.riksdagen.se/anforande/GY09116-108/html,"Herr talman! Ett nytt år har börjat. Det är ett år som vi socialdemokrater hade velat använda för att bygga Sverige starkare, för jobb, miljö, välfärd och rättvisa. Det är ett år som skulle kunna innebära stora möjligheter att ta nya steg för det moderna, kunskapsdrivna och jämställda välfärdslandet Sverige.
Bakom oss ligger vad som i nyårskröniko","Fru talman! Vården har kommit i centrum för den politiska debatten under våren. Det beror väl inte enbart på att Vänsterpartiet driver kampanjen för världens bästa vård utan privata vinster, men det har lett till att vi har varit ute och träffat mängder av företrädare för personal, anhörigföreningar, patientföreningar och människor som är beroende "
GR0955-54,GK0912-43,0.93558,Ingrid Burman,V,2004-01-21,https://data.riksdagen.se/anforande/GR0955-54/html,Göran Persson,S,1996-10-09,https://data.riksdagen.se/anforande/GK0912-43/html,"Fru talman! Det är en prioriterad fråga för Vänsterpartiet att arbeta mot och bekämpa arbetslösheten. Vi ska nå det 80-procentiga målet med sysselsatta. Vi har ju också haft den så kallade juluppgörelsen, som innebar att vi ska stimulera tillväxten. Det handlar delvis om arbetsmarknadspolitiska insatser. Mycket av detta är riktat till kommuner och ","Herr talman! Vi har nu en debatt som skall spegla
det alternativ som ställs mot regeringens förslag - ett
regeringsförslag som i huvudsak stöds av Centerpar-
tiet.
Jag måste säga att när man lyssnar på debatten är
det inte en samlad bild man får, utan här ifrån talarsto-
len pläderar numera varje parti för sina egna hjärte-
frågor, obekymrade om hu"
GM09105-1,H109108-85,0.93557,Göran Persson,S,1999-06-02,https://data.riksdagen.se/anforande/GM09105-1/html,Annie Lööf,C,2014-05-07,https://data.riksdagen.se/anforande/H109108-85/html,"Herr talman! Snart kommer det att sättas punkt för
uppdelningen av Europa i öst och väst. Snart kommer
EU att ha kanske ända upp till 25 medlemsstater. Det
handlar om många länder som för några år sedan satt
fast i det kommunistiska förtrycket och som bara
kunde drömma om frihet och möjlighet att ge en
uppväxande generation trygghet och utvecklings","Fru talman! Europa är demokratins vagga. Men det är också platsen som har sett två världskrig och födelsen av tre totalitära ideologier - kommunism, fascism och nazism. EU:s 28 medlemsländer är levande bevis på att det är handel, öppenhet och samarbete som är ofrihetens värsta fiende. Sedan 70-talets mitt har länder som Spanien, Grekland, Tyskland,"
GT09142-58,GZ0957-104,0.93553,Maud Olofsson,C,2006-06-15,https://data.riksdagen.se/anforande/GT09142-58/html,Jonas Sjöstedt,V,2012-01-18,https://data.riksdagen.se/anforande/GZ0957-104/html,"Herr talman! Det går bra för Sverige, säger statsministern. Och visst befinner vi oss i en högkonjunktur som enligt alla bedömare är på väg att ta slut och som är av sällan skådat slag. Naturligtvis tycker vi att det är bra att hjulen snurrar för många svenska storföretag. Det är väldigt bra. Samtidigt är det som statsministern säger ett slag i ans","Fru talman! Jag tycker att debatten har gett en ganska god bild av den svenska politiken. På den ena sidan har vi en regering som är väldigt nöjd, inte minst med sig själv, och tycker att det går bra. Man hanterar de stora frågorna och det går framåt för Sverige. Man föreslår egentligen inga större samhällsförändringar eller reformer på något områd"
GN0912-23,GP09125-38,0.93552,Alf Svensson,KD,1999-10-13,https://data.riksdagen.se/anforande/GN0912-23/html,Lena Ek,C,2002-06-14,https://data.riksdagen.se/anforande/GP09125-38/html,"Fru talman! Det mest iögonfallande i årets bud-
getproposition är enligt mångas uppfattning att rege-
ringen sänker skatter. Finansministern, förmodligen
styrd av statsministern, slår fast att nu handlar det om
""skatter för jobb och rättvisa"" och om en
""skattepolitik för fortsatt tillväxt och uthållig väl-
färd"".
Helt plötsligt - simsalabim, skulle","Fru talman! Ärade ledamöter! Ärade åhörare! Nu
är det examensdags igen. Nu ska den förda politiken
under de senaste fyra åren prövas, och nu ska alterna-
tiven vägas mot varandra.
Vi har en bild av skönmålning och upprepning av
en del goda resultat men också av en del förskräckligt
dåliga resultat. Vi har en ohälsa som i kostnad ökar
med 25 miljone"
H30951-93,H30913-1,0.9355,Anders W Jonsson,C,2016-01-13,https://data.riksdagen.se/anforande/H30951-93/html,Anna Kinberg Batra,M,2015-10-14,https://data.riksdagen.se/anforande/H30913-1/html,"Herr talman! För 13 dagar sedan ringde nyårsklockorna över Sverige. De ringde för ett land som har att hantera fler asylsökande än någonsin tidigare. Klockorna ringde för ett land som har fått omvärdera hotet från terrorism och extremism efter allvarliga händelser i vår omvärld. De ringde för ett land som drabbats av otrygghet, mordbränder, våld oc","Partiledardebatt
Herr talman, ledamöter och åhörare! Sverige är på väg åt fel håll. Vi ser hur sjuktalen ökar. Vi ser hur allt fler människor fastnar i utanförskap där unga utan utbildning och utrikes födda har för svårt att få det första jobbet. Vi ser grova våldsbrott och kriminella uppgörelser mitt i våra städer. Vi ser hur Rysslands aggressione"
GQ0944-1,GQ09122-56,0.9355,Göran Persson,S,2003-01-22,https://data.riksdagen.se/anforande/GQ0944-1/html,Peter Eriksson,MP,2003-06-13,https://data.riksdagen.se/anforande/GQ09122-56/html,"Herr talman och riksdagsledamöter! Välkomna
åter! I dag genomförs årets första partiledardebatt i
Sveriges riksdag. Alf Svensson inleder därmed också
sin 31:a säsong som partiledare - vår stora respekt för
detta.
Samtidigt, på andra platser i vårt land, sker andra
saker.
I Halmstad lämnas treåriga Elin på dagis av pappa
som går till jobbet på verks","Herr talman! Miljöpartiets utgångspunkt i politi-
ken handlar om att bygga ett långsiktigt uthålligt
samhälle. Den gröna visionen handlar om att vi måste
förändra ganska mycket för att skapa en trygghet, en
välfärd, ett bra samhälle för våra barn och för våra
barnbarn. Däri ligger också ett ekonomiskt ansvar.
Det är skälet till att vi jobbar så int"
GR09121-40,GO09122-90,0.93547,Göran Hägglund,KD,2004-05-25,https://data.riksdagen.se/anforande/GR09121-40/html,Lena Ek,C,2001-06-11,https://data.riksdagen.se/anforande/GO09122-90/html,"Herr talman! Sommaren står för dörren. Turisterna har börjat anlända. Men var är de sociala turisterna som statsministern varnat för? Deras säsong kanske är senarelagd. 
Men, vilket är bäst att säga, jag har respekt för frågan om så kallade övergångsregler. Också vi kristdemokrater har diskuterat den. Men jag är glad över att tillhöra ett parti so","Herr talman! Ärade ledamöter och åhörare! Det
senaste året har den svenska debatten präglats av
uppgiften att leda den europeiska unionen. Det är ett
stort och spännande uppdrag för oss alla, inte bara för
statsministern.
De stora internationella organisationerna har un-
der det senaste århundradet spelat en viktig roll för att
utveckla världen, oc"
GZ09129-103,GZ0915-27,0.93543,Jonas Sjöstedt,V,2012-06-13,https://data.riksdagen.se/anforande/GZ09129-103/html,Fredrik Reinfeldt,M,2011-10-12,https://data.riksdagen.se/anforande/GZ0915-27/html,Fru talman! Åhörare! Bästa regering! Den ekonomiska krisen håller stora delar av Europa i ett järngrepp. Miljoner unga som hoppades på en bra framtid blir arbetslösa och fattiga. Lönerna sänks för dem som redan tjänade dåligt. Den lilla välfärd som byggdes upp på många håll monteras nu ned snabbt. På diktat av Europeiska unionen angrips fackliga rä,"Herr talman! Europa håller andan. Europa håller andan därför att de politiska och ekonomiska frågorna om hur den kris som finns i delar av vår kontinent ska lösas ännu inte har fått sina svar. Europa håller andan därför att många av Europas befolkningar är oroliga i ett läge där statsfinanser inte håller ihop, där arbetslöshet växer och där stora s"
H60944-111,HC0929-2,0.9354,Jan Björklund,L,2019-01-30,https://data.riksdagen.se/anforande/H60944-111/html,Ulf Kristersson,M,2024-11-13,https://data.riksdagen.se/anforande/HC0929-2/html,"Fru talman! De vägval Europa står inför är några av de mest avgörande i vår tid. Detta samarbete har byggts upp under årtionden för att trygga fred, frihet och demokrati i vår del av världen. Det har lett till att Sydeuropas fascistiska diktaturer demokratiserats. Det ledde också till att Östeuropas kommunistiska diktaturer demokratiserades. Männis","Herr talman! Vi lever i allvarstider - kriget mot Ukraina, lågkonjunkturen efter hög inflation, stor osäkerhet i viktiga länder. I det omvärldsläget vänder sig många länder inåt. Men vi har de senaste 30 åren lärt oss att ensam inte är stark. Det är tvärtom mer samarbete som bygger ett starkare och mer motståndskraftigt Europa.
För exakt 30 år seda"
GJ0944-48,GP09125-38,0.93537,Alf Svensson,KD,1996-01-24,https://data.riksdagen.se/anforande/GJ0944-48/html,Lena Ek,C,2002-06-14,https://data.riksdagen.se/anforande/GP09125-38/html,"Herr talman! De senaste veckorna har onekligen
flyktingpolitiken varit i rampljuset. Jag vill gärna ha
sagt att jag inte för ett ögonblick tror att Ingvar Carls-
son och Leif Blomberg vill stryka främlingsfientliga
stämningar medhårs. Jag tycker att det är billigt att
hojta om Blombergs avgång. Jag skulle vilja vädja till
alla att göra gemensam sak","Fru talman! Ärade ledamöter! Ärade åhörare! Nu
är det examensdags igen. Nu ska den förda politiken
under de senaste fyra åren prövas, och nu ska alterna-
tiven vägas mot varandra.
Vi har en bild av skönmålning och upprepning av
en del goda resultat men också av en del förskräckligt
dåliga resultat. Vi har en ohälsa som i kostnad ökar
med 25 miljone"
H109128-121,GJ09110-2,0.93534,Göran Hägglund,KD,2014-06-18,https://data.riksdagen.se/anforande/H109128-121/html,Olof Johansson,C,1996-06-12,https://data.riksdagen.se/anforande/GJ09110-2/html,"Herr talman! Det har fallit på min lott att summera och runda av mandatperiodens sista partiledardebatt. Jag tackar för det förtroendet.
Sverige går till val om mindre än tre månader. Ibland hör man människor säga att det inte spelar någon roll hur man röstar, men det gör det förstås. Det spelar en roll, och det kommande valet är ett verkligt vikt","Herr talman! Sverige är mitt uppe i en period av
smärtsam ekonomisk sanering av de offentliga finan-
serna. Den uppgiften är inte slutförd. Andra stora
uppgifter väntar. Det handlar om att trygga välfärden.
Det handlar om att skapa förutsättningar för nya jobb
och att återskapa framtidstron i samhället. Det handlar
om att förbättra företagsklimatet"
GW0956-57,GK0912-43,0.93532,Göran Hägglund,KD,2009-01-14,https://data.riksdagen.se/anforande/GW0956-57/html,Göran Persson,S,1996-10-09,https://data.riksdagen.se/anforande/GK0912-43/html,"Fru talman! Det går naturligtvis inte att delta i en sådan här debatt utan att påminna sig om den tragedi som just nu utspelar sig i Gaza och i Israel.
Sorgen och förtvivlan över det som skett och sker är bortom ord. En sak kan man i alla fall konstatera: Det räcker nu.
Israelerna har efter att i åratal utsatts för bombardemang från Hamas i Gaza ","Herr talman! Vi har nu en debatt som skall spegla
det alternativ som ställs mot regeringens förslag - ett
regeringsförslag som i huvudsak stöds av Centerpar-
tiet.
Jag måste säga att när man lyssnar på debatten är
det inte en samlad bild man får, utan här ifrån talarsto-
len pläderar numera varje parti för sina egna hjärte-
frågor, obekymrade om hu"
GX0913-53,GU098-1,0.93532,Göran Hägglund,KD,2009-10-14,https://data.riksdagen.se/anforande/GX0913-53/html,Göran Persson I Stjärnhov,S,2006-10-11,https://data.riksdagen.se/anforande/GU098-1/html,"Herr talman! Den här debatten förs i skuggan av en finanskris och de konsekvenser som den har fått över hela världen, också naturligtvis för Sverige som ett litet och tungt exportberoende land. Det här spelar en dramatisk roll för svenska företags möjligheter att sälja sina produkter i omvärlden. Det spelar i sin tur en stor roll för hur många männ","Herr talman! Ledamöter och kamrater! 24 dagar har gått sedan väljarna sade sitt. Sverige har fått en ny regering. Moderaterna fick vad de önskade, en regering med majoritet i riksdagen, med en stark dominans för högern. Det är närapå en enpartiregering.
Marginalerna blev små. Röstmässigt är det ingen majoritetsregering. Regeringen har endast 48 % "
GX09138-14,GX09138-1,0.9353,Mona Sahlin,S,2010-06-16,https://data.riksdagen.se/anforande/GX09138-14/html,Fredrik Reinfeldt,M,2010-06-16,https://data.riksdagen.se/anforande/GX09138-1/html,"Herr talman! Sverige är unikt och Sverige är fantastiskt, inte bara för de ljusa sommarnätterna eller 
Idas sommarvisa
 utan framför allt för att Sverige är ett välfärdsland för alla. Vår svenska modell är känd inte bara här hemma utan runt om i världen. Grunden för välfärdens finansiering heter arbete åt alla och sunda statsfinanser. Där finns i","Herr talman! Ärade ledamöter! Svenska folket ska fatta ett viktigt beslut den 19 september. Det är ett viktigt beslut för alla svenskar och ett viktigt vägval för Sverige. Vilken väg in i framtiden ska vi välja för vårt fina land? Valet står mellan två tydliga regeringsalternativ, den allians som nu regerat Sverige i fyra och det rödgröna samarbete"
H60988-3,H70931-1,0.9353,Ulf Kristersson,M,2019-05-08,https://data.riksdagen.se/anforande/H60988-3/html,Stefan Löfven,S,2019-11-13,https://data.riksdagen.se/anforande/H70931-1/html,"Herr talman! Den 26 maj går Sverige för sjätte gången till Europaparlamentsval. Det har hänt en del sedan 1995. Nej och nja till EU blev till slut ja, och Sverige är i dag ett av de länder där stödet för medlemskapet är som störst. Det märks även här inne. 
Vi som har varit med ett tag minns att nej-partierna gång på gång gick till val på att Sveri","Herr talman! I lördags var det precis 30 år sedan Berlinmuren föll. Järnridån och kallt krig gav vika, och i stället växte ett ökat samarbete i Europa fram - ett historiskt samarbete. Och just i dag för 25 år sedan gick svenskar till vallokaler över hela landet i en folkomröstning om EU-medlemskap. Inför den omröstningen var Sverige ett land av deb"
HB09119-2,HA0921-2,0.93528,Ulf Kristersson,M,2024-05-22,https://data.riksdagen.se/anforande/HB09119-2/html,Magdalena Andersson,S,2022-11-16,https://data.riksdagen.se/anforande/HA0921-2/html,"Herr talman! Moderaterna är samlingspartiet i svensk politik. Vi är partiet som får saker gjorda.
Jag är här i dag för att tala om kriget, klimatet, konkurrenskraften och kriminaliteten och för att tala om hur vi på europeisk nivå skulle kunna samarbeta mer för Sveriges bästa. Vi tycker olika i många sakfrågor, men alla som väljs till EU-parlamente","Herr talman! I går tvingades Ukrainas folk ännu en gång söka sig till skyddsrummen. Återigen har bomber fallit. Infrastruktur har återigen slagits ut, och miljontals ukrainare förlorade inte bara elförsörjning och värme till sina hus utan mötte ytterligare död och förstörelse. Gårdagens omfattande bombningar runt om i Ukraina visar Rysslands hänsyn"
H50915-4,GK0953-24,0.93527,Jimmie Åkesson,SD,2017-10-11,https://data.riksdagen.se/anforande/H50915-4/html,Lars Leijonborg,L,1997-01-22,https://data.riksdagen.se/anforande/GK0953-24/html,"Herr talman! Det går bra för Sverige, heter det. Ekonomin går på högvarv. Allt annat vore väl ganska konstigt med tanke på att vi faktiskt befinner oss mitt i brinnande högkonjunktur. Ändå finns det, menar jag, anledning att se med oro på framtiden.
Regeringen eldar på finanserna med det fetaste valfläsk i ett läge där man kanske i högre grad borde","Fru talman! Låt oss återvända till Volvo Aero i
Arboga ett ögonblick. Vi har sett intervjuerna med de
drabbade familjerna. 650 personer har drabbats av
uppsägning. Tänk er att vi får en sådan jättesmäll på
arbetsmarknaden varje vecka i ett helt år. Det skulle
bli mellan 30 000 och 40 000 människor. Men faktum
är att arbetslösheten ökade så mycket u"
H009121-18,H209113-26,0.93527,Mikael Damberg,S,2013-06-12,https://data.riksdagen.se/anforande/H009121-18/html,Anna Kinberg Batra,M,2015-06-10,https://data.riksdagen.se/anforande/H209113-26/html,"Herr talman! Jag älskar den här tiden på året, inte bara för att vädret är vackert och Sverige är klätt i grönska utan för att den här tiden är fylld av så mycket förväntan och framtidstro. Jag ser det på mina egna barn. De ser fram emot skolavslutningen i morgon. 
Extra speciellt är det kanske för de 100 000 gymnasister som firar studenten i dess","Herr talman! I förrgår avslutades det så kallade G7-mötet i Elmau i Tyskland. Det finns flera intressanta saker att se i slutsatserna, bland annat om vikten av återhämtning i världsekonomin och bättre villkor för kvinnors jobb och företagande runt om i världen. Men en av de viktigare slutsatserna var det gemensamma löftet att arbeta för att begräns"
H50915-3,GZ0915-99,0.93526,Ulf Kristersson,M,2017-10-11,https://data.riksdagen.se/anforande/H50915-3/html,Jimmie Åkesson,SD,2011-10-12,https://data.riksdagen.se/anforande/GZ0915-99/html,"Herr talman! Om ett år är det val i Sverige, och jag tror att vi fram till dess måste kunna hålla två tankar i huvudet samtidigt. För det första finns det sådant i vårt land som är så bra att det bara inte får förstöras: tilliten till människor man inte redan känner, jämställdheten mellan män och kvinnor, jämlikheten mellan människor, trots olika b","Herr talman! Det är ganska precis ett år sedan som Sverigedemokraterna kom in i riksdagen. Jag har under de tre partiledardebatter som jag hittills deltagit i kanske i första hand fokuserat på andra frågor än de som vi normalt mest förknippas med. Nu tycker jag att det är dags att på allvar lyfta fram den stora ödesfråga som vi står inför, nämligen"
H70920-2,GY0943-18,0.93525,Ulf Kristersson,M,2019-10-16,https://data.riksdagen.se/anforande/H70920-2/html,Mona Sahlin,S,2011-01-19,https://data.riksdagen.se/anforande/GY0943-18/html,"Herr talman! Sverige är ett fantastiskt land. Det är inte riktigt som alla andra, och tur är det. Vi har länge varit ett litet land med stora framgångar.
Jag tänker på den unika svenska jämlikheten och tilliten, att en ann är så god som en ann och att vart man är på väg betyder så mycket mer än var man kommer ifrån. Det är en god grund för social r","Herr talman! Detta är min sista partiledardebatt. I dag liksom så ofta vill jag att den ska handla om det allra viktigaste, och det är jobben, själva förutsättningen för både tillväxt och jämlikhet - rätten till arbete, plikten att arbeta och möjligheten att bygga en solidarisk välfärd med arbete. 
Jag tänker opponera i dag, inte för att jag är dy"
H00911-31,GY099-60,0.93524,Fredrik Reinfeldt,M,2012-10-17,https://data.riksdagen.se/anforande/H00911-31/html,Jan Björklund,L,2010-11-03,https://data.riksdagen.se/anforande/GY099-60/html,"Herr talman! Ärade ledamöter! Varsel och oro präglar Sverige hösten 2012. Förändringen knackar på vår dörr. Vi ska vara helt ärliga och säga att förändring är någonting vi inte alltid trivs med, åtminstone inte tills vi vet vart den leder. Därför är många nu oroade för ett Sverige som förändras och jobb som hotas.
Det är viktigt att förstå var de ","Herr talman! Vi ser nu ljuset i tunneln. Kurvorna pekar uppåt. Medan många andra länder nu kommer att få kämpa med nedskärningar i sin välfärd och med högre skatter kan Sverige gå in i en fas där vi planerar för motsatsen. Sverige går ur den ekonomiska krisen som den kanske starkaste ekonomin i hela Europa.
Lika klart som det är att vi på kort sik"
GL09122-26,GJ09110-7,0.93522,Lars Leijonborg,L,1998-06-10,https://data.riksdagen.se/anforande/GL09122-26/html,Göran Persson,S,1996-06-12,https://data.riksdagen.se/anforande/GJ09110-7/html,"Herr talman! Det är dags för bokslut Persson, en
summering av de fyra år socialdemokraterna har suttit
vid makten och Göran Persson varit finansminister
och statsminister.
Det finns naturligtvis en plussida i det här bokslu-
tet, även om den listan inte blivit så väldigt lång vid
min genomgång. Det kan ändå vara trevligt att börja
med det positiva.","Herr talman! Jag hade egentligen planerat att hålla
ett annat anförande än det jag nu skall hålla. Det beror
på att vi har fått bevittna ett sådant totalt sönderfall
och en så total brist på reaktion från de partiers sida
som står utanför den uppgörelse som presenterades i
går om hur vi skall pressa tillbaka den öppna arbets-
lösheten.

Jag har lys"
GR0913-1,GJ0976-3,0.93522,Bo Lundgren,M,2003-10-15,https://data.riksdagen.se/anforande/GR0913-1/html,Lars Leijonborg,L,1996-03-27,https://data.riksdagen.se/anforande/GJ0976-3/html,"Herr talman! Jag har haft förmånen att få företräda de moderata idéerna i riksdagen i nästan 30 år. Det är med stor glädje jag har deltagit i debatterna i utskott och kammare. Men det har också funnits stunder av djup förstämning, senast när Anna Lindh så tragiskt rycktes bort.
De senaste decennierna har varit en tid av omvälvande förändringar i S","Fru talman! Överallt stöter man på arbetslösheten.
Jag har släktingar som är arbetslösa. Jag har goda
vänner som är arbetslösa. När jag är på folkpartimö-
ten träffar jag arbetslösa. När jag är ute och reser
träffar jag arbetslösa. Jag kan inte minnas att vi nå-
gonsin varit i denna situation.

Varje arbetslös har naturligtvis sin egen historia.
En"
GK0953-33,GQ09122-57,0.93511,Gudrun Schyman,V,1997-01-22,https://data.riksdagen.se/anforande/GK0953-33/html,Göran Persson,S,2003-06-13,https://data.riksdagen.se/anforande/GQ09122-57/html,"Fru talman! Jag tänkte ta min utgångspunkt i det
faktum att vi kommit drygt halvvägs på den här man-
datperioden. Vi har ungefär lika mycket tid kvar till
nästa val som vi har förbrukat. Då kan det vara intres-
sant att göra någon form av summering av vad som
hänt och kanske ännu mer av vad som inte hänt.
Det finns en del saker som gör i alla fall ","Herr talman! Svaret, Peter Eriksson, är att vi byg-
ger EU starkare. Peter Eriksson ondgör sig över
USA:s totala dominans. Vi har en stor politisk orga-
nisation där vi själva är medlemmar, sitter vid bordet,
kan påverka besluten, som står för progressiva idéer
och för den typ av värderingar som vi har - Europeis-
ka unionen. Det är den vi ska anvä"
GL0953-23,GW0956-14,0.93506,Lars Leijonborg,L,1998-01-21,https://data.riksdagen.se/anforande/GL0953-23/html,Mona Sahlin,S,2009-01-14,https://data.riksdagen.se/anforande/GW0956-14/html,"Fru talman! Många ställer frågan vad som håller
på att hända med Sverige och svensk välfärd. I fre-
dags kom siffror som visar att av landets 8 847 000
invånare har 3 915 000 arbete. Det var genomsnitts-
siffran för 1997. Man får alltså gå tillbaka 23 år i
tiden för att hitta ett år då antalet var lägre. Men då
fanns det också färre invånare. Räkna","Herr talman! Inget försvar finns för de brutala och våldsamma attacker som Israel just nu utför mot Gaza. Inget försvar finns för Hamas raketer mot Sederot och andra städer i Israel. För varje bomb dör allt fler barn och civila. För varje raket växer hatet. För varje dödsoffer glider en tvåstatslösning allt längre bort. 
Ansvaret ligger nu tungt i"
H009121-37,H10913-7,0.93504,Jonas Sjöstedt,V,2013-06-12,https://data.riksdagen.se/anforande/H009121-37/html,Mikael Damberg,S,2013-10-16,https://data.riksdagen.se/anforande/H10913-7/html,"Herr talman! Samtidigt som den här debatten har pågått har det kommit ett larm om brand i Ringhals kärnkraftverk. Nu verkar det som att branden är släckt, som tur är, men det är en påminnelse om att det inte finns någon säker kärnkraft och att det är dags att bedriva en politik för att stegvis ersätta kärnkraften, liksom de fossila bränslena, med f","Herr talman! Man skulle kunna börja med att vända på frågan: Har du talat med Centerpartiet? Det blir lite komplicerat, när Centerpartiet på sin stämma har sagt att man ska avveckla kärnkraften inom en generation och Folkpartiet säger ""Vi har en uppgörelse nu mellan de borgerliga partierna som innebär att vi ska bygga jättemycket ny kärnkraft"" och "
GM0942-11,GJ0976-7,0.93499,Gudrun Schyman,V,1999-01-20,https://data.riksdagen.se/anforande/GM0942-11/html,Göran Persson,S,1996-03-27,https://data.riksdagen.se/anforande/GJ0976-7/html,"Fru talman! Jag tänkte börja med att gratulera Gö-
ran Persson på hans 50-årsdag. Vi får tillfälle att
gratulera mera i eftermiddag, vet jag.
Jag vill också gärna gratulera till det mycket kloka
beslutet att låta tillsätta en sanningskommission. Det
var en bra present till alla oss som har arbetat för det
här under lång tid och framför allt en bra ","Fru talman! Alf Svensson sade att han villig att ta
de beska kommentarerna efter sitt anförande. Jag tror
inte att han behöver vara så orolig - han lyckades inta
i stort sett alla populära ståndpunkter: högre bistånd,
mer av kommunala anställningar, högre pensioner,
vårdnadsbidrag, allt. Alf Svensson fortsätter att sjunga
med änglarna.

Egentligen,"
HC0956-5,GW0956-14,0.93496,Muharrem Demirok,C,2025-01-15,https://data.riksdagen.se/anforande/HC0956-5/html,Mona Sahlin,S,2009-01-14,https://data.riksdagen.se/anforande/GW0956-14/html,"Herr talman! Det känns fint att få stå här i kammaren framför kollegor igen efter ännu ett juluppehåll, men det känns också ansvarstungt. När vi nu kliver in i 2025 är det nämligen uppenbart att Sverige inte mår så bra.
Sammanhållningen är stukad, och alltför många upplever att politiken inte har svar på de problem som de möter i vardagen. Alltför ","Herr talman! Inget försvar finns för de brutala och våldsamma attacker som Israel just nu utför mot Gaza. Inget försvar finns för Hamas raketer mot Sederot och andra städer i Israel. För varje bomb dör allt fler barn och civila. För varje raket växer hatet. För varje dödsoffer glider en tvåstatslösning allt längre bort. 
Ansvaret ligger nu tungt i"
GK0953-33,GL09122-46,0.93496,Gudrun Schyman,V,1997-01-22,https://data.riksdagen.se/anforande/GK0953-33/html,Göran Persson,S,1998-06-10,https://data.riksdagen.se/anforande/GL09122-46/html,"Fru talman! Jag tänkte ta min utgångspunkt i det
faktum att vi kommit drygt halvvägs på den här man-
datperioden. Vi har ungefär lika mycket tid kvar till
nästa val som vi har förbrukat. Då kan det vara intres-
sant att göra någon form av summering av vad som
hänt och kanske ännu mer av vad som inte hänt.
Det finns en del saker som gör i alla fall ","Fru talman! Jag vill börja med att rikta ett tack till
riksdagen för ett gott samarbete under mandatperio-
den. Men också ett tack för de beslut ni har orkat
fatta. Ingen riksdag före er i modern tid har fattat
svårare beslut. Ingen riksdag i en tidigare situation har
haft ett sådant utgångsläge som ni hade 1994. Ni fick
inte misslyckas. Det fanns "
HB0930-3,HC0929-4,0.9349,Magdalena Andersson,S,2023-11-15,https://data.riksdagen.se/anforande/HB0930-3/html,Jimmie Åkesson,SD,2024-11-13,https://data.riksdagen.se/anforande/HC0929-4/html,Herr talman! Utvecklingen i Sverige går åt fel håll. Kostnadskrisen pressar hushållen hårt. Det dödliga gängvåldet har nått nya rekordnivåer. Den organiserade brottsligheten rör sig närmast obehindrat över Europas gränser. Svenska folket är rekordpessimistiska i sin syn på framtiden. En överväldigande majoritet upplever att utvecklingen går åt fel ,"Herr talman! Det är 30 år sedan folkomröstningen om EU. Tiden går. Jag gjorde min första politiska insats, kan man säga, i den folkomröstningskampanjen. Jag gick inte in i den med riktigt samma entusiasm som de två föregående talarna. Jag är heller inte lika entusiastisk i dag som de två föregående talarna. Men - jag vill ändå ha det sagt - EU är d"
H00911-31,GS09140-41,0.93488,Fredrik Reinfeldt,M,2012-10-17,https://data.riksdagen.se/anforande/H00911-31/html,Göran Persson,S,2005-06-15,https://data.riksdagen.se/anforande/GS09140-41/html,"Herr talman! Ärade ledamöter! Varsel och oro präglar Sverige hösten 2012. Förändringen knackar på vår dörr. Vi ska vara helt ärliga och säga att förändring är någonting vi inte alltid trivs med, åtminstone inte tills vi vet vart den leder. Därför är många nu oroade för ett Sverige som förändras och jobb som hotas.
Det är viktigt att förstå var de ","Herr talman! Den här partiledardebatten är intressant därför att den visar på en ideologisk skillnad mellan den politik som regeringen, socialdemokratin, står för och det alternativ som borgerligheten försöker att presentera. Jag säger ""försöker"" därför att där saknas fortfarande den del av en politik som är helt avgörande för trovärdigheten, nämli"
GZ0957-50,GX0959-14,0.93482,Gustav Fridolin,MP,2012-01-18,https://data.riksdagen.se/anforande/GZ0957-50/html,Mona Sahlin,S,2010-01-20,https://data.riksdagen.se/anforande/GX0959-14/html,"Herr talman! Jag noterar att statsministern prioriterar frågorna om vem tar vem-lekarna i riksdagen högre än politiken för hur vi ska skapa möjligheter till jobb och framtidstro i hela Sverige.
Vi har en politik för jobb och framtidstro. Jag redovisade den. Den handlar om klimatsmarta investeringar, om värnande av jobb i skola, vård och omsorg och","Herr talman! Jag vill först säga några ord om Haiti. Jag tror att vi alla här i kammaren och alla i Sverige med fasa bevittnar det som sker där nere i dag. Sverige tar en stor del av ansvaret, precis som Sverige ska göra. Det är bra, men vi behöver också fortsätta att diskutera hur vi kan bekämpa fattigdom ännu bättre, hur vi kan arbeta för demokra"
GN0912-45,GL0912-1,0.93471,Göran Persson,S,1999-10-13,https://data.riksdagen.se/anforande/GN0912-45/html,Carl Bildt,M,1997-10-08,https://data.riksdagen.se/anforande/GL0912-1/html,"Herr talman! De elever som snart ska sluta gym-
nasieskolan började skolan ungefär vid den tidpunkt
då Berlinmuren föll. Det är faktiskt värt att reflektera
över.
Vi tycker att det var alldeles nyss som det hände,
men det har snart gått tio år. Det har varit tio år av en
omvälvande förändring av Europa. Det har varit tio år
som snart kommer att krö","Fru talman! Ledamöter av kammaren, statsminis-
tern, representanter för regeringen och andra! Det var
ett bra tag sedan jag hade möjlighet att stå i denna
talarstol. Andra uppdrag har som bekant under några
år fört mig bort från Sverige och till problem i Europa
som har varit och fortfarande är av en helt annan
dignitet än det vi har att hantera i "
H50956-9,GX0959-1,0.93464,Stefan Löfven,S,2018-01-17,https://data.riksdagen.se/anforande/H50956-9/html,Fredrik Reinfeldt,M,2010-01-20,https://data.riksdagen.se/anforande/GX0959-1/html,"Herr talman! Jag har pekat ut tre allvarliga samhällsproblem som vi måste ta itu med. Den grova brottsligheten ska pressas tillbaka. Nyanlända ska mycket snabbare kunna börja jobba och bli självförsörjande. Välfärden ska byggas upp för alla och i hela landet.
Frågan är nu: Hur löser vi bäst och bemöter de problemen? För mig är svaret självklart. Vi","Herr talman! Sverige är ett bra land. Det är för många ett föregångsland, ett land att efterlikna, med frihet och utrymme för människor att växa som andra saknar. Vi är ett föregångsland med kraft att bistå andra - se bland annat på det som nu händer i Haiti. Vi är också redo att ta vår del av det globala ansvaret för finanskrisen, utvecklingsfrågo"
GU0949-65,GU0949-1,0.93461,Göran Hägglund,KD,2007-01-17,https://data.riksdagen.se/anforande/GU0949-65/html,Fredrik Reinfeldt,M,2007-01-17,https://data.riksdagen.se/anforande/GU0949-1/html,"Herr talman! Först några ord med anledning av att detta är en tack- och avskedsföreställning här i kammaren för Göran Persson. 
Under valrörelsen var det en partiledardebatt i tv som vände sig framför allt till yngre tittare. Där ställde programledarna till några av oss frågan om vi följde några dokusåpor. Det levererades några svar på temat vilka","Herr talman! Ärade ledamöter! I dag för precis fyra månader sedan röstade svenska folket fram en alliansregering. För väldigt många gav det hopp om förändring, en känsla som av en del har beskrivits som att andas ny frisk luft.
Det är en känsla som stannar kvar hos väldigt många. Det är ett skifte som väcker förhoppningar. Det är ett skifte som le"
GT09142-58,GX09138-14,0.93459,Maud Olofsson,C,2006-06-15,https://data.riksdagen.se/anforande/GT09142-58/html,Mona Sahlin,S,2010-06-16,https://data.riksdagen.se/anforande/GX09138-14/html,"Herr talman! Det går bra för Sverige, säger statsministern. Och visst befinner vi oss i en högkonjunktur som enligt alla bedömare är på väg att ta slut och som är av sällan skådat slag. Naturligtvis tycker vi att det är bra att hjulen snurrar för många svenska storföretag. Det är väldigt bra. Samtidigt är det som statsministern säger ett slag i ans","Herr talman! Sverige är unikt och Sverige är fantastiskt, inte bara för de ljusa sommarnätterna eller 
Idas sommarvisa
 utan framför allt för att Sverige är ett välfärdsland för alla. Vår svenska modell är känd inte bara här hemma utan runt om i världen. Grunden för välfärdens finansiering heter arbete åt alla och sunda statsfinanser. Där finns i"
HB09119-9,HD0931-2,0.93457,Johan Pehrson,L,2024-05-22,https://data.riksdagen.se/anforande/HB09119-9/html,Ulf Kristersson,M,2025-11-12,https://data.riksdagen.se/anforande/HD0931-2/html,"Herr talman! Det är krig i vårt Europa. Det är krig igen.
Klimatförändringarna hotar vår planet, och på vår kontinent har den hemmasnickrade energikris som följt av rödgröna kärnkraftsnedläggningar fått den viktiga gröna omställningen att hacka.
Samtidigt fortsätter gängkriminella sitt dödliga handelsresande runt om i Europa och beställer nya mord ","God morgon, herr talman! Europa, våra värderingar och vårt sätt att leva är värda att försvara. Vi har tillsammans och var och en för sig byggt några av världens allra bästa samhällen att leva i. Europa är som vi alla vet långt ifrån felfritt, men vi har sammantaget gjort mycket mer rätt än fel. Vi vet också att ingen av alla våra styrkor får tas f"
H609103-2,HC09130-3,0.93455,Ulf Kristersson,M,2019-06-12,https://data.riksdagen.se/anforande/H609103-2/html,Magdalena Andersson,S,2025-06-11,https://data.riksdagen.se/anforande/HC09130-3/html,"Herr talman! Man kan faktiskt måla en ganska ljus bild av Sverige. Vi har våra framgångsrika företag. Ericsson har just byggt Europas första kommersiella 5G-nät. Spotify har revolutionerat hela musikindustrin. Det finns fler Ikeavaruhus i världen än det finns svenska ambassader. Vi slår numera norskorna i sprintstafett, och landslaget började rikti","Herr talman! Sedan vi senast stod i kammaren och debatterade har omvärlden förändrats i grunden. De politiska kontinentalplattorna har skiftat. Sverige möter ett nytt och mycket allvarligt säkerhetspolitiskt läge, den regelbaserade internationella ordningen utmanas och världsekonomin är i gungning när handelskrig hotar som ett resultat av en högerp"
GV0952-14,GP0952-49,0.93453,Mona Sahlin,S,2008-01-16,https://data.riksdagen.se/anforande/GV0952-14/html,Alf Svensson,KD,2002-01-16,https://data.riksdagen.se/anforande/GP0952-49/html,"Herr talman! Ett nytt år har börjat. Det är ett år som vi socialdemokrater hade velat använda för att bygga Sverige starkare, för jobb, miljö, välfärd och rättvisa. Det är ett år som skulle kunna innebära stora möjligheter att ta nya steg för det moderna, kunskapsdrivna och jämställda välfärdslandet Sverige.
Bakom oss ligger vad som i nyårskröniko","Fru talman! Låt mig önska er alla ett riktigt gott
valår. Jag tror nämligen inte att något parti är ute efter
att försämra eller fördärva. Någon gång ska man
kanske också stryka under debattens värde. Att åsik-
ter bryts är ju demokratins livsluft. Därför tror jag att
det under valåret 2002 kan vaskas fram åtskilligt av
klokskap. Inget parti i den "
H109128-87,GU098-1,0.93451,Jimmie Åkesson,SD,2014-06-18,https://data.riksdagen.se/anforande/H109128-87/html,Göran Persson I Stjärnhov,S,2006-10-11,https://data.riksdagen.se/anforande/GU098-1/html,"Herr talman! Vi befinner oss i slutet av mandatperioden, och detta blir följaktligen den sista debatten av det här slaget för denna gång. 
Till skillnad från förra mandatperioden har vi under denna haft en minoritetsregering som emellanåt har haft svårt att acceptera att man inte haft stöd av en majoritet i riksdagen vid alla tillfällen. 
Det är ","Herr talman! Ledamöter och kamrater! 24 dagar har gått sedan väljarna sade sitt. Sverige har fått en ny regering. Moderaterna fick vad de önskade, en regering med majoritet i riksdagen, med en stark dominans för högern. Det är närapå en enpartiregering.
Marginalerna blev små. Röstmässigt är det ingen majoritetsregering. Regeringen har endast 48 % "
GM0910-6,GJ093-47,0.93435,Birger Schlaug,MP,1998-10-29,https://data.riksdagen.se/anforande/GM0910-6/html,Ingvar Carlsson,S,1995-10-04,https://data.riksdagen.se/anforande/GJ093-47/html,"Herr talman! Alla ni som sitter på läktaren! Alla
ni som lyssnar på radio och ser på TV!
Vi ser hur en ny politisk våg går över flera länder
i Europa. Glädjande är att nyliberalismens tid verkar
vara förbi, och den är saknad av få. I bl.a. Tyskland
och Frankrike har ett rödgrönt samarbete utvecklats.
Här i Sverige har ett samarbete utvecklats mella","Herr talman! Det är intressant att höra angreppen
på det socialdemokratiska partiet från såväl högern
som från Vänsterpartiet och med den emfas som de
framförs.

Moderaterna vill öka inkomstklyftorna, försämra
arbetsrätten och rasera välfärden. Så sent som för
några månader sedan skåpade de ut den ekonomiska
politiken och konvergensprogrammet. Vår "
GI098-2,GI098-5,0.93429,Olof Johansson,C,1994-10-12,https://data.riksdagen.se/anforande/GI098-2/html,Birger Schlaug,MP,1994-10-12,https://data.riksdagen.se/anforande/GI098-5/html,"Fru talman! Årets val resulterade i en tydlig
vänstermajoritet i riksdagen. I den majoriteten finns
Socialdemokraterna, Vänsterpartiet och även
Miljöpartiet - detta med hänsyn till Miljöpartiets stöd
under valkampanjen till en socialdemokratiskt ledd
regering. Efter detta klara valresultat förordade jag
vid samtal med talmannen en majoritetsregerin","Fru talman! Först skall man väl hälsa den nya
regeringen välkommen. Jag hoppas att ni också hälsar
Miljöpartiet välkommet. Vi är nya båda två. Vi
kanske rent av behöver varandra för att få igenom
någonting så småningom.
Den svenska ekonomiska politiken har tappat
fotfästet. Alltmer virvlar runt i en låtsasvärld. I
låtsasvärlden hör vi ord som ""ränt"
GL0912-4,GL09122-46,0.93427,Johan Lönnroth,V,1997-10-08,https://data.riksdagen.se/anforande/GL0912-4/html,Göran Persson,S,1998-06-10,https://data.riksdagen.se/anforande/GL09122-46/html,"Fru talman! Jag träffar ganska ofta arbetslösa unga
människor som säger att de inte tänker rösta i nästa
val. De tror inte på politiken. Om den här debatten
kan få några av dem att ändra sig har den gjort nytta,
oavsett hur den i övrigt går.
Vi i Vänstern har två grundidéer om hur fler skall
komma i jobb: Flytta pengar från dem som lägger
dem på hö","Fru talman! Jag vill börja med att rikta ett tack till
riksdagen för ett gott samarbete under mandatperio-
den. Men också ett tack för de beslut ni har orkat
fatta. Ingen riksdag före er i modern tid har fattat
svårare beslut. Ingen riksdag i en tidigare situation har
haft ett sådant utgångsläge som ni hade 1994. Ni fick
inte misslyckas. Det fanns "
HD0931-5,GQ09122-1,0.93426,Nooshi Dadgostar,V,2025-11-12,https://data.riksdagen.se/anforande/HD0931-5/html,Bo Lundgren,M,2003-06-13,https://data.riksdagen.se/anforande/GQ09122-1/html,"Herr talman! Sverige var världens bästa och mest jämlika land. Förändringar innebar förbättringar. Fler och fler hade råd att köpa nya skor till barnen när de gamla blev för små och att ta med familjen på sommarsemester.
Men någonting har hänt. Svenska hushåll har skinnats på pengar. Men beror inte det på en inflationsimpuls som kommit utifrån? Nej","Herr talman! Sverige är de förlorade möjligheter-
nas land.
För någon vecka sedan meddelade EU-
kommissionen att elva av de 15 medlemsländerna nu
har högre välstånd än Sverige. I förrgår kom ytterli-
gare en bekräftelse. Tidskriften The Economist på-
minde om att Sverige i dag är det fattigaste landet i
Norden.
För bara trettio år sedan var det tvä"
H50915-6,H9093-2,0.93425,Annie Lööf,C,2017-10-11,https://data.riksdagen.se/anforande/H50915-6/html,Ulf Kristersson,M,2021-09-15,https://data.riksdagen.se/anforande/H9093-2/html,"Herr talman! Sverige är på många sätt ett fantastiskt land. Vi har stark tillväxt, sysselsättningen ökar och reformutrymmet är stort.
Vi bor i ett land där kreativiteten sprudlar. Hos oss finns innovativa människor hela vägen från norr till söder. Svenska företag finns överallt. Svensk landsbygd finns i hela världen. 
Det är just detta att vi uppmu","Herr talman! Efter många års arbete i svensk politik är det här Stefan Löfvens sista riksdagsdebatt. I Sverige har vi en tradition som jag gillar, nämligen att skilja på sak och person. Man kan ogilla en åsikt men respektera människan bakom åsikten. Det här ligger nära yttrandefrihetens klassiska ideal: Jag håller inte med om vad du säger, men jag "
GM0942-1,GK0912-43,0.93423,Carl Bildt,M,1999-01-20,https://data.riksdagen.se/anforande/GM0942-1/html,Göran Persson,S,1996-10-09,https://data.riksdagen.se/anforande/GK0912-43/html,"Fru talman! Låt mig börja med att bli nummer två
i raden av officiella gratulanter till personen Göran
Persson på hans 50-årsdag. Jag övervägde ett tag om
jag skulle sjunga i riksdagens talarstol, men vi har
inom den s.k. sångalliansen en ansvarsfördelning på
den punkten där vi respekterar respektive kompe-
tensprofiler. Och jag tror att om jag sku","Herr talman! Vi har nu en debatt som skall spegla
det alternativ som ställs mot regeringens förslag - ett
regeringsförslag som i huvudsak stöds av Centerpar-
tiet.
Jag måste säga att när man lyssnar på debatten är
det inte en samlad bild man får, utan här ifrån talarsto-
len pläderar numera varje parti för sina egna hjärte-
frågor, obekymrade om hu"
GP0952-26,GM09111-23,0.93421,Bo Lundgren,M,2002-01-16,https://data.riksdagen.se/anforande/GP0952-26/html,Alf Svensson,KD,1999-06-16,https://data.riksdagen.se/anforande/GM09111-23/html,"Fru talman! Apropå den diskussion vi redan haft
om förnöjsamhet och skolan vill jag visa upp dagens
Aftonbladet, som presenterar en undersökning bland
skoleleverna. Eleverna har fått nog av problemen i
skolan, står det. Det räcker inte med ny minister. Det
behövs en ny politik, och det kräver en ny regering.
Visst, Göran Persson, ska vi utjämna ska","Herr talman! Först får vi höra en uppräkning som
ju tyder på att Vänsterpartiet är fött med ett nej i
halsen - inte ett utan en massa. Så går Gudrun Schy-
man upp och pratar om öppenhet. Det är en ganska
fantastisk dialog vi har här.
Jag hoppas och tror att vi i alla, i alla partier, kan
vara överens om att vårt politiska arbete behöver en
trovärdi"
GU098-42,GL0912-7,0.93418,Fredrik Reinfeldt,M,2006-10-11,https://data.riksdagen.se/anforande/GU098-42/html,Göran Persson,S,1997-10-08,https://data.riksdagen.se/anforande/GL0912-7/html,"Herr talman! Ärade ledamöter av denna kammare! Svenska folket har gjort sitt val och har beslutat sig för att byta regering. Det är inte ofta det sker i vårt land. Kraften i viljan att göra denna förändring var så stark att vi nu för första gången på 25 år har ett majoritetsunderlag för regeringen i denna kammare.
Med er in i denna nu omgjorda och","Fru talman! Till Alf Svensson vill jag säga: Det
dystra med förmatcher är ju att den som går förmat-
chen antingen är på väg uppåt i boxningskarriären
eller på väg ut. Vilken kategori Alf Svensson tillhör
får han själv bedöma.
Annars sade Alf Svensson något som jag tyckte
var bra, och det var mycket annat i hans anförande
som var bra. Han sade att "
GM09111-29,GU0949-1,0.93409,Lars Leijonborg,L,1999-06-16,https://data.riksdagen.se/anforande/GM09111-29/html,Fredrik Reinfeldt,M,2007-01-17,https://data.riksdagen.se/anforande/GU0949-1/html,"Herr talman! På två sätt var valet i söndags vikti-
gare för Folkpartiet än för andra partier.
För det första är vi faktiskt det parti som i vårt
program mest betonar Europaparlamentets roll och
vill ge det större befogenheter. För oss ligger det
europeiska projektet så nära hjärtat att det verkligen
kändes viktigt att få skicka fler svenska libera","Herr talman! Ärade ledamöter! I dag för precis fyra månader sedan röstade svenska folket fram en alliansregering. För väldigt många gav det hopp om förändring, en känsla som av en del har beskrivits som att andas ny frisk luft.
Det är en känsla som stannar kvar hos väldigt många. Det är ett skifte som väcker förhoppningar. Det är ett skifte som le"
GR09121-59,GQ0944-1,0.93408,Peter Eriksson,MP,2004-05-25,https://data.riksdagen.se/anforande/GR09121-59/html,Göran Persson,S,2003-01-22,https://data.riksdagen.se/anforande/GQ0944-1/html,"Fru talman! Vi står i ett läge efter en lång konjunkturnedgång och en djup konjunktursvacka i världsekonomin där det sakta börjar vända lite grann uppåt. Det är ett läge där svensk ekonomi står väldigt stark. De svenska företagen har goda förutsättningar, en kraftigt förbättrad produktivitetsutveckling och goda förutsättningar att växa och utveckla","Herr talman och riksdagsledamöter! Välkomna
åter! I dag genomförs årets första partiledardebatt i
Sveriges riksdag. Alf Svensson inleder därmed också
sin 31:a säsong som partiledare - vår stora respekt för
detta.
Samtidigt, på andra platser i vårt land, sker andra
saker.
I Halmstad lämnas treåriga Elin på dagis av pappa
som går till jobbet på verks"
GL0953-1,GV09126-14,0.93408,Carl Bildt,M,1998-01-21,https://data.riksdagen.se/anforande/GL0953-1/html,Mona Sahlin,S,2008-06-11,https://data.riksdagen.se/anforande/GV09126-14/html,"Fru talman! Ärade ledamöter! Det sägs ofta att vi i
dessa debatter i kammaren bara talar om det som är
dåligt eller om punkter där vi har delade meningar.
Låt mig då börja med två viktiga och bra besked som
vi har fått under de senaste veckorna.
Det gäller för det första alldeles självklart pen-
sionsuppgörelsen. Det kan sägas, och jag har sagt det","Herr talman! Mot statsministerns märkliga beskrivning av Sverige just nu tänkte jag opponera, inte för att jag är någon dysterkvist utan för att jag tror mer om Sverige.
Regeringen sade en sak men gör en annan. De sade: Vi står för arbetslinjen, jobb, inte bidrag. Men det är socialbidragen, inte jobben, som ökar i kommunerna.
I går skrev Svenska "
GR0913-48,GQ0912-43,0.93406,Maud Olofsson,C,2003-10-15,https://data.riksdagen.se/anforande/GR0913-48/html,Göran Persson,S,2002-11-06,https://data.riksdagen.se/anforande/GQ0912-43/html,Herr talman! För en månad sedan röstade svenska folket nej till euron som valuta. Man kan analysera resultatet på väldigt många olika sätt. Man kan diskutera hur kampanjen fördes och varför det gick som det gick. Jag tänker i dag ta kampanjen och folkomröstningen som utgångspunkt för två viktiga lärdomar inför framtiden. Jag vill diskutera tillväxt,"Herr landshövding! Herr talman! Vid årsskiftet
utvecklas välfärden i vårt land. Det gäller barnen, de
äldre och satsningarna på vården och skolan. Det är
omfattande reformer som har blivit möjliga eftersom
vi har lyckats pressa tillbaka arbetslösheten, få ord-
ning på offentliga finanser och fått stöd i valet för en
politik som sätter satsningarna "
GT0957-48,GR0955-39,0.93403,Göran Hägglund,KD,2006-01-18,https://data.riksdagen.se/anforande/GT0957-48/html,Lars Leijonborg,L,2004-01-21,https://data.riksdagen.se/anforande/GR0955-39/html,"Herr talman! Det närmar sig valet, som det har sagts flera gånger tidigare. Ett budskap som vi kommer att få höra många gånger om är att alla ska med. Så enkelt är det. Det är det budskap som Socialdemokraterna kommer att trumma in under valrörelsen. Frågan är då hur det PR-konsultade budskapet fungerar gentemot den verklighet vi människor lever i.","Herr talman! Nu är det 2004, och nu har det gått tio år sedan Socialdemokraterna återkom till makten. 
Fler och fler upptäcker de problem som följer med det långa maktinnehavet: maktens arrogans, tendenserna att gynna sina egna, viljan att sträcka ut sina tentakler långt utanför den politiska sfären för att cementera sitt maktinnehav, förvaltninge"
H50915-6,H809137-1,0.93403,Annie Lööf,C,2017-10-11,https://data.riksdagen.se/anforande/H50915-6/html,Stefan Löfven,S,2021-06-09,https://data.riksdagen.se/anforande/H809137-1/html,"Herr talman! Sverige är på många sätt ett fantastiskt land. Vi har stark tillväxt, sysselsättningen ökar och reformutrymmet är stort.
Vi bor i ett land där kreativiteten sprudlar. Hos oss finns innovativa människor hela vägen från norr till söder. Svenska företag finns överallt. Svensk landsbygd finns i hela världen. 
Det är just detta att vi uppmu","Herr talman! För ett år sedan stod jag i den här kammaren och tackade var och en i vårt land för de ansträngningar som görs under pandemin. Då hade vi genomlevt en lång vår. Nu har det gått ett år till. En normal tillvaro känns kanske avlägsen för dig som arbetar i vården, men jag hoppas att också du ser ljuset i tunneln.
Pandemin har blottlagt sam"
GQ0912-39,GK0953-33,0.934,Maud Olofsson,C,2002-11-06,https://data.riksdagen.se/anforande/GQ0912-39/html,Gudrun Schyman,V,1997-01-22,https://data.riksdagen.se/anforande/GK0953-33/html,"Herr talman! Årets val innebar en valframgång för
Centerpartiet. Även om den var liten var det en
mycket efterlängtad valframgång, vill jag lova.
Statsministern har hävdat att årets val var ett ide-
ologiskt val. Jag håller med honom. Alternativen i
svensk politik blev tydligare än på länge, och de är
tydliga också här i riksdagen.
Det är ingen slu","Fru talman! Jag tänkte ta min utgångspunkt i det
faktum att vi kommit drygt halvvägs på den här man-
datperioden. Vi har ungefär lika mycket tid kvar till
nästa val som vi har förbrukat. Då kan det vara intres-
sant att göra någon form av summering av vad som
hänt och kanske ännu mer av vad som inte hänt.
Det finns en del saker som gör i alla fall "
GT0913-52,GS09140-1,0.934,Göran Persson,S,2005-10-12,https://data.riksdagen.se/anforande/GT0913-52/html,Fredrik Reinfeldt,M,2005-06-15,https://data.riksdagen.se/anforande/GS09140-1/html,Herr talman! Jag har med stort intresse lyssnat till debatten här på förmiddagen. Det är en märklig bild som växer fram. Det finns ett slags anspråk från den borgerliga högeralliansen på att representera något slags alternativ därför att man har lyckats komma överens om 50 av de nästan 1 000 miljarderna i budgeten. De 50 miljarderna har man sedan b,"Herr talman! Det europeiska samarbetet står inför stora utmaningar och legitima frågor om dess folkliga förankring.
Nu på morgonen har vi fått besked om att det som kanske kommer att bli den verkliga förhandlingsfrågan gäller den kommande budgeten, och där är det viktigt att vi ger tydliga besked. Om Storbritannien inte kan tänka sig att ändra på "
GU098-61,GS0913-56,0.934,Göran Hägglund,KD,2006-10-11,https://data.riksdagen.se/anforande/GU098-61/html,Maud Olofsson,C,2004-10-13,https://data.riksdagen.se/anforande/GS0913-56/html,"Fru talman! Svenska folket valde bort den socialdemokratiska regeringen. Man underkände en regering som misslyckats med att skapa förutsättningar för nya jobb. Det var den enskilt viktigaste frågan i den valrörelse som vi nyligen har avslutat.
Svenska folket röstade i stället fram en regering som inte blundar för massarbetslösheten, som ser samban","Fru talman! Vårt land är ett fantastiskt land. Vi kan vara stolta över vår natur, våra sjöar och våra vidsträckta skogar. Vi kan vara stolta över ett land som har präglats av fina värderingar som frihet, solidaritet och trygghet. Vi har en hög utbildnings- och forskningsnivå. Vi har gjort stora landvinningar inte minst tack vare det enskilda ägande"
GW0913-18,GX0959-14,0.93399,Fredrik Reinfeldt,M,2008-10-15,https://data.riksdagen.se/anforande/GW0913-18/html,Mona Sahlin,S,2010-01-20,https://data.riksdagen.se/anforande/GX0959-14/html,"Herr talman! Riksdagens partiledardebatt förs i dag i ett läge där det krävs samling i Sverige, i Europa och i världen för att möta en av de mest djupgående globala finanskriser som världen har upplevt. Även om debattvågorna här i dag i denna kammare går höga tror jag att jag kan lova att den som inte löser finanskrisen kommer att se djupare och he","Herr talman! Jag vill först säga några ord om Haiti. Jag tror att vi alla här i kammaren och alla i Sverige med fasa bevittnar det som sker där nere i dag. Sverige tar en stor del av ansvaret, precis som Sverige ska göra. Det är bra, men vi behöver också fortsätta att diskutera hur vi kan bekämpa fattigdom ännu bättre, hur vi kan arbeta för demokra"
HC0929-70,HD0931-8,0.93396,Muharrem Demirok,C,2024-11-13,https://data.riksdagen.se/anforande/HC0929-70/html,Daniel Helldén,MP,2025-11-12,https://data.riksdagen.se/anforande/HD0931-8/html,"Herr talman! Sverige och EU behöver mer och grön tillväxt. Det ena går inte att få utan det andra. Här finns en viktig skiljelinje mellan mitt parti och andra partier. Vissa till vänster tycks tro att näringslivet står i vägen för ambitiösa klimatmål. Vissa till höger tycks tro att en ambitiös klimatpolitik är ett tillväxthinder. Båda har fel.
Det ","Herr talman! Klimatomställningen är avgörande för Europas konkurrenskraft. Men i dag hotas den av svagt ledarskap. Vi befinner oss vid ett vägskäl. Antingen väljer vi kortsiktighet och populism och fördjupar vårt beroende av fossilt, eller så väljer vi vägen framåt till frihet och välstånd genom klimatomställningen.
Vi ser hur oljelobbyn med full k"
GP0913-31,GN0952-1,0.93383,Lena Ek,C,2001-10-17,https://data.riksdagen.se/anforande/GP0913-31/html,Bo Lundgren,M,2000-01-19,https://data.riksdagen.se/anforande/GN0952-1/html,"Fru talman, ledamöter, åhörare! Jag måste precis
som alla andra börja med det som sker i Afghanistan.
För en del år sedan åkte jag längs gränsen mellan
Pakistan och Afghanistan i en FN-jeep, genom alla de
flyktingläger som ligger utkastade i det som egentli-
gen är det vi i Sverige skulle kalla grustag, med solen
mitt på himlen och ingen skugga någ","Fru talman! I Rosenbad har den gamla långbänken
åter kommit till heders. Där sitter de: Göran Persson,
som kommit fram till att valutasamarbetet är bra men
som inte gör något åt det. Bosse Ringholm, som tog
över skattesamtalen och gick från stolta deklarationer
om årtusendets skattereform till vaga samtal om den
tekniska utformningen av energibeska"
GV0952-14,GV0952-74,0.93378,Mona Sahlin,S,2008-01-16,https://data.riksdagen.se/anforande/GV0952-14/html,Lars Ohly,V,2008-01-16,https://data.riksdagen.se/anforande/GV0952-74/html,"Herr talman! Ett nytt år har börjat. Det är ett år som vi socialdemokrater hade velat använda för att bygga Sverige starkare, för jobb, miljö, välfärd och rättvisa. Det är ett år som skulle kunna innebära stora möjligheter att ta nya steg för det moderna, kunskapsdrivna och jämställda välfärdslandet Sverige.
Bakom oss ligger vad som i nyårskröniko","Herr talman! Grattis alliansen till opinionsförsprånget! 
Nu har han fått dåndimpen, den där Ohly. Nu står han och pratar i nattmössan - igen, skulle Björklund säga. Nej, jag har gått igenom Statistiska centralbyråns siffror för november.
Det visar sig att bland den femtedel som tjänar mest i landet leder regeringspartierna stort, med 57,1 procen"
GJ09110-1,GH093-5,0.93374,Lars Tobisson,M,1996-06-12,https://data.riksdagen.se/anforande/GJ09110-1/html,Bengt Westerberg,L,1993-10-06,https://data.riksdagen.se/anforande/GH093-5/html,"Herr talman! I dag skulle talmannen ha blåst till
halvtid för mandatperioden. Riksdagen skulle ha kun-
nat summera de två första åren av den socialdemo-
kratiska regeringsperioden.

Men så blev det inte. Regeringens oförmåga att för
riksdagen lägga fram förslag på utlovad tid har föran-
lett oss moderater att begära att riksdagen fortsätter
sitt ar","Fru talman! Den största utmaning som vi står inför
under de kommande åren är naturligtvis att klara
ekonomin och arbetslösheten. Den utmaningen
ställer -- det är jag övertygad om -- helt nya krav på
oss politiker både när det gäller politiskt
nytänkande och när det gäller politisk stil, både på
regering och på opposition.

För knappt en vecka sedan"
H209113-68,H70920-1,0.93374,Åsa Romson,MP,2015-06-10,https://data.riksdagen.se/anforande/H209113-68/html,Stefan Löfven,S,2019-10-16,https://data.riksdagen.se/anforande/H70920-1/html,"Herr talman! Vi var många i helgen som gladde oss åt firandet av nationaldagen. Det är något särskilt att ägna nationen en tanke i den oroliga tid som vi lever i. Vem är egentligen Sverige i den globala familjen?
Det sägs ofta att vi är ett litet land, men sanningen är väl att vi internationellt är långt mycket starkare än vad landets yta eller vår","Herr talman! Det är få svenskar som följer debatten i dag. Människor är fullt upptagna med jobbande, vabbande och pluggande, och det är precis så det ska vara. Människor lever sina liv, gör sin plikt, och de vet också att de kan kräva sin rätt. Det är en grundinställning som har byggt vårt land, ett land som vi är så stolta över.
Partiledardebatt
I"
GO099-30,GO099-46,0.93371,Alf Svensson,KD,2000-10-11,https://data.riksdagen.se/anforande/GO099-30/html,Göran Persson,S,2000-10-11,https://data.riksdagen.se/anforande/GO099-46/html,"Fru talman! Jag tror att vi alla höll andan, bildligt
talat, när vi via nyhetsförmedlingar följde utveckling-
en i Belgrad. Äntligen kunde den krigsgalne och
maktgalne kommunisten och nationalisten Slobodan
Milosevic, som terroriserat folket, föraktat demokra-
tiska värden och lagt landet i ruiner, tvingas åt sidan.
Och detta skedde genom ett folks","Herr talman! Värderade ledamöter av denna
kammare! Det är faktiskt tänkvärt att följa debatten så
som vi har fått göra under några morgontimmar den-
na dag. Det beskriver på något sätt det politiska läget
i vårt land. Vi är i en högkonjunktur. Det märks. Det
är krav på jättelika skattesänkningar, krav på enorma
utgiftsökningar och egentligen bara s"
HD0931-7,HA0921-1,0.93366,Ebba Busch,KD,2025-11-12,https://data.riksdagen.se/anforande/HD0931-7/html,Ulf Kristersson,M,2022-11-16,https://data.riksdagen.se/anforande/HA0921-1/html,"Herr talman! Låt oss aldrig glömma att när EU föddes var det ur ruiner i ett Europa sargat av krig, förintelse och politisk extremism.
Visionen var storslagen men egentligen ganska enkel, pådriven av kontinentens kristdemokrater: Aldrig mer krig. Länder som bombat varandra sönder och samman behövde alltså hitta ett sätt att komma förbi det outhärdl","Herr talman! Den 11 november befriade Ukraina Cherson. På torget vajar nu Ukrainas flagga bredvid den europeiska flaggan. Ukrainska män och kvinnor har meter för meter återtagit sitt land och delar av sin frihet.
I går dödades två människor i Polen, mycket nära den ukrainska gränsen. En undersökning pågår, och Nato och Sverige följer utvecklingen m"
GP0952-1,GS0913-56,0.93365,Göran Persson,S,2002-01-16,https://data.riksdagen.se/anforande/GP0952-1/html,Maud Olofsson,C,2004-10-13,https://data.riksdagen.se/anforande/GS0913-56/html,"Fru talman! Nu påbörjar vi den sista terminen för
den här riksdagen. Till sommaren är mandatperioden
till ända. I höst är det en ny riksdag som samlas. Det
manar till eftertanke, ungefär som när man vid nyår
tänker tillbaka på året som gått. Vad gav det? Vad
fick jag gjort av det jag planerat?
Jag kan inte säga att jag är nöjd. Kan man vara
nöjd nä","Fru talman! Vårt land är ett fantastiskt land. Vi kan vara stolta över vår natur, våra sjöar och våra vidsträckta skogar. Vi kan vara stolta över ett land som har präglats av fina värderingar som frihet, solidaritet och trygghet. Vi har en hög utbildnings- och forskningsnivå. Vi har gjort stora landvinningar inte minst tack vare det enskilda ägande"
GH09124-73,GM0910-1,0.9336,Harriet Colliander,NYD,1994-06-11,https://data.riksdagen.se/anforande/GH09124-73/html,Carl Bildt,M,1998-10-29,https://data.riksdagen.se/anforande/GM0910-1/html,"Herr talman! Jag har skrivit mitt tal utan hjälp av
svenska eller utländska konsulter. Jag har ju lärt
mig i KU att både den sittande regeringen och de
gamla regeringarna frikostigt har använt sig av
svenska och utländska konsulter och att det har
kostat skattebetalarna många kronor.

Som ni vet har det blåst hårt sedan jag blev
partiledare för nio","Herr talman! Så står vi här igen i inledningen av
en ny mandatperiod. Fyra år ligger framför oss, som
kommer att föra oss in i ett nytt decennium, ett nytt
sekel, ett nytt århundrade, t.o.m. ett nytt årtusende. Vi
har en ny riksdag med en ny sammansättning, fler
vänsterpartister, fler kristdemokrater, fler moderater,
färre av en del annat och färre"
H209113-93,GZ0957-104,0.93358,Annie Lööf,C,2015-06-10,https://data.riksdagen.se/anforande/H209113-93/html,Jonas Sjöstedt,V,2012-01-18,https://data.riksdagen.se/anforande/GZ0957-104/html,"Herr talman! En av de största skiljelinjerna i svensk politik i dag går mellan Centerpartiet och Socialdemokraterna. Det gäller särskilt synen på hur jobben skapas - om det är de små företagen eller om det är staten som gör detta. Det går också en skiljelinje mellan hur en trovärdig ekonomisk politik ska formas och hur det inte ska göras.
Centerpar","Fru talman! Jag tycker att debatten har gett en ganska god bild av den svenska politiken. På den ena sidan har vi en regering som är väldigt nöjd, inte minst med sig själv, och tycker att det går bra. Man hanterar de stora frågorna och det går framåt för Sverige. Man föreslår egentligen inga större samhällsförändringar eller reformer på något områd"
GY099-1,H60944-2,0.93357,Mona Sahlin,S,2010-11-03,https://data.riksdagen.se/anforande/GY099-1/html,Ulf Kristersson,M,2019-01-30,https://data.riksdagen.se/anforande/H60944-2/html,"Herr talman! Låt mig börja med att säga att jag var i Malmö i torsdags. Jag blev både berörd och upprörd. Det fanns familjer i Malmö som inte vågade lägga sina barn i deras sängar av rädsla för att de ska bli skjutna. Det finns kvinnor och män i Malmö som fruktar för sina liv när de går till jobbet eller till affären.
Jag mötte lärare på Hermodsda","Fru talman! Så fick Sverige till slut en regering, mer än fyra månader efter valet och efter den längsta och märkligaste regeringsbildningen i modern svensk historia.
Det är precis samma vänsterregering som före valet, bara mindre: 116 av riksdagens 349 mandat. Det är en regeringskonstellation som bara förenas i vad de är emot, som saknar gemensam "
GU098-29,H209113-106,0.93353,Peter Eriksson,MP,2006-10-11,https://data.riksdagen.se/anforande/GU098-29/html,Jonas Sjöstedt,V,2015-06-10,https://data.riksdagen.se/anforande/H209113-106/html,"Herr talman! Ledamöter och åhörare! Jag är säker på att en rödgrön regering vore det bästa för Sverige. Vi har under de senaste åren tillsammans lyckats göra vårt land till ett av de mest konkurrenskraftiga i världen. Sverige rankas enligt World Economic Forum som trea om man jämför alla världens olika ekonomier. 
Antalet jobb växer snabbt, och st","Herr talman! Kollegor, partiordförande, riksdagsledamöter i denna långa partiledardebatt!
Vi närmar oss nu slutet på ett ovanligt dramatiskt riksdagsår. Man får nog gå ganska långt tillbaka i Sveriges politiska historia för att hitta något liknande.
 STYLEREF Kantrubrik \* MERGEFORMAT Partiledardebatt
Vi såg en tydlig valseger för de rödgröna parti"
GQ09122-18,H00911-31,0.9335,Lars Leijonborg,L,2003-06-13,https://data.riksdagen.se/anforande/GQ09122-18/html,Fredrik Reinfeldt,M,2012-10-17,https://data.riksdagen.se/anforande/H00911-31/html,"Herr talman! Jag tänker tala mycket om föränd-
ring. Min utgångspunkt är att Sverige behöver stora
förändringar. Men det beror förstås på vilken verklig-
hetsbild man har. Vi har redan hört här att statsmi-
nistern har begärt replik och hävdat att statistiken
visar det ena och det andra. Man måste ju också klara
den typen av seminarieövningar och v","Herr talman! Ärade ledamöter! Varsel och oro präglar Sverige hösten 2012. Förändringen knackar på vår dörr. Vi ska vara helt ärliga och säga att förändring är någonting vi inte alltid trivs med, åtminstone inte tills vi vet vart den leder. Därför är många nu oroade för ett Sverige som förändras och jobb som hotas.
Det är viktigt att förstå var de "
GO0951-94,H109108-116,0.93346,Anna Lindh,S,2001-01-17,https://data.riksdagen.se/anforande/GO0951-94/html,Göran Hägglund,KD,2014-05-07,https://data.riksdagen.se/anforande/H109108-116/html,"Fru talman! El Salvador drabbades för några da-
gar sedan av en ny katastrof mitt under återuppbygg-
naden efter orkanen Mitch. Jordbävningen har hittills
förorsakat 700 döda, tusentals skadade, 30 000 för-
störda hus. Bara någon dag efter skickade Sverige sin
första hjälp, 5 miljoner kronor. Vi har beredskap för
att skicka ned Herculesplan med för","Fru talman! Jag är glad över att jag har fått förtroendet att hyfsa och sammanfatta debatten till sist.
Jag tycker att debatten har visat ganska många viktiga saker som är skiljelinjer. Jag tycker att det Mikael Damberg sade om skatter inte riktigt håller, mot bakgrund av det jag läste upp: Socialdemokraterna öppnar upp för skatter på EU-nivå. Det"
HC093-2,HC0956-5,0.93345,Magdalena Andersson,S,2024-09-11,https://data.riksdagen.se/anforande/HC093-2/html,Muharrem Demirok,C,2025-01-15,https://data.riksdagen.se/anforande/HC0956-5/html,"Herr talman! Jag vill börja med att tacka Ulf Kristersson för att han uppmärksammade minnet av Anna Lindh - min SSU-ordförande, min förebild.
Men i går när jag lyssnade på Ulf Kristersson var det inte utan att jag konstaterade att han inte bara är oerhört stolt utan också är påtagligt nöjd med situationen i vårt land. Många känner nog inte igen sig","Herr talman! Det känns fint att få stå här i kammaren framför kollegor igen efter ännu ett juluppehåll, men det känns också ansvarstungt. När vi nu kliver in i 2025 är det nämligen uppenbart att Sverige inte mår så bra.
Sammanhållningen är stukad, och alltför många upplever att politiken inte har svar på de problem som de möter i vardagen. Alltför "
GJ09110-6,GJ0976-3,0.93343,Alf Svensson,KD,1996-06-12,https://data.riksdagen.se/anforande/GJ09110-6/html,Lars Leijonborg,L,1996-03-27,https://data.riksdagen.se/anforande/GJ0976-3/html,"Herr talman! Det gick litet varmt här för herr
Schlaug. Han vet vad man skall säga innan man har
talat.

Sedan vill jag faktiskt mycket ärligt och seriöst
säga att jag tycker att det skall finnas viss respekt för
alla partier här i kammaren, och den typen av ord som
""anhang"" anstår knappast någon partiledare att tillvita
något parti. Jag har i mång","Fru talman! Överallt stöter man på arbetslösheten.
Jag har släktingar som är arbetslösa. Jag har goda
vänner som är arbetslösa. När jag är på folkpartimö-
ten träffar jag arbetslösa. När jag är ute och reser
träffar jag arbetslösa. Jag kan inte minnas att vi nå-
gonsin varit i denna situation.

Varje arbetslös har naturligtvis sin egen historia.
En"
GX0913-1,GZ0957-104,0.93342,Mona Sahlin,S,2009-10-14,https://data.riksdagen.se/anforande/GX0913-1/html,Jonas Sjöstedt,V,2012-01-18,https://data.riksdagen.se/anforande/GZ0957-104/html,"Herr talman! Om ganska precis ett år är det val i Sverige. Och om ganska precis tio minuter kommer Reinfeldt och kompani att tåga upp här i talarstolen och angripa mig hårt för att jag hellre säger nej till att låna till skattesänkningar än säger upp 60 000 i välfärden, för att jag hellre tackar nej till sänkt skatt för dig, Fredrik Reinfeldt, och ","Fru talman! Jag tycker att debatten har gett en ganska god bild av den svenska politiken. På den ena sidan har vi en regering som är väldigt nöjd, inte minst med sig själv, och tycker att det går bra. Man hanterar de stora frågorna och det går framåt för Sverige. Man föreslår egentligen inga större samhällsförändringar eller reformer på något områd"
H309120-7,H20945-26,0.93337,Jan Björklund,L,2016-06-15,https://data.riksdagen.se/anforande/H309120-7/html,Anna Kinberg Batra,M,2015-01-14,https://data.riksdagen.se/anforande/H20945-26/html,"(Applåder)
Herr talman! Frihet är att få älska vem man vill. Det var denna frihet som terroristen i Orlando ville ta ifrån sina offer. Vi viker inte för terrorism. Friheten ska försvaras.
 STYLEREF Kantrubrik \* MERGEFORMAT Partiledardebatt
Herr talman! Sveriges största utmaning under överskådlig tid är integrationen av alla de nyanlända som har ko","Herr talman, ledamöter och åhörare! Låt mig börja med att återigen konstatera vilken viktig inledning det var på dagens debatt: Vi har bred uppslutning i vårt avståndstagande mot det fruktansvärda terrordådet i Frankrike, som hotar vårt öppna samhälle. Tillsammans står vi enade i vårt försvar av demokratin mot våldet. Det gläder mig att statsminist"
GJ0944-42,GK0953-36,0.93333,Gudrun Schyman,V,1996-01-24,https://data.riksdagen.se/anforande/GJ0944-42/html,Göran Persson,S,1997-01-22,https://data.riksdagen.se/anforande/GK0953-36/html,"Fru talman! Jag tänker ta upp litet om det politiska
språket. Det finns en del begrepp som är ofta före-
kommande i det politiska språket. Ett sådant begrepp
är ""populism"". Det är ett begrepp som har använts
flitigt då och då - oftast när de konkreta argumenten
tryter. När man skall diskutera de politiska sakfrågor-
na och inte hittar några bra arg","Herr talman! Så har vi då lyssnat på alla goda råd
om vad regeringen bör göra. När man tar till sig in-
trycken är det ingen hejd på goda förslag; mer av allt,
och dessutom lägre skatter! Regeringens otacksamma
uppgift har varit att städa upp efter en sådan politik.
När man hör en av dem som kanske mer än andra var
ansvarig för detta, Alf Svensson,"
GT0913-46,GZ0957-104,0.93332,Maud Olofsson,C,2005-10-12,https://data.riksdagen.se/anforande/GT0913-46/html,Jonas Sjöstedt,V,2012-01-18,https://data.riksdagen.se/anforande/GZ0957-104/html,Herr talman! Om man lyssnar på den svenska debatten är det lätt att få intrycket att den viktigaste frågan just nu handlar om 70 % eller 80 %. Man skulle kunna tro att ersättningsnivåernas storlek är fråga om himmel eller helvete. Det känns en smula småttigt när man hör debatten. Om vi för en stund skulle se oss om i världen och se vad som händer d,"Fru talman! Jag tycker att debatten har gett en ganska god bild av den svenska politiken. På den ena sidan har vi en regering som är väldigt nöjd, inte minst med sig själv, och tycker att det går bra. Man hanterar de stora frågorna och det går framåt för Sverige. Man föreslår egentligen inga större samhällsförändringar eller reformer på något områd"
GY0943-71,GY09116-19,0.93331,Maud Olofsson,C,2011-01-19,https://data.riksdagen.se/anforande/GY0943-71/html,Håkan Juholt,S,2011-06-15,https://data.riksdagen.se/anforande/GY09116-19/html,"Fru talman! Sverige kommer ur den ekonomiska krisen bättre än de flesta andra länder. Vi ser hur våra europeiska grannar sliter med såväl nedskärningar som skattehöjningar och växande skuldberg. Samtidigt rankar World Economic Forum Sverige tvåa på listan över världens mest konkurrenskraftiga länder.
Ja, vi har ordning och reda i ekonomin. Antalet","Herr talman! Ärade ledamöter! Jag har varit partiledare för Socialdemokraterna i ungefär två månader. Det har slagit mig vilka stora förväntningar som ställs på Socialdemokraterna. Jag förstår det, för svenska folket vet vad Sverige har blivit och vad Socialdemokraterna har tagit ansvar för genom historien. Vi är vad vi är, inte för att vi hela tid"
GL0953-23,GH093-1,0.93329,Lars Leijonborg,L,1998-01-21,https://data.riksdagen.se/anforande/GL0953-23/html,Ingvar Carlsson,S,1993-10-06,https://data.riksdagen.se/anforande/GH093-1/html,"Fru talman! Många ställer frågan vad som håller
på att hända med Sverige och svensk välfärd. I fre-
dags kom siffror som visar att av landets 8 847 000
invånare har 3 915 000 arbete. Det var genomsnitts-
siffran för 1997. Man får alltså gå tillbaka 23 år i
tiden för att hitta ett år då antalet var lägre. Men då
fanns det också färre invånare. Räkna","Fru talman! Det som inträffat i Ryssland är tragiskt
och oroande. Fascister och gammelkommunister
tvingade president Jeltsin att möta våld med våld.
Människoliv har gått till spillo. Den sköra
demokratin har utsatts för allvarliga påfrestningar.

De allra flesta av oss känner lättnad över att
kuppmakarna misslyckats. Men vi inser att
president Jelt"
GR0913-18,GL09122-46,0.93317,Lars Leijonborg,L,2003-10-15,https://data.riksdagen.se/anforande/GR0913-18/html,Göran Persson,S,1998-06-10,https://data.riksdagen.se/anforande/GL09122-46/html,"Herr talman! Den 13 juni samlades vi senast till partiledardebatt här i kammaren. Ibland räcker det med en så kort tid som fyra månader för att se viktiga tendenser. Det är inte mycket som har gått regeringens väg sedan dess. 
Svenskarna har sagt nej till euron och den extra långsiktiga tillväxtstimulans som den skulle ha inneburit. Kostnaderna fö","Fru talman! Jag vill börja med att rikta ett tack till
riksdagen för ett gott samarbete under mandatperio-
den. Men också ett tack för de beslut ni har orkat
fatta. Ingen riksdag före er i modern tid har fattat
svårare beslut. Ingen riksdag i en tidigare situation har
haft ett sådant utgångsläge som ni hade 1994. Ni fick
inte misslyckas. Det fanns "
H20945-110,GK0912-43,0.93314,Jonas Sjöstedt,V,2015-01-14,https://data.riksdagen.se/anforande/H20945-110/html,Göran Persson,S,1996-10-09,https://data.riksdagen.se/anforande/GK0912-43/html,"Herr talman! Vi lever i en tid av betydande politiska förändringar, både i den svenska inrikespolitiken och internationellt.
Det går bara att förfäras över våldsdåden i Paris, attackerna på dem som gick och handlade i mataffären inför sabbaten och det förfärliga mördandet av dem som uttryckte det fria ordet. Om detta är vi och ska vi vara överens. ","Herr talman! Vi har nu en debatt som skall spegla
det alternativ som ställs mot regeringens förslag - ett
regeringsförslag som i huvudsak stöds av Centerpar-
tiet.
Jag måste säga att när man lyssnar på debatten är
det inte en samlad bild man får, utan här ifrån talarsto-
len pläderar numera varje parti för sina egna hjärte-
frågor, obekymrade om hu"
H30913-18,H30913-135,0.93312,Stefan Löfven,S,2015-10-14,https://data.riksdagen.se/anforande/H30913-18/html,Jan Björklund,L,2015-10-14,https://data.riksdagen.se/anforande/H30913-135/html,"Herr talman! I måndags antog EU en gemensam position rörande konflikten i Syrien. Det internationella samfundet måste nu klara av att genomdriva två spår parallellt.
Det första är ett säkerhetsspår, som fokuserar på bekämpningen av Isil och andra terroristgrupper. Assadregimen bär huvudansvaret för konflikten i Syrien och för de massiva övergreppen","Fru talman! Nästan 10 000 människor - så många har sökt asyl i Sverige den senaste veckan. Bakom siffrorna döljer sig människor av kött och blod. Många av dem har flytt över havet och riskerat sina liv för att slippa krig och terror. De har gjort det som vi alla skulle göra i den situationen: försöka skapa en bättre framtid för våra barn.
Jag tror "
H00911-69,H10954-18,0.93309,Jan Björklund,L,2012-10-17,https://data.riksdagen.se/anforande/H00911-69/html,Mikael Damberg,S,2014-01-15,https://data.riksdagen.se/anforande/H10954-18/html,"Fru talman! I en europeisk jämförelse står Sverige starkt. När jag de senaste veckorna har mött mina europeiska kolleger i ministerråden för utbildning och forskning har de varit väldigt bekymrade kolleger jag mött. Många av dem, nästan huvuddelen, står inför stora nedskärningar och besparingar inom skolväsen, forskning och utbildning, sådant som d","Herr talman! I går uppmärksammade riksdagen Sveriges 200 år av fred. Det gör vårt land unikt i världen. Lyckan att under så lång tid förskonas från krigets fasor går inte att överskatta.
Vi kan konstatera att den långa freden har gett oss förutsättningar som många länder inte har. Den har bidragit till att göra Sverige till ett av världens bästa l"
HC09130-2,HC09130-3,0.93307,Ulf Kristersson,M,2025-06-11,https://data.riksdagen.se/anforande/HC09130-2/html,Magdalena Andersson,S,2025-06-11,https://data.riksdagen.se/anforande/HC09130-3/html,Herr talman! För tre år sedan fick vi mandatet av svenska folket att få ordning på Sverige. Låt mig påminna om hur det var då. Det var ett Sverige med ständiga regeringskriser där finansministern inte ens fick igenom sin egen budget. Det var ett Sverige där de dödliga skjutningarna hade tredubblats på tio år och ett Sverige som tog emot 300 000 asy,"Herr talman! Sedan vi senast stod i kammaren och debatterade har omvärlden förändrats i grunden. De politiska kontinentalplattorna har skiftat. Sverige möter ett nytt och mycket allvarligt säkerhetspolitiskt läge, den regelbaserade internationella ordningen utmanas och världsekonomin är i gungning när handelskrig hotar som ett resultat av en högerp"
GN0912-2,GP09125-56,0.93307,Bo Lundgren,M,1999-10-13,https://data.riksdagen.se/anforande/GN0912-2/html,Göran Persson,S,2002-06-14,https://data.riksdagen.se/anforande/GP09125-56/html,"Fru talman! ""Bryt upp, bryt upp! Den nya dagen
gryr. Oändligt är vårt stora äventyr.""
Dessa rader skrevs av Karin Boye för drygt 70 år
sedan. De präglas av nyfikenhet, frihetslängtan och
utvecklingsoptimism och passar väl för att inleda
1900-talets sista partiledardebatt. Den borde handla
om uppbrott från ett samhälle där skaparkraft och
företagsam","Herr talman! Först ett varmt tack till riksdagen för
den fyraårsperiod vi har arbetat tillsammans. Rege-
ringen har inte alltid fått som vi har velat, men vi har
presterat väldigt mycket gott tillsammans, och det är
jag tacksam för. Tack för det samarbetet!
Ett särskilt tack till Vänsterpartiet och Miljöpartiet
som i många frågor konstruktivt har b"
GN0952-1,GM0942-24,0.93305,Bo Lundgren,M,2000-01-19,https://data.riksdagen.se/anforande/GN0952-1/html,Göran Persson,S,1999-01-20,https://data.riksdagen.se/anforande/GM0942-24/html,"Fru talman! I Rosenbad har den gamla långbänken
åter kommit till heders. Där sitter de: Göran Persson,
som kommit fram till att valutasamarbetet är bra men
som inte gör något åt det. Bosse Ringholm, som tog
över skattesamtalen och gick från stolta deklarationer
om årtusendets skattereform till vaga samtal om den
tekniska utformningen av energibeska","Fru talman! Först skall jag tacka för alla vänliga
ord som har sagts, dessutom för strålande presenter.
Kanske är jag lite mer försiktig med EMU-
projektet än Lars Leijonborg. Jag skulle nog inte
riktigt vilja likna det vid den där fågeln som inte kan
flyga. Emun låter mycket, det vet vi, men den flyger
ju inte så bra. Vi får se vad som händer med "
GJ0976-5,GQ0944-26,0.933,Birger Schlaug,MP,1996-03-27,https://data.riksdagen.se/anforande/GJ0976-5/html,Bo Lundgren,M,2003-01-22,https://data.riksdagen.se/anforande/GQ0944-26/html,"Fru talman! Ledamöter! Ni som sitter på läktaren,
alla ni som lyssnar på radio eller ser på TV, orkar ni
en stund till? Jag tycker att det börjar kännas som det
alltid känns i de här debatterna. Det är samma argu-
ment.

Jag skall börja med att hålla med Gudrun Schy-
man om en sak, nämligen att det är alldeles för många
män som pysslar med ekonomi.","Herr talman! Jag kan hålla med Maria Wetter-
strand åtminstone i ett avseende, och det är att de
frågor som diskuteras i konventet och som så små-
ningom ska bli föremål för beslut i Europeiska rådet
skulle kunna få en större plats här i riksdagen. Om jag
som riksdagsledamot skulle ge ett råd till talmannen
kunde det vara att man i stället för att "
GW0913-44,GM0942-24,0.93298,Jan Björklund,L,2008-10-15,https://data.riksdagen.se/anforande/GW0913-44/html,Göran Persson,S,1999-01-20,https://data.riksdagen.se/anforande/GM0942-24/html,"Herr talman! Turbulens är ordet. De senaste veckorna har varit omtumlande. Ändå är det viktigaste budskapet till svenska folket i dag att vi kommer att ta oss igenom även detta. Det kommer en avmattning i konjunkturen. Vi kommer att få utmaningar att lösa. Men vi kommer att klara det.
En ideologisk debatt om krisens orsaker har redan satt i gång. ","Fru talman! Först skall jag tacka för alla vänliga
ord som har sagts, dessutom för strålande presenter.
Kanske är jag lite mer försiktig med EMU-
projektet än Lars Leijonborg. Jag skulle nog inte
riktigt vilja likna det vid den där fågeln som inte kan
flyga. Emun låter mycket, det vet vi, men den flyger
ju inte så bra. Vi får se vad som händer med "
GS0913-28,GH093-1,0.93297,Göran Hägglund,KD,2004-10-13,https://data.riksdagen.se/anforande/GS0913-28/html,Ingvar Carlsson,S,1993-10-06,https://data.riksdagen.se/anforande/GH093-1/html,"Herr talman! Låt mig först säga ett par ord med anledning av vad som varit. Här har, på goda grunder, sagts mycket om ersättningsnivåer. Jag och mitt parti anser att ersättningsnivåerna ska ligga kvar på 80 %. I kammaren finns en person som har erfarenhet av att ha sänkt ersättningsnivåerna, inte till 65 % men väl till 70 %. Han sitter där borta oc","Fru talman! Det som inträffat i Ryssland är tragiskt
och oroande. Fascister och gammelkommunister
tvingade president Jeltsin att möta våld med våld.
Människoliv har gått till spillo. Den sköra
demokratin har utsatts för allvarliga påfrestningar.

De allra flesta av oss känner lättnad över att
kuppmakarna misslyckats. Men vi inser att
president Jelt"
GL0953-1,GK09119-4,0.93295,Carl Bildt,M,1998-01-21,https://data.riksdagen.se/anforande/GL0953-1/html,Lars Leijonborg,L,1997-06-12,https://data.riksdagen.se/anforande/GK09119-4/html,"Fru talman! Ärade ledamöter! Det sägs ofta att vi i
dessa debatter i kammaren bara talar om det som är
dåligt eller om punkter där vi har delade meningar.
Låt mig då börja med två viktiga och bra besked som
vi har fått under de senaste veckorna.
Det gäller för det första alldeles självklart pen-
sionsuppgörelsen. Det kan sägas, och jag har sagt det","Fru talman! 1974 vann ABBA schlagerfestivalen i
Brighton och Göran Persson blev studiesekreterare i
Södermanlands ABF-distrikt. Det känns som ganska
länge sedan - det är 23 år sedan. Men så många år får
man gå tillbaka i SCB:s statistik för att hitta en vår då
sysselsättningen i Sverige var lika låg som nu, våren
1997.
Svenskarna förstår att detta "
H70931-89,H70931-1,0.93293,Ebba Busch Thor,KD,2019-11-13,https://data.riksdagen.se/anforande/H70931-89/html,Stefan Löfven,S,2019-11-13,https://data.riksdagen.se/anforande/H70931-1/html,"Fru talman! Nästan ett halvår har passerat sedan EU-valet. Vi kristdemokrater sökte väljarnas mandat för att arbeta för ett EU som har rätt fokus, ett EU som fokuserar på att lösa gemensamma problem men som också accepterar att länderna i unionen är olika varandra. Vi kallade det för lagom: mer av det som EU verkligen ska göra, mindre av det som me","Herr talman! I lördags var det precis 30 år sedan Berlinmuren föll. Järnridån och kallt krig gav vika, och i stället växte ett ökat samarbete i Europa fram - ett historiskt samarbete. Och just i dag för 25 år sedan gick svenskar till vallokaler över hela landet i en folkomröstning om EU-medlemskap. Inför den omröstningen var Sverige ett land av deb"
GV0911-1,GQ0912-2,0.9329,Mona Sahlin,S,2007-10-17,https://data.riksdagen.se/anforande/GV0911-1/html,Bo Lundgren,M,2002-11-06,https://data.riksdagen.se/anforande/GQ0912-2/html,"Herr talman! Det har hänt mycket i svensk politik sedan den förra partiledardebatten. En försvarsminister har avgått för att han inte hade stöd i regeringen. En finansmarknadsminister borde ha avgått för att han bara har stöd i regeringen. Jobben har blivit fler, men det har de långtidsarbetslösa också blivit. Vi som har höga inkomster har blivit r","Herr talman! Varje dag vaknar fyra miljoner män-
niskor och går till jobbet. De undervisar våra barn, de
tillverkar möbler och bygger hus. De vårdar gamla,
de driver företag och de utvecklar nya idéer. Det är de
som är grunden för vårt välstånd och vår möjlighet att
möta framtidens utmaningar.
Varje dag vaknar också uppemot en och en halv
miljon mä"
H70958-6,GM09111-1,0.93287,Ebba Busch Thor,KD,2020-01-15,https://data.riksdagen.se/anforande/H70958-6/html,Lars Tobisson,M,1999-06-16,https://data.riksdagen.se/anforande/GM09111-1/html,"Herr talman! Winston Churchill lär ha sagt att det som gör en person kvalificerad att bära ett politiskt förtroendeuppdrag är vederbörandes förmåga att förutsäga vad som kommer att inträffa i morgon, nästa vecka, nästa månad och nästa år och sedan efteråt förklara varför det inte hände. Vi kristdemokrater når uppenbarligen inte upp till dessa churc","Herr talman! I Mjölby kyrka hölls i går en min-
nesgudstjänst för de två mördade polismännen Olov
Borén och Robert Karlström. Deras tragiska bortgång
har skapat ett smärtsamt sår i den svenska folksjälen.
Vi får aldrig förtröttas i kampen för att stärka re-
spekten för människovärdet och demokratin. Det
gäller här hemma, och det gäller i t.ex. Koso"
H109128-87,GH093-3,0.93287,Jimmie Åkesson,SD,2014-06-18,https://data.riksdagen.se/anforande/H109128-87/html,Gudrun Schyman,V,1993-10-06,https://data.riksdagen.se/anforande/GH093-3/html,"Herr talman! Vi befinner oss i slutet av mandatperioden, och detta blir följaktligen den sista debatten av det här slaget för denna gång. 
Till skillnad från förra mandatperioden har vi under denna haft en minoritetsregering som emellanåt har haft svårt att acceptera att man inte haft stöd av en majoritet i riksdagen vid alla tillfällen. 
Det är ","Fru talman! Det är intressant att höra att
föregående talare är så oroad över att ledamöter
lämnar den här salen. Han borde vara mer oroad
över att så många ledamöter lämnar hans eget parti
med hänvisning till att det är odemokratiskt och
diktatoriskt styrt.

Jag skall inleda det här anförandet med att för
ovanlighetens skull redovisa ett sammanhan"
GX0913-1,GP09125-38,0.93287,Mona Sahlin,S,2009-10-14,https://data.riksdagen.se/anforande/GX0913-1/html,Lena Ek,C,2002-06-14,https://data.riksdagen.se/anforande/GP09125-38/html,"Herr talman! Om ganska precis ett år är det val i Sverige. Och om ganska precis tio minuter kommer Reinfeldt och kompani att tåga upp här i talarstolen och angripa mig hårt för att jag hellre säger nej till att låna till skattesänkningar än säger upp 60 000 i välfärden, för att jag hellre tackar nej till sänkt skatt för dig, Fredrik Reinfeldt, och ","Fru talman! Ärade ledamöter! Ärade åhörare! Nu
är det examensdags igen. Nu ska den förda politiken
under de senaste fyra åren prövas, och nu ska alterna-
tiven vägas mot varandra.
Vi har en bild av skönmålning och upprepning av
en del goda resultat men också av en del förskräckligt
dåliga resultat. Vi har en ohälsa som i kostnad ökar
med 25 miljone"
HC093-26,H9093-2,0.93283,Magdalena Andersson,S,2024-09-11,https://data.riksdagen.se/anforande/HC093-26/html,Ulf Kristersson,M,2021-09-15,https://data.riksdagen.se/anforande/H9093-2/html,"Herr talman! Sverige är ett fantastiskt land, och vårt samhälle är skapat av oss tillsammans.
Det betyder också att de samhällsproblem som vi står inför, ja, dem kan vi lösa om vi prioriterar rätt - som genom att stötta barnfamiljerna så att vanliga svenskar som jobbar hårt ska kunna leva ett gott liv i stället för att prioritera skattesänkningar t","Herr talman! Efter många års arbete i svensk politik är det här Stefan Löfvens sista riksdagsdebatt. I Sverige har vi en tradition som jag gillar, nämligen att skilja på sak och person. Man kan ogilla en åsikt men respektera människan bakom åsikten. Det här ligger nära yttrandefrihetens klassiska ideal: Jag håller inte med om vad du säger, men jag "
GR0955-54,GI09121-10,0.93282,Ingrid Burman,V,2004-01-21,https://data.riksdagen.se/anforande/GR0955-54/html,Olof Johansson,C,1995-06-15,https://data.riksdagen.se/anforande/GI09121-10/html,"Fru talman! Det är en prioriterad fråga för Vänsterpartiet att arbeta mot och bekämpa arbetslösheten. Vi ska nå det 80-procentiga målet med sysselsatta. Vi har ju också haft den så kallade juluppgörelsen, som innebar att vi ska stimulera tillväxten. Det handlar delvis om arbetsmarknadspolitiska insatser. Mycket av detta är riktat till kommuner och ","Fru talman! Vardagen förmörkas ofta av en brutal
verklighet, så också vid detta riksdagsårs slut. Rap-
porterna om ett alltmer brutaliserat våld, inte minst
bland ungdomar, växer i styrka. I natt kom den senas-
te rapporten.
Knivbeväpning förefaller i vissa sammanhang och
kretsar snarare vara regel än undantag. Den som
knivbeväpnar sig gör sig ju o"
H60944-111,HD0931-3,0.9328,Jan Björklund,L,2019-01-30,https://data.riksdagen.se/anforande/H60944-111/html,Magdalena Andersson,S,2025-11-12,https://data.riksdagen.se/anforande/HD0931-3/html,"Fru talman! De vägval Europa står inför är några av de mest avgörande i vår tid. Detta samarbete har byggts upp under årtionden för att trygga fred, frihet och demokrati i vår del av världen. Det har lett till att Sydeuropas fascistiska diktaturer demokratiserats. Det ledde också till att Östeuropas kommunistiska diktaturer demokratiserades. Männis","Herr talman! 30 år har gått sedan Sverige blev medlem av Europeiska unionen. Det var en tid av framtidstro och framtidsoptimism, där världen utvecklades mot mer demokrati, mer frihandel och mer fred. Nu bevittnar vi något annat. 
Herr talman! I vår tid ser svenska folket ett fullskaligt krig på den europeiska kontinenten. Bomber fortsätter att fall"
HA0921-7,HB0930-108,0.93278,Per Bolund,MP,2022-11-16,https://data.riksdagen.se/anforande/HA0921-7/html,Muharrem Demirok,C,2023-11-15,https://data.riksdagen.se/anforande/HB0930-108/html,"Herr talman! Putins invasionskrig i Ukraina visar något av det sämsta mänskligheten har att erbjuda: lidande, död och misär. Samtidigt är det viktigt att minnas det som Ukrainas representant i FN:s klimatpanel sa: Kriget i Ukraina har samma grund som den klimatkris vi är inne i, det vill säga vårt beroende av fossila bränslen.
Just nu pågår klimatt","Fru talman! 10 miljoner ton koldioxid - så mycket ökar de svenska utsläppen till 2030. Detta är inte mina ord; det kommer direkt från regeringens egen budget. Den här regeringen, med en liberal miljöminister, chockhöjer Sveriges utsläpp. Samtidigt flaggar man för att det kommer att vara svårt att leva upp till EU:s miljökrav. Liberalerna kallar sam"
GY099-26,GK09119-8,0.93274,Fredrik Reinfeldt,M,2010-11-03,https://data.riksdagen.se/anforande/GY099-26/html,Göran Persson,S,1997-06-12,https://data.riksdagen.se/anforande/GK09119-8/html,"Herr talman! Ärade ledamöter! I dag på morgonen nådde oss beskedet att de amerikanska väljarna, sin vana trogen, skulle man kunna tillägga, har röstat mot sittande president och regering. Inte ens Barack Obamas ""yes, we can"" och fantastiska seger för två år sedan kunde synbarligen bryta den trenden.
Det finns ett missnöje, en bristande tilltro til","Fru talman! Precis vid samma tillfälle som jag
förberedde debatten inför avslutningen av riksdags-
året kom opinionsmätningen som visade att svenska
barn och ungdomar i förfärande stor utsträckning inte
känner till att förintelsen inträffade under andra
världskriget. Det förtog hela den stämning som jag
försökte arbeta upp inför debatten.
Det är na"
GM0942-16,GM0942-11,0.93271,Alf Svensson,KD,1999-01-20,https://data.riksdagen.se/anforande/GM0942-16/html,Gudrun Schyman,V,1999-01-20,https://data.riksdagen.se/anforande/GM0942-11/html,"Fru talman! Herr statsminister!
Med en enkel tulipan uppå bemärkelseda'n,
jag har den äran, jag har den äran att gratulera!

Blomman kanske ser ut som en tulipanaros - jag
vet inte - men den skall i så fall inte uppfattas sym-
boliskt. Den är i alla fall röd och grön. ""Rröd och
grrön."" Samtidigt bör det understrykas att det var tur
att det inte var","Fru talman! Jag tänkte börja med att gratulera Gö-
ran Persson på hans 50-årsdag. Vi får tillfälle att
gratulera mera i eftermiddag, vet jag.
Jag vill också gärna gratulera till det mycket kloka
beslutet att låta tillsätta en sanningskommission. Det
var en bra present till alla oss som har arbetat för det
här under lång tid och framför allt en bra "
H109108-68,HA0921-1,0.93267,Jan Björklund,L,2014-05-07,https://data.riksdagen.se/anforande/H109108-68/html,Ulf Kristersson,M,2022-11-16,https://data.riksdagen.se/anforande/HA0921-1/html,Fru talman! I hotellobbyn hänger vita lakan. Det är det enda som skiljer receptionen från det som har blivit ett bårhus. Det är när kvinnan läser namnlappen som hon förstår att kroppen efter hennes make Vladimir är en av dem som ligger insvepta bakom det vita lakanet. Kvinnan faller på knä. Hon har deras 14-årige son med sig. Deras femåriga dotter ,"Herr talman! Den 11 november befriade Ukraina Cherson. På torget vajar nu Ukrainas flagga bredvid den europeiska flaggan. Ukrainska män och kvinnor har meter för meter återtagit sitt land och delar av sin frihet.
I går dödades två människor i Polen, mycket nära den ukrainska gränsen. En undersökning pågår, och Nato och Sverige följer utvecklingen m"
GT0957-48,GJ0944-31,0.93265,Göran Hägglund,KD,2006-01-18,https://data.riksdagen.se/anforande/GT0957-48/html,Lars Leijonborg,L,1996-01-24,https://data.riksdagen.se/anforande/GJ0944-31/html,"Herr talman! Det närmar sig valet, som det har sagts flera gånger tidigare. Ett budskap som vi kommer att få höra många gånger om är att alla ska med. Så enkelt är det. Det är det budskap som Socialdemokraterna kommer att trumma in under valrörelsen. Frågan är då hur det PR-konsultade budskapet fungerar gentemot den verklighet vi människor lever i.","Fru talman! Detta är Ingvar Carlssons sista parti-
ledardebatt. Jag vill gärna, på Folkpartiets och mina
egna vägnar, tacka honom för hans gärning i svenskt
samhällsliv från 50-talet och framåt. Ingvar Carlsson
har en rad personliga egenskaper som det är lätt att
känna sympati för. För att nämna en enda, har han vid
möten i mindre kretsar en humor,"
GV09126-70,GQ0944-26,0.93261,Lars Ohly,V,2008-06-11,https://data.riksdagen.se/anforande/GV09126-70/html,Bo Lundgren,M,2003-01-22,https://data.riksdagen.se/anforande/GQ0944-26/html,"Herr talman! Vi står inför tre stora utmaningar som måste hanteras.
Den första handlar om klimatproblemen, och det är också den största utmaningen, därför att om vi inte klarar av att bemöta den globala uppvärmningen med en politik för hållbar utveckling kommer alla andra politiska frågor att hamna i slagskugga. För att klara det krävs det storska","Herr talman! Jag kan hålla med Maria Wetter-
strand åtminstone i ett avseende, och det är att de
frågor som diskuteras i konventet och som så små-
ningom ska bli föremål för beslut i Europeiska rådet
skulle kunna få en större plats här i riksdagen. Om jag
som riksdagsledamot skulle ge ett råd till talmannen
kunde det vara att man i stället för att "
GP0952-53,GP09125-38,0.9326,Lars Leijonborg,L,2002-01-16,https://data.riksdagen.se/anforande/GP0952-53/html,Lena Ek,C,2002-06-14,https://data.riksdagen.se/anforande/GP09125-38/html,"Fru talman! Varför blir fler och fler människor
sjuka på jobbet i Göran Perssons Sverige? Det är en
stor och viktig fråga som borde ha debatterats väldigt
mycket i Sverige under det senaste året. Hur ohälso-
talens utveckling kan hejdas är en ödesfråga för vårt
land. Men genom det mycket speciella 2001 som vi
nu har bakom oss har den typen av frågo","Fru talman! Ärade ledamöter! Ärade åhörare! Nu
är det examensdags igen. Nu ska den förda politiken
under de senaste fyra åren prövas, och nu ska alterna-
tiven vägas mot varandra.
Vi har en bild av skönmålning och upprepning av
en del goda resultat men också av en del förskräckligt
dåliga resultat. Vi har en ohälsa som i kostnad ökar
med 25 miljone"
GJ0976-5,GJ0976-1,0.93258,Birger Schlaug,MP,1996-03-27,https://data.riksdagen.se/anforande/GJ0976-5/html,Lars Tobisson,M,1996-03-27,https://data.riksdagen.se/anforande/GJ0976-1/html,"Fru talman! Ledamöter! Ni som sitter på läktaren,
alla ni som lyssnar på radio eller ser på TV, orkar ni
en stund till? Jag tycker att det börjar kännas som det
alltid känns i de här debatterna. Det är samma argu-
ment.

Jag skall börja med att hålla med Gudrun Schy-
man om en sak, nämligen att det är alldeles för många
män som pysslar med ekonomi.","Fru talman! Denna partiledardebatt är förorsakad
av att Sverige bytt regering. Landet har inte bytt poli-
tik. Frågan är om regeringen ens har någon politik.
Under alla omständigheter är den inte vad som krävs.

Vid den socialdemokratiska partikongressen vann
Göran Persson över Vänstern, sägs det. Och visst
undgick den nye partiledaren i stort sett"
GJ09110-31,GJ09110-7,0.93256,Olof Johansson,C,1996-06-12,https://data.riksdagen.se/anforande/GJ09110-31/html,Göran Persson,S,1996-06-12,https://data.riksdagen.se/anforande/GJ09110-7/html,"Fru talman! Det här är en uppvisning i praktisk
solidaritet. Jag avstår gärna från mina sista tre minuter
- vi gör så mycket att vi inte behöver prata så mycket.

Jag vill dock göra några avslutande kommentarer
till den debatt som har förts, formulerade som skilje-
linjer som har kommit fram i debatten.

Jag tycker att en viktig skiljelinje - jag h","Herr talman! Jag hade egentligen planerat att hålla
ett annat anförande än det jag nu skall hålla. Det beror
på att vi har fått bevittna ett sådant totalt sönderfall
och en så total brist på reaktion från de partiers sida
som står utanför den uppgörelse som presenterades i
går om hur vi skall pressa tillbaka den öppna arbets-
lösheten.

Jag har lys"
HB0956-16,HC09130-3,0.93255,Ebba Busch,KD,2024-01-17,https://data.riksdagen.se/anforande/HB0956-16/html,Magdalena Andersson,S,2025-06-11,https://data.riksdagen.se/anforande/HC09130-3/html,Herr talman! Sverige behöver en starkare samhällsgemenskap och ett starkare samhällsbygge. Svenska staten behöver ta en mycket mer aktiv roll och bli mer av en katalysator till näringslivets tillväxtmotor. Vi måste inse att om Sverige inte kan eller ska konkurrera med billig arbetskraft eller massiva statsstöd måste vi konkurrera genom att vara ett,"Herr talman! Sedan vi senast stod i kammaren och debatterade har omvärlden förändrats i grunden. De politiska kontinentalplattorna har skiftat. Sverige möter ett nytt och mycket allvarligt säkerhetspolitiskt läge, den regelbaserade internationella ordningen utmanas och världsekonomin är i gungning när handelskrig hotar som ett resultat av en högerp"
GZ09129-103,GW0913-1,0.93251,Jonas Sjöstedt,V,2012-06-13,https://data.riksdagen.se/anforande/GZ09129-103/html,Mona Sahlin,S,2008-10-15,https://data.riksdagen.se/anforande/GW0913-1/html,Fru talman! Åhörare! Bästa regering! Den ekonomiska krisen håller stora delar av Europa i ett järngrepp. Miljoner unga som hoppades på en bra framtid blir arbetslösa och fattiga. Lönerna sänks för dem som redan tjänade dåligt. Den lilla välfärd som byggdes upp på många håll monteras nu ned snabbt. På diktat av Europeiska unionen angrips fackliga rä,"Herr talman! Sverige har en samhällsmodell byggd på sammanhållning och solidaritet - den svenska modellen. Där har vi hittills hämtat vår styrka i den internationella konkurrensen. Kunskap, trygghet och rättvisa har varit vårt avstamp för en stark utveckling.
Nu är det tuffa tider för många löntagare och företag i Sverige. Då är det politikens upp"
GI098-5,GJ093-24,0.93248,Birger Schlaug,MP,1994-10-12,https://data.riksdagen.se/anforande/GI098-5/html,Lars Leijonborg,L,1995-10-04,https://data.riksdagen.se/anforande/GJ093-24/html,"Fru talman! Först skall man väl hälsa den nya
regeringen välkommen. Jag hoppas att ni också hälsar
Miljöpartiet välkommet. Vi är nya båda två. Vi
kanske rent av behöver varandra för att få igenom
någonting så småningom.
Den svenska ekonomiska politiken har tappat
fotfästet. Alltmer virvlar runt i en låtsasvärld. I
låtsasvärlden hör vi ord som ""ränt","Fru talman! Det låga valdeltagandet i EU-valet var
ett tecken. Men det finns tyvärr många fler. Alldeles
för många människor känner en växande misstro mot
oss politiker, mot det politiska systemet och mot dess
sätt att fungera.

Löftesbrotten har varit för många. Skillnaden har
blivit för stor mellan retoriken före valet och realite-
ten efter vale"
GP09125-33,GO0951-26,0.93246,Alf Svensson,KD,2002-06-14,https://data.riksdagen.se/anforande/GP09125-33/html,Bo Lundgren,M,2001-01-17,https://data.riksdagen.se/anforande/GO0951-26/html,"Fru talman! Bakom oss har vi, som vi alla vet, åtta
år av socialdemokratiskt styre, varav sex år med Gö-
ran Persson. På senaste tiden har Sverige tappat, det
är alldeles uppenbart, både kurs och fart. Och det är
självfallet oppositionens plikt att påtala detta. Sverige
behöver en annan kurs än den nuvarande vänsterrege-
ringens. Och Sverige måste ","Fru talman! Jag ska med glädje besvara Göran
Perssons fråga om vilket mitt drömland är. Men låt
mig först önska Göran Persson lycka till. Uppdraget
för Sverige att vara ordförandeland i den europeiska
unionen är mycket viktigt. Inte minst gäller det den
fråga som vi moderater och regeringen är helt överens
om, nämligen den historiska uppgiften att "
GY0943-1,GY0943-54,0.93244,Fredrik Reinfeldt,M,2011-01-19,https://data.riksdagen.se/anforande/GY0943-1/html,Jan Björklund,L,2011-01-19,https://data.riksdagen.se/anforande/GY0943-54/html,"Herr talman, ärade ledamöter! Med historiska tillväxttal och med en ekonomi i balans lämnar Sverige 2010 och går in i 2011. Den vändning vi har sett i svensk ekonomi från 2009 till 2010 är historisk och avviker från hur det ser ut i andra länder. Det finns flera förklaringar till det, men det handlar om regeringens arbetslinje. Den krispolitik som ","Herr talman! Mitt i julhandeln sprängde sig en man till döds i centrala Stockholm. Hans avsikt var att ta med sig många oskyldiga människor in i döden. Han misslyckades med det. Men vi måste inse att en katastrof var mycket nära.
Vårt öppna liberala samhälle är sårbart. Rädslan för denna typ av händelser kan leda till reaktionen att det skulle var"
GI0947-2,GJ0976-1,0.93243,Olof Johansson,C,1994-12-21,https://data.riksdagen.se/anforande/GI0947-2/html,Lars Tobisson,M,1996-03-27,https://data.riksdagen.se/anforande/GJ0976-1/html,"Fru talman! Statsministern sade sig i regerings-
förklaringen vilja göra sitt yttersta för att åstadkomma
ett nytt samarbetsklimat i Sverige - i riksdagen, på
arbetsmarknaden och mellan enskilda medborgare.
Nu är det dags för en första revision av de uttalanden.
Jag måste erkänna att den socialdemokratiska rege-
ringen har lyckats. På 75 dagar har ","Fru talman! Denna partiledardebatt är förorsakad
av att Sverige bytt regering. Landet har inte bytt poli-
tik. Frågan är om regeringen ens har någon politik.
Under alla omständigheter är den inte vad som krävs.

Vid den socialdemokratiska partikongressen vann
Göran Persson över Vänstern, sägs det. Och visst
undgick den nye partiledaren i stort sett"
GI098-2,GK0912-43,0.93241,Olof Johansson,C,1994-10-12,https://data.riksdagen.se/anforande/GI098-2/html,Göran Persson,S,1996-10-09,https://data.riksdagen.se/anforande/GK0912-43/html,"Fru talman! Årets val resulterade i en tydlig
vänstermajoritet i riksdagen. I den majoriteten finns
Socialdemokraterna, Vänsterpartiet och även
Miljöpartiet - detta med hänsyn till Miljöpartiets stöd
under valkampanjen till en socialdemokratiskt ledd
regering. Efter detta klara valresultat förordade jag
vid samtal med talmannen en majoritetsregerin","Herr talman! Vi har nu en debatt som skall spegla
det alternativ som ställs mot regeringens förslag - ett
regeringsförslag som i huvudsak stöds av Centerpar-
tiet.
Jag måste säga att när man lyssnar på debatten är
det inte en samlad bild man får, utan här ifrån talarsto-
len pläderar numera varje parti för sina egna hjärte-
frågor, obekymrade om hu"
GI098-3,GJ09110-1,0.93235,Bengt Westerberg,L,1994-10-12,https://data.riksdagen.se/anforande/GI098-3/html,Lars Tobisson,M,1996-06-12,https://data.riksdagen.se/anforande/GJ09110-1/html,"Fru talman!  Tanken är att den här debatten skall
handla om den regeringsförklaring som Ingvar
Carlsson läste upp här i kammaren i fredags.
Vi satt några stycken dagen innan och spekulerade
om vilka överraskningar som  regeringsförklaringen
eventuellt skulle kunna innehålla.
Då var det någon i sällskapet som sade ungefär så
här: Tänk om Ingvar Carl","Herr talman! I dag skulle talmannen ha blåst till
halvtid för mandatperioden. Riksdagen skulle ha kun-
nat summera de två första åren av den socialdemo-
kratiska regeringsperioden.

Men så blev det inte. Regeringens oförmåga att för
riksdagen lägga fram förslag på utlovad tid har föran-
lett oss moderater att begära att riksdagen fortsätter
sitt ar"
GP0952-1,H209113-132,0.93235,Göran Persson,S,2002-01-16,https://data.riksdagen.se/anforande/GP0952-1/html,Jakob Forssmed,KD,2015-06-10,https://data.riksdagen.se/anforande/H209113-132/html,"Fru talman! Nu påbörjar vi den sista terminen för
den här riksdagen. Till sommaren är mandatperioden
till ända. I höst är det en ny riksdag som samlas. Det
manar till eftertanke, ungefär som när man vid nyår
tänker tillbaka på året som gått. Vad gav det? Vad
fick jag gjort av det jag planerat?
Jag kan inte säga att jag är nöjd. Kan man vara
nöjd nä","Herr talman! Vi lever i en tid av snabba förändringar. Det är en tid av oro, nya krav, hot och möjligheter, en tid där mycket av det vi tidigare gjort visar sig otillräckligt och där flera gamla svar inte är rätt för nya problem.
Hur ser en framgångsrik politik ut för det goda samhället i en ny tid? Vad ska vi göra i dag för att Sverige ska vara et"
GX0959-57,GK0953-24,0.93233,Göran Hägglund,KD,2010-01-20,https://data.riksdagen.se/anforande/GX0959-57/html,Lars Leijonborg,L,1997-01-22,https://data.riksdagen.se/anforande/GK0953-24/html,"Herr talman! Världens blickar är för närvarande riktade mot Haiti, och världssamfundet gör stora ansträngningar för att komma till rätta med effekterna av den förödande jordbävningen. Också Sverige gör förstås insatser och inte minst enskilda människor och ideella organisationer genom ett väldigt starkt stöd för den nödvändiga uppbyggnaden och för ","Fru talman! Låt oss återvända till Volvo Aero i
Arboga ett ögonblick. Vi har sett intervjuerna med de
drabbade familjerna. 650 personer har drabbats av
uppsägning. Tänk er att vi får en sådan jättesmäll på
arbetsmarknaden varje vecka i ett helt år. Det skulle
bli mellan 30 000 och 40 000 människor. Men faktum
är att arbetslösheten ökade så mycket u"
GL0953-23,GP0952-26,0.93233,Lars Leijonborg,L,1998-01-21,https://data.riksdagen.se/anforande/GL0953-23/html,Bo Lundgren,M,2002-01-16,https://data.riksdagen.se/anforande/GP0952-26/html,"Fru talman! Många ställer frågan vad som håller
på att hända med Sverige och svensk välfärd. I fre-
dags kom siffror som visar att av landets 8 847 000
invånare har 3 915 000 arbete. Det var genomsnitts-
siffran för 1997. Man får alltså gå tillbaka 23 år i
tiden för att hitta ett år då antalet var lägre. Men då
fanns det också färre invånare. Räkna","Fru talman! Apropå den diskussion vi redan haft
om förnöjsamhet och skolan vill jag visa upp dagens
Aftonbladet, som presenterar en undersökning bland
skoleleverna. Eleverna har fått nog av problemen i
skolan, står det. Det räcker inte med ny minister. Det
behövs en ny politik, och det kräver en ny regering.
Visst, Göran Persson, ska vi utjämna ska"
H909126-3,GT0913-2,0.93232,Jimmie Åkesson,SD,2022-06-08,https://data.riksdagen.se/anforande/H909126-3/html,Fredrik Reinfeldt,M,2005-10-12,https://data.riksdagen.se/anforande/GT0913-2/html,"Herr talman! Vi har facit framför oss. Vi har resultatet av ett åtta år långt socialdemokratiskt maktinnehav, åtta år av fiaskon, åtta förlorade år. Tyvärr finns det inga tecken på att den här regeringen bär några som helst insikter nog för att ta ansvar för sina misslyckanden. I stället vill man ha mer makt, mer möjlighet att göra ännu mer skada. ","Herr talman! Ärade ledamöter! Sverige är ett bra land att leva i, åtminstone för flertalet av oss som bor här. När man ser fattigdom och hänsynslöshet runtom i världen slås man av hur lyckliga vi är, vi få som har fötts i Sverige, till den rikedom och de möjligheter som finns här.
Det innebär inte att alla som bor i Sverige mår bra eller tycker at"
GW0913-18,GZ0957-104,0.93232,Fredrik Reinfeldt,M,2008-10-15,https://data.riksdagen.se/anforande/GW0913-18/html,Jonas Sjöstedt,V,2012-01-18,https://data.riksdagen.se/anforande/GZ0957-104/html,"Herr talman! Riksdagens partiledardebatt förs i dag i ett läge där det krävs samling i Sverige, i Europa och i världen för att möta en av de mest djupgående globala finanskriser som världen har upplevt. Även om debattvågorna här i dag i denna kammare går höga tror jag att jag kan lova att den som inte löser finanskrisen kommer att se djupare och he","Fru talman! Jag tycker att debatten har gett en ganska god bild av den svenska politiken. På den ena sidan har vi en regering som är väldigt nöjd, inte minst med sig själv, och tycker att det går bra. Man hanterar de stora frågorna och det går framåt för Sverige. Man föreslår egentligen inga större samhällsförändringar eller reformer på något områd"
GI0947-2,GI09121-1,0.93229,Olof Johansson,C,1994-12-21,https://data.riksdagen.se/anforande/GI0947-2/html,Lars Tobisson,M,1995-06-15,https://data.riksdagen.se/anforande/GI09121-1/html,"Fru talman! Statsministern sade sig i regerings-
förklaringen vilja göra sitt yttersta för att åstadkomma
ett nytt samarbetsklimat i Sverige - i riksdagen, på
arbetsmarknaden och mellan enskilda medborgare.
Nu är det dags för en första revision av de uttalanden.
Jag måste erkänna att den socialdemokratiska rege-
ringen har lyckats. På 75 dagar har ","Fru talman! Så här vid riksmötets slut är det na-
turligt att se tillbaka på vad som hänt sedan valet i
höstas. I särklass viktigast är att medborgarna i folk-
omröstning beslutat om Sveriges inträde i EU och att
vi sedan årsskiftet deltar fullt ut i det europeiska sam-
arbetet - detta efter den borgerliga regeringens förar-
bete och utan att den s"
H00911-69,H10954-102,0.93224,Jan Björklund,L,2012-10-17,https://data.riksdagen.se/anforande/H00911-69/html,Jonas Sjöstedt,V,2014-01-15,https://data.riksdagen.se/anforande/H10954-102/html,"Fru talman! I en europeisk jämförelse står Sverige starkt. När jag de senaste veckorna har mött mina europeiska kolleger i ministerråden för utbildning och forskning har de varit väldigt bekymrade kolleger jag mött. Många av dem, nästan huvuddelen, står inför stora nedskärningar och besparingar inom skolväsen, forskning och utbildning, sådant som d","Fru talman! Åhörare! Valåret 2014 har börjat. Men det som ligger framför oss är mer än ett valår. Det är ett vägval, inte bara för Sverige, utan också för Europa. I grunden handlar detta vägval om vilka värderingar vi bygger vårt samhälle på. Vi väljer mellan marknadsliberal experimentverkstad och en välfärd för alla. Vi väljer mellan omtanke och g"
H20945-110,GJ093-47,0.93221,Jonas Sjöstedt,V,2015-01-14,https://data.riksdagen.se/anforande/H20945-110/html,Ingvar Carlsson,S,1995-10-04,https://data.riksdagen.se/anforande/GJ093-47/html,"Herr talman! Vi lever i en tid av betydande politiska förändringar, både i den svenska inrikespolitiken och internationellt.
Det går bara att förfäras över våldsdåden i Paris, attackerna på dem som gick och handlade i mataffären inför sabbaten och det förfärliga mördandet av dem som uttryckte det fria ordet. Om detta är vi och ska vi vara överens. ","Herr talman! Det är intressant att höra angreppen
på det socialdemokratiska partiet från såväl högern
som från Vänsterpartiet och med den emfas som de
framförs.

Moderaterna vill öka inkomstklyftorna, försämra
arbetsrätten och rasera välfärden. Så sent som för
några månader sedan skåpade de ut den ekonomiska
politiken och konvergensprogrammet. Vår "
GQ0912-2,GZ0915-108,0.93217,Bo Lundgren,M,2002-11-06,https://data.riksdagen.se/anforande/GQ0912-2/html,Lars Ohly,V,2011-10-12,https://data.riksdagen.se/anforande/GZ0915-108/html,"Herr talman! Varje dag vaknar fyra miljoner män-
niskor och går till jobbet. De undervisar våra barn, de
tillverkar möbler och bygger hus. De vårdar gamla,
de driver företag och de utvecklar nya idéer. Det är de
som är grunden för vårt välstånd och vår möjlighet att
möta framtidens utmaningar.
Varje dag vaknar också uppemot en och en halv
miljon mä","Herr talman! Statsministern stod här för några timmar sedan och var både stolt och nöjd, om jag förstod det rätt. Mycket hade gått åt rätt håll. De ekonomiska kurvorna pekade åt rätt håll. Fler var i arbete. Färre förtidspensionerades. Det var bara svarta siffror överallt. Inget var minus. Allting var bra.
Den beskrivningen kan bero inte bara på a"
GI0947-4,GQ09122-57,0.93216,Johan Lönnroth,V,1994-12-21,https://data.riksdagen.se/anforande/GI0947-4/html,Göran Persson,S,2003-06-13,https://data.riksdagen.se/anforande/GQ09122-57/html,"Fru talman! Jag vill börja med att instämma med
Bengt Westerberg kring betydelsen av det politiska
engagemanget. Han pekade också på vår tids stora
ödesfråga: demokratin.
Den internationella penningmakten har nämligen
urholkat demokratin. EU-omröstningen handlade i
grunden om detta. Den stora minoritet som röstade nej
bestod i huvudsak av dem som r","Herr talman! Svaret, Peter Eriksson, är att vi byg-
ger EU starkare. Peter Eriksson ondgör sig över
USA:s totala dominans. Vi har en stor politisk orga-
nisation där vi själva är medlemmar, sitter vid bordet,
kan påverka besluten, som står för progressiva idéer
och för den typ av värderingar som vi har - Europeis-
ka unionen. Det är den vi ska anvä"
H209113-43,GK0912-1,0.93208,Jimmie Åkesson,SD,2015-06-10,https://data.riksdagen.se/anforande/H209113-43/html,Lars Tobisson,M,1996-10-09,https://data.riksdagen.se/anforande/GK0912-1/html,"Herr talman! När Stefan Löfven samlade sina partikamrater till kongress för ett par veckor sedan bestämde man sig för att man ska kvotera ännu hårdare i föräldraförsäkringen. Föräldradagarna ska delas helt lika mellan mamman och pappan, vilket jag har varit inne på i ett replikskifte tidigare i dag. Socialdemokraterna, det dominerande regeringspart","Fru talman! Vad? Hur? När? Det är frågor som
inställer sig när man läser årets finansplan. Redan på
första sidan medger regeringen att det kommer att
krävas strukturella förändringar för att förbättra eko-
nomins sätt att fungera. Den nämner områden som
lönebildningen, arbetsmarknaden, energipolitiken,
pensionssystemet och den offentliga sektorn.
M"
H90951-7,H90951-2,0.93206,Johan Pehrson,L,2022-01-12,https://data.riksdagen.se/anforande/H90951-7/html,Ulf Kristersson,M,2022-01-12,https://data.riksdagen.se/anforande/H90951-2/html,"Fru talman! Liberalerna behövs mer än någonsin i svensk politik, för att vi ska få ett nytt land. Alla som vill se en hållbar politik med ett starkt skydd för Sveriges yttre och inre säkerhet vet att det inte finns enkla svar på svåra problem. Det handlar om att realistiskt och konsekvent, med de mest utsatta människorna för ögonen, öka tryggheten ","Fru talman! Mycket tyder nu på att Ryssland förbereder en invasion av Ukraina. Moskva kräver ett säkerhetsavtal mellan Nato och Ryssland för att, som de själva säger, undvika en militär konflikt. Men de vill tillbaka till kalla krigets uppdelning av världen och ta självständiga staters frihet att välja sin egen väg ifrån dem. Det är, enkelt uttryck"
GM0910-5,GJ09110-6,0.93203,Lars Leijonborg,L,1998-10-29,https://data.riksdagen.se/anforande/GM0910-5/html,Alf Svensson,KD,1996-06-12,https://data.riksdagen.se/anforande/GJ09110-6/html,"Herr talman! Det vore mycket bra om Augusto
Pinochet kunde ställas inför domstol och dömas för
folkrättsbrott. Det skulle skicka en signal till dem i
vår tid som fortsätter att förtrycka, tortera och mörda
att mänskligheten inte glömmer deras handlingar.
Det skulle också vara mycket bra om Gudrun
Schyman och andra företrädare för Vänsterpartiet
kun","Herr talman! Det gick litet varmt här för herr
Schlaug. Han vet vad man skall säga innan man har
talat.

Sedan vill jag faktiskt mycket ärligt och seriöst
säga att jag tycker att det skall finnas viss respekt för
alla partier här i kammaren, och den typen av ord som
""anhang"" anstår knappast någon partiledare att tillvita
något parti. Jag har i mång"
GH093-6,GM0942-24,0.93202,Olof Johansson,C,1993-10-06,https://data.riksdagen.se/anforande/GH093-6/html,Göran Persson,S,1999-01-20,https://data.riksdagen.se/anforande/GM0942-24/html,"Fru talman! Låt mig inledningsvis börja i en annan
ände än den debatten hittills har förts i. De senaste
åren, och de senaste veckorna, har vi i
blixtbelysning fått se vilket samhällsmoras som
diktaturer i upplösning lämnar efter sig, tydligare
åskådliggjort än någon gång efter andra
världskriget. Människor och natur har förötts.
Människovärdet for","Fru talman! Först skall jag tacka för alla vänliga
ord som har sagts, dessutom för strålande presenter.
Kanske är jag lite mer försiktig med EMU-
projektet än Lars Leijonborg. Jag skulle nog inte
riktigt vilja likna det vid den där fågeln som inte kan
flyga. Emun låter mycket, det vet vi, men den flyger
ju inte så bra. Vi får se vad som händer med "
HD0931-7,H109108-85,0.93198,Ebba Busch,KD,2025-11-12,https://data.riksdagen.se/anforande/HD0931-7/html,Annie Lööf,C,2014-05-07,https://data.riksdagen.se/anforande/H109108-85/html,"Herr talman! Låt oss aldrig glömma att när EU föddes var det ur ruiner i ett Europa sargat av krig, förintelse och politisk extremism.
Visionen var storslagen men egentligen ganska enkel, pådriven av kontinentens kristdemokrater: Aldrig mer krig. Länder som bombat varandra sönder och samman behövde alltså hitta ett sätt att komma förbi det outhärdl","Fru talman! Europa är demokratins vagga. Men det är också platsen som har sett två världskrig och födelsen av tre totalitära ideologier - kommunism, fascism och nazism. EU:s 28 medlemsländer är levande bevis på att det är handel, öppenhet och samarbete som är ofrihetens värsta fiende. Sedan 70-talets mitt har länder som Spanien, Grekland, Tyskland,"
H70958-6,GH09124-51,0.93196,Ebba Busch Thor,KD,2020-01-15,https://data.riksdagen.se/anforande/H70958-6/html,Olof Johansson,C,1994-06-11,https://data.riksdagen.se/anforande/GH09124-51/html,"Herr talman! Winston Churchill lär ha sagt att det som gör en person kvalificerad att bära ett politiskt förtroendeuppdrag är vederbörandes förmåga att förutsäga vad som kommer att inträffa i morgon, nästa vecka, nästa månad och nästa år och sedan efteråt förklara varför det inte hände. Vi kristdemokrater når uppenbarligen inte upp till dessa churc","Fru talman! Den tragedi som utspelats i Falun har
tagit sju människors liv enligt uppgift. Vi känner
sorg och deltagande med alla dem som drabbats, de
dödade och deras anhöriga. Sverige är oftast
förskonat från ond, bråd död av det här slaget. Det
vi ser i forna Jugoslavien, i Rwanda, i Sydafrika
förekommer inte här.

Sedan vi hade den förra partil"
HB0930-6,H109108-68,0.93195,Muharrem Demirok,C,2023-11-15,https://data.riksdagen.se/anforande/HB0930-6/html,Jan Björklund,L,2014-05-07,https://data.riksdagen.se/anforande/H109108-68/html,"Herr talman! Med 27 länder, närmare 450 miljoner medborgare, 24 officiella språk och världens tredje största ekonomi är Europeiska unionen en avgörande del av vår värld, vår vardag och vår verklighet. Sverige är i sin tur en avgörande del av Europeiska unionen. Vår kraft och vår röst kan och ska göra skillnad. Vi ska påverka EU därför att EU påverk",Fru talman! I hotellobbyn hänger vita lakan. Det är det enda som skiljer receptionen från det som har blivit ett bårhus. Det är när kvinnan läser namnlappen som hon förstår att kroppen efter hennes make Vladimir är en av dem som ligger insvepta bakom det vita lakanet. Kvinnan faller på knä. Hon har deras 14-årige son med sig. Deras femåriga dotter 
H50915-4,GW0956-14,0.93195,Jimmie Åkesson,SD,2017-10-11,https://data.riksdagen.se/anforande/H50915-4/html,Mona Sahlin,S,2009-01-14,https://data.riksdagen.se/anforande/GW0956-14/html,"Herr talman! Det går bra för Sverige, heter det. Ekonomin går på högvarv. Allt annat vore väl ganska konstigt med tanke på att vi faktiskt befinner oss mitt i brinnande högkonjunktur. Ändå finns det, menar jag, anledning att se med oro på framtiden.
Regeringen eldar på finanserna med det fetaste valfläsk i ett läge där man kanske i högre grad borde","Herr talman! Inget försvar finns för de brutala och våldsamma attacker som Israel just nu utför mot Gaza. Inget försvar finns för Hamas raketer mot Sederot och andra städer i Israel. För varje bomb dör allt fler barn och civila. För varje raket växer hatet. För varje dödsoffer glider en tvåstatslösning allt längre bort. 
Ansvaret ligger nu tungt i"
GH09124-73,GJ0976-3,0.93193,Harriet Colliander,NYD,1994-06-11,https://data.riksdagen.se/anforande/GH09124-73/html,Lars Leijonborg,L,1996-03-27,https://data.riksdagen.se/anforande/GJ0976-3/html,"Herr talman! Jag har skrivit mitt tal utan hjälp av
svenska eller utländska konsulter. Jag har ju lärt
mig i KU att både den sittande regeringen och de
gamla regeringarna frikostigt har använt sig av
svenska och utländska konsulter och att det har
kostat skattebetalarna många kronor.

Som ni vet har det blåst hårt sedan jag blev
partiledare för nio","Fru talman! Överallt stöter man på arbetslösheten.
Jag har släktingar som är arbetslösa. Jag har goda
vänner som är arbetslösa. När jag är på folkpartimö-
ten träffar jag arbetslösa. När jag är ute och reser
träffar jag arbetslösa. Jag kan inte minnas att vi nå-
gonsin varit i denna situation.

Varje arbetslös har naturligtvis sin egen historia.
En"
GO099-1,GQ0912-39,0.93193,Bo Lundgren,M,2000-10-11,https://data.riksdagen.se/anforande/GO099-1/html,Maud Olofsson,C,2002-11-06,https://data.riksdagen.se/anforande/GQ0912-39/html,"Fru talman! ""Så blir din nya ekonomi med Bosse
Ringholms budget."" Vi möttes alla av löpsedlarna när
regeringen presenterade sin budget för tre veckor
sedan. Så beroende av politiken är människor att
Bosse Ringholms budget avgör om pengarna räcker
till. Och än värre - om människor känner att de själva
räcker till.
I förra veckan berättade i Dagens N","Herr talman! Årets val innebar en valframgång för
Centerpartiet. Även om den var liten var det en
mycket efterlängtad valframgång, vill jag lova.
Statsministern har hävdat att årets val var ett ide-
ologiskt val. Jag håller med honom. Alternativen i
svensk politik blev tydligare än på länge, och de är
tydliga också här i riksdagen.
Det är ingen slu"
GM0910-10,GM0910-7,0.93188,Carl Bildt,M,1998-10-29,https://data.riksdagen.se/anforande/GM0910-10/html,Göran Persson,S,1998-10-29,https://data.riksdagen.se/anforande/GM0910-7/html,"Fru talman! Jag vill inte påstå att det är det allde-
les avgörande inslaget i en välfärdspolitik. Men det
är, åtminstone från riksdagens och regeringens ut-
gångspunkt, en hygglig startpunkt att ha en socialmi-
nister. Valrörelsens lockfågel flög hem efter valet,
och den därpå följande kandidaten drömde efter
banktjänsten och grabbarna, medan vi a","Herr talman! Låt mig börja med att på en gång till
Birger Schlaug säga att den sist uttalade förhoppning-
en är vi överens om. Låt oss arbeta för den tillsam-
mans!
Låt mig till Gudrun Schyman säga att flera av re-
geringens ledamöter, t.ex. Anna Lindh och Pierre
Schori, har utomordentligt tydligt uttryckt regering-
ens uppfattning om vad som nu hä"
H109128-87,GJ0944-31,0.93183,Jimmie Åkesson,SD,2014-06-18,https://data.riksdagen.se/anforande/H109128-87/html,Lars Leijonborg,L,1996-01-24,https://data.riksdagen.se/anforande/GJ0944-31/html,"Herr talman! Vi befinner oss i slutet av mandatperioden, och detta blir följaktligen den sista debatten av det här slaget för denna gång. 
Till skillnad från förra mandatperioden har vi under denna haft en minoritetsregering som emellanåt har haft svårt att acceptera att man inte haft stöd av en majoritet i riksdagen vid alla tillfällen. 
Det är ","Fru talman! Detta är Ingvar Carlssons sista parti-
ledardebatt. Jag vill gärna, på Folkpartiets och mina
egna vägnar, tacka honom för hans gärning i svenskt
samhällsliv från 50-talet och framåt. Ingvar Carlsson
har en rad personliga egenskaper som det är lätt att
känna sympati för. För att nämna en enda, har han vid
möten i mindre kretsar en humor,"
H209113-43,GR0955-39,0.9318,Jimmie Åkesson,SD,2015-06-10,https://data.riksdagen.se/anforande/H209113-43/html,Lars Leijonborg,L,2004-01-21,https://data.riksdagen.se/anforande/GR0955-39/html,"Herr talman! När Stefan Löfven samlade sina partikamrater till kongress för ett par veckor sedan bestämde man sig för att man ska kvotera ännu hårdare i föräldraförsäkringen. Föräldradagarna ska delas helt lika mellan mamman och pappan, vilket jag har varit inne på i ett replikskifte tidigare i dag. Socialdemokraterna, det dominerande regeringspart","Herr talman! Nu är det 2004, och nu har det gått tio år sedan Socialdemokraterna återkom till makten. 
Fler och fler upptäcker de problem som följer med det långa maktinnehavet: maktens arrogans, tendenserna att gynna sina egna, viljan att sträcka ut sina tentakler långt utanför den politiska sfären för att cementera sitt maktinnehav, förvaltninge"
GJ093-1,GJ093-15,0.93176,Lars Tobisson,M,1995-10-04,https://data.riksdagen.se/anforande/GJ093-1/html,Olof Johansson,C,1995-10-04,https://data.riksdagen.se/anforande/GJ093-15/html,"Fru talman! När partiledarna för ett år sedan de-
batterade den regeringsförklaring som Ingvar Carls-
son i egenskap av nytillträdd statsminister just avläm-
nat, beskrevs den av Carl Bildt som svag, svävande
och splittrad. Så här i efterhand och med Europavalet
i färskt minne framstår detta som en träffande karak-
teristik av regeringens uppträdan","Fru talman! Jag har inte för avsikt att gräva i det
förflutna här i dag. För det första gäller regeringsför-
klaringen framtiden - det är en avsiktsförklaring om
vad som skall ske. För det andra är det framtiden som
är påverkbar. Det gäller att lära sig av misstagen, vare
sig de har begåtts före eller efter 1991, och sedan
förstärka den utvecklinge"
GJ093-1,GK0912-14,0.93171,Lars Tobisson,M,1995-10-04,https://data.riksdagen.se/anforande/GJ093-1/html,Olof Johansson,C,1996-10-09,https://data.riksdagen.se/anforande/GK0912-14/html,"Fru talman! När partiledarna för ett år sedan de-
batterade den regeringsförklaring som Ingvar Carls-
son i egenskap av nytillträdd statsminister just avläm-
nat, beskrevs den av Carl Bildt som svag, svävande
och splittrad. Så här i efterhand och med Europavalet
i färskt minne framstår detta som en träffande karak-
teristik av regeringens uppträdan","Fru talman! Sverige behöver mer av samverkan
och samarbete för att politiken skall bli långsiktigt
hållbar. Åratal av förstelnad blockpolitik har skadat
svensk ekonomi och svenskt samhällsliv. Ytterkant-
spolitik kan aldrig leda Sverige in i framtiden, vare
sig den formuleras till höger eller till vänster. Prat
hjälper inte heller. Det krävs handli"
GT0957-26,GP09125-56,0.93171,Fredrik Reinfeldt,M,2006-01-18,https://data.riksdagen.se/anforande/GT0957-26/html,Göran Persson,S,2002-06-14,https://data.riksdagen.se/anforande/GP09125-56/html,Herr talman! Valåret 2006 är här. Många hävdar att det har varit valårskänsla under lång tid. Men jag tror att vi ska respektera att för väldigt många väljare är det nu processen börjar. Det är det svåra i den tid vi lever där så många står långt från partipolitiken och känner liten igenkänning i de politiska partierna. Det handlar om att nu söka s,"Herr talman! Först ett varmt tack till riksdagen för
den fyraårsperiod vi har arbetat tillsammans. Rege-
ringen har inte alltid fått som vi har velat, men vi har
presterat väldigt mycket gott tillsammans, och det är
jag tacksam för. Tack för det samarbetet!
Ett särskilt tack till Vänsterpartiet och Miljöpartiet
som i många frågor konstruktivt har b"
GZ0957-48,H00911-86,0.93171,Gustav Fridolin,MP,2012-01-18,https://data.riksdagen.se/anforande/GZ0957-48/html,Annie Lööf,C,2012-10-17,https://data.riksdagen.se/anforande/H00911-86/html,"Herr talman! Den här debatten handlar om tre saker, om jobben, jobben och jobben.
Låt mig börja med att vända mig till läktaren. Där sitter nämligen Charlie, Giv, Linnea och några till av de kloka människor som jag har lärt känna på den folkhögskola där jag jobbar. Tack för att ni kom! Ert engagemang får mitt engagemang att växa. Ni är några av de","Fru talman! År 2009 var Alexandra 20 år. Hon var arbetslös, och hon sade att hon var villig att ta vilket jobb som helst. Tillsammans med en kompis dekorerade hon ett helt parkeringshus med en jättelik kontaktannons. 
Häromåret ställde sig Linus på Lunds centralstation med ett stort plakat med en jobbsökarannons. Han ville ha jobb, en lön, arbetsk"
GL0953-37,GM0910-1,0.93165,Göran Persson,S,1998-01-21,https://data.riksdagen.se/anforande/GL0953-37/html,Carl Bildt,M,1998-10-29,https://data.riksdagen.se/anforande/GM0910-1/html,"Herr talman! Låt mig knyta an till Alf Svensson.
Jag tror att det finns anledning för oss i kammaren
och i hela vårt land att stanna upp inför det faktum att
det är mycket mer som förenar oss än vad som skiljer
oss. Det finns värden som går långt utöver den parti-
politiska striden. Vi får inte glömma det.
Ett uttryck för en sådan samling över part","Herr talman! Så står vi här igen i inledningen av
en ny mandatperiod. Fyra år ligger framför oss, som
kommer att föra oss in i ett nytt decennium, ett nytt
sekel, ett nytt århundrade, t.o.m. ett nytt årtusende. Vi
har en ny riksdag med en ny sammansättning, fler
vänsterpartister, fler kristdemokrater, fler moderater,
färre av en del annat och färre"
HA0921-5,HA0921-1,0.9316,Annie Lööf,C,2022-11-16,https://data.riksdagen.se/anforande/HA0921-5/html,Ulf Kristersson,M,2022-11-16,https://data.riksdagen.se/anforande/HA0921-1/html,"Herr talman! Europa är under hårt tryck. I östra Europa rasar Putins blodiga, oprovocerade anfallskrig vidare. Med brutal intensitet från den ryska regimens sida bombas barn, sjukhus och bostadshus.
 STYLEREF Kantrubrik \* MERGEFORMAT EU-politisk partiledardebatt
Vi ser också hur klimatförändringarna påverkar vår kontinent liksom resten av världen.","Herr talman! Den 11 november befriade Ukraina Cherson. På torget vajar nu Ukrainas flagga bredvid den europeiska flaggan. Ukrainska män och kvinnor har meter för meter återtagit sitt land och delar av sin frihet.
I går dödades två människor i Polen, mycket nära den ukrainska gränsen. En undersökning pågår, och Nato och Sverige följer utvecklingen m"
GJ093-37,GL0912-7,0.9316,Gudrun Schyman,V,1995-10-04,https://data.riksdagen.se/anforande/GJ093-37/html,Göran Persson,S,1997-10-08,https://data.riksdagen.se/anforande/GL0912-7/html,"Fru talman! Jag vill som utgångspunkt för mitt an-
förande ta det glapp som finns mellan det som ofta
sägs från talarstolarna och det som det talas om vid
köksborden. Det finns ett glapp mellan det som är
många människors vardag och det som beskrivs från
den här talarstolen och det som också beskrevs i den
regeringsförklaring som Ingvar Carlsson lä","Fru talman! Till Alf Svensson vill jag säga: Det
dystra med förmatcher är ju att den som går förmat-
chen antingen är på väg uppåt i boxningskarriären
eller på väg ut. Vilken kategori Alf Svensson tillhör
får han själv bedöma.
Annars sade Alf Svensson något som jag tyckte
var bra, och det var mycket annat i hans anförande
som var bra. Han sade att "
H209113-43,GJ0976-7,0.93157,Jimmie Åkesson,SD,2015-06-10,https://data.riksdagen.se/anforande/H209113-43/html,Göran Persson,S,1996-03-27,https://data.riksdagen.se/anforande/GJ0976-7/html,"Herr talman! När Stefan Löfven samlade sina partikamrater till kongress för ett par veckor sedan bestämde man sig för att man ska kvotera ännu hårdare i föräldraförsäkringen. Föräldradagarna ska delas helt lika mellan mamman och pappan, vilket jag har varit inne på i ett replikskifte tidigare i dag. Socialdemokraterna, det dominerande regeringspart","Fru talman! Alf Svensson sade att han villig att ta
de beska kommentarerna efter sitt anförande. Jag tror
inte att han behöver vara så orolig - han lyckades inta
i stort sett alla populära ståndpunkter: högre bistånd,
mer av kommunala anställningar, högre pensioner,
vårdnadsbidrag, allt. Alf Svensson fortsätter att sjunga
med änglarna.

Egentligen,"
GY099-73,GX09138-1,0.93157,Maud Olofsson,C,2010-11-03,https://data.riksdagen.se/anforande/GY099-73/html,Fredrik Reinfeldt,M,2010-06-16,https://data.riksdagen.se/anforande/GX09138-1/html,"Fru talman! I valet den 19 september gav väljarna ett klart och tydligt besked. Centerpartiet och Alliansen fick förnyat och förstärkt förtroende att fortsätta att leda Sverige de kommande fyra åren. 
Det är naturligtvis både utmanande och ansvarsfullt att leda Sverige i en tid då vi precis börjar återhämtningen efter finanskrisen, då de globala k","Herr talman! Ärade ledamöter! Svenska folket ska fatta ett viktigt beslut den 19 september. Det är ett viktigt beslut för alla svenskar och ett viktigt vägval för Sverige. Vilken väg in i framtiden ska vi välja för vårt fina land? Valet står mellan två tydliga regeringsalternativ, den allians som nu regerat Sverige i fyra och det rödgröna samarbete"
GO099-30,GO099-1,0.93153,Alf Svensson,KD,2000-10-11,https://data.riksdagen.se/anforande/GO099-30/html,Bo Lundgren,M,2000-10-11,https://data.riksdagen.se/anforande/GO099-1/html,"Fru talman! Jag tror att vi alla höll andan, bildligt
talat, när vi via nyhetsförmedlingar följde utveckling-
en i Belgrad. Äntligen kunde den krigsgalne och
maktgalne kommunisten och nationalisten Slobodan
Milosevic, som terroriserat folket, föraktat demokra-
tiska värden och lagt landet i ruiner, tvingas åt sidan.
Och detta skedde genom ett folks","Fru talman! ""Så blir din nya ekonomi med Bosse
Ringholms budget."" Vi möttes alla av löpsedlarna när
regeringen presenterade sin budget för tre veckor
sedan. Så beroende av politiken är människor att
Bosse Ringholms budget avgör om pengarna räcker
till. Och än värre - om människor känner att de själva
räcker till.
I förra veckan berättade i Dagens N"
GT09142-26,GM09111-23,0.93151,Fredrik Reinfeldt,M,2006-06-15,https://data.riksdagen.se/anforande/GT09142-26/html,Alf Svensson,KD,1999-06-16,https://data.riksdagen.se/anforande/GM09111-23/html,"Herr talman! I en värld som än i dag präglas väldigt mycket av fattigdom och sjukdomar, där många människors verklighet är brist på frihet och man lever i konsekvenser av miljöförstöring och terrorism finns det naturligtvis ibland anledning att påminna oss själva om i vilken skyddad del av världen vi lever och hur lyckliga vi är som har fötts och f","Herr talman! Först får vi höra en uppräkning som
ju tyder på att Vänsterpartiet är fött med ett nej i
halsen - inte ett utan en massa. Så går Gudrun Schy-
man upp och pratar om öppenhet. Det är en ganska
fantastisk dialog vi har här.
Jag hoppas och tror att vi i alla, i alla partier, kan
vara överens om att vårt politiska arbete behöver en
trovärdi"
H409125-2,H40913-93,0.93148,Stefan Löfven,S,2017-06-14,https://data.riksdagen.se/anforande/H409125-2/html,Annie Lööf,C,2016-10-12,https://data.riksdagen.se/anforande/H40913-93/html,"Partiledardebatt
Herr talman! En härlig utekväll i ett pulserande London, en vanlig måndag i tunnelbanan i Sankt Petersburg, en efterlängtad konsertkväll i Manchester eller en löftesrik eftermiddag i vårt eget Stockholm - plötsligt ändrar terrorismen på allt. Den sprider död, oro och otrygghet rakt in i våra liv. Kampen mot terrorismen är en kamp f",Herr talman! Dagligen gör sig omvärlden påmind. Vi kan se hur hagelstormar av bomber har förvandlat Aleppo i Syrien till helvetet på jorden. Bilder som kablas ut därifrån skär i hjärtat. Människor drivs på flykt mot ett lamslaget Europa där populister firar segrar på förnuftets bekostnad. Storbritanniens beslut att lämna EU gör framtiden oviss för 
H009121-1,H109128-74,0.93146,Fredrik Reinfeldt,M,2013-06-12,https://data.riksdagen.se/anforande/H009121-1/html,Annie Lööf,C,2014-06-18,https://data.riksdagen.se/anforande/H109128-74/html,"Herr talman! Jobben lägger grund för ett bra samhälle och en trygg ekonomisk grund för alla. Det skapar utmaning och självförverkligande och innebär ett kliv in i det svenska samhället för den som kommer från ett annat land. Det möjliggör gemenskap och social samvaro för en människa som har stått utanför.
För en ung människa kan ett arbete innebär","Herr talman! Ungas jobb och ungas möjlighet att få fortsätta att jobba har väl aldrig varit så utsatta som inför höstens val. Den samlade oppositionen vill göra dem som i dag har ett jobb arbetslösa och parkera dem i Amsplatser - från lön till bidrag. Mitt huvudfokus i debatten i dag kommer att vara ungas möjlighet att få fortsätta att jobba.
Ljud"
GT0913-52,GW0913-31,0.93144,Göran Persson,S,2005-10-12,https://data.riksdagen.se/anforande/GT0913-52/html,Maud Olofsson,C,2008-10-15,https://data.riksdagen.se/anforande/GW0913-31/html,Herr talman! Jag har med stort intresse lyssnat till debatten här på förmiddagen. Det är en märklig bild som växer fram. Det finns ett slags anspråk från den borgerliga högeralliansen på att representera något slags alternativ därför att man har lyckats komma överens om 50 av de nästan 1 000 miljarderna i budgeten. De 50 miljarderna har man sedan b,"Herr talman! Att ha ett jobb att gå till, att kunna försörja sig själv och att ha arbetskamrater är helt grundläggande för människors trygghet. Att veta att man behövs och att känna tillhörighet är fundamentalt för självkänslan. Men det är också grundläggande för ett välfärdssamhälle att alla som kan har en möjlighet att få bidra till det gemensamm"
HC09130-2,HD093-3,0.93137,Ulf Kristersson,M,2025-06-11,https://data.riksdagen.se/anforande/HC09130-2/html,Magdalena Andersson,S,2025-09-10,https://data.riksdagen.se/anforande/HD093-3/html,Herr talman! För tre år sedan fick vi mandatet av svenska folket att få ordning på Sverige. Låt mig påminna om hur det var då. Det var ett Sverige med ständiga regeringskriser där finansministern inte ens fick igenom sin egen budget. Det var ett Sverige där de dödliga skjutningarna hade tredubblats på tio år och ett Sverige som tog emot 300 000 asy,"Herr talman! Om ett år går svenska folket till val, och vi kommer att göra det i en historiskt osäker värld. Våldet fortsätter med en nästan obeskrivlig grymhet i Gaza, och i natt kränktes polskt luftrum av Ryssland.
Det är varken första eller sista gången Europa kommer att utsättas för den typen av kränkningar och hybridkrigföring. Vi måste vara b"
HA0914-8,HC0956-5,0.93137,Johan Pehrson,L,2022-10-26,https://data.riksdagen.se/anforande/HA0914-8/html,Muharrem Demirok,C,2025-01-15,https://data.riksdagen.se/anforande/HC0956-5/html,"STYLEREF Kantrubrik \* MERGEFORMAT Partiledardebatt
Herr talman! Det är ett svårt läge i världen. I vår närhet ångar den ryska mördarmaskinen på, och allt tyder på att det blir en tuff krigsvinter. Sveriges stöd till Ukrainas kamp för frihet och demokrati i vår del av världen måste fortsätta med all kraft.
I Sverige och Europa rusar inflationen - j","Herr talman! Det känns fint att få stå här i kammaren framför kollegor igen efter ännu ett juluppehåll, men det känns också ansvarstungt. När vi nu kliver in i 2025 är det nämligen uppenbart att Sverige inte mår så bra.
Sammanhållningen är stukad, och alltför många upplever att politiken inte har svar på de problem som de möter i vardagen. Alltför "
GH09124-73,GH093-3,0.93136,Harriet Colliander,NYD,1994-06-11,https://data.riksdagen.se/anforande/GH09124-73/html,Gudrun Schyman,V,1993-10-06,https://data.riksdagen.se/anforande/GH093-3/html,"Herr talman! Jag har skrivit mitt tal utan hjälp av
svenska eller utländska konsulter. Jag har ju lärt
mig i KU att både den sittande regeringen och de
gamla regeringarna frikostigt har använt sig av
svenska och utländska konsulter och att det har
kostat skattebetalarna många kronor.

Som ni vet har det blåst hårt sedan jag blev
partiledare för nio","Fru talman! Det är intressant att höra att
föregående talare är så oroad över att ledamöter
lämnar den här salen. Han borde vara mer oroad
över att så många ledamöter lämnar hans eget parti
med hänvisning till att det är odemokratiskt och
diktatoriskt styrt.

Jag skall inleda det här anförandet med att för
ovanlighetens skull redovisa ett sammanhan"
H00952-64,GQ09122-31,0.93134,Jan Björklund,L,2013-01-16,https://data.riksdagen.se/anforande/H00952-64/html,Alf Svensson,KD,2003-06-13,https://data.riksdagen.se/anforande/GQ09122-31/html,"Fru talman! Krisen fortsätter. Prognosen för den närmaste tiden är sämre än vad vi tidigare kunde förutse. Men debatten om de kortsiktiga problemen får inte skyla den viktiga diskussionen om de långsiktiga utmaningarna. Det går bättre för Nordeuropa än för Sydeuropa, och det gör att många trots allt har attityden att vi nog kan luta oss tillbaka nå","Herr talman! Under den gångna veckan har vi
runtom i hela Sverige hört sjungas eller - det kanske
vore rättare att säga - skrikas ut: Och den ljusnande
framtid är vår!
Det finns ingen mer angelägen uppgift för Sveri-
ges parlamentariker än att med de medel som står oss
till buds vilja främja just en ljusnande framtid.
Vår miljö, Sveriges ekonomi, d"
GJ0944-2,GJ0944-31,0.9313,Ingvar Carlsson,S,1996-01-24,https://data.riksdagen.se/anforande/GJ0944-2/html,Lars Leijonborg,L,1996-01-24,https://data.riksdagen.se/anforande/GJ0944-31/html,"Fru talman! Uppriktigt sagt var det inte mycket
som moderatledaren hade att komma med. Jag tror
inte att det bara var jag som blev överraskad när det
plötsligt tog slut. Jag hann ju knappt begära ordet hos
talmannen. Trots detta dåliga underlag för en replik
skall jag, fru talman, anstränga mig att prestera något.

Först efterlyste moderatföreträda","Fru talman! Detta är Ingvar Carlssons sista parti-
ledardebatt. Jag vill gärna, på Folkpartiets och mina
egna vägnar, tacka honom för hans gärning i svenskt
samhällsliv från 50-talet och framåt. Ingvar Carlsson
har en rad personliga egenskaper som det är lätt att
känna sympati för. För att nämna en enda, har han vid
möten i mindre kretsar en humor,"
GM09111-28,GN0952-1,0.9313,Lennart Daléus,C,1999-06-16,https://data.riksdagen.se/anforande/GM09111-28/html,Bo Lundgren,M,2000-01-19,https://data.riksdagen.se/anforande/GN0952-1/html,"Herr talman! ""Systemet är stängt vecka 26."" Så
står det i ett elektroniskt meddelande från riksdagens
duktiga dataenhet. Det man syftar på är datasystemet
som kommer att ligga nere. Servrarna skall bytas ut,
de är gamla, de har inte rätt kapacitet. Jag tror att det
är bra att servrarna i riksdagen byts ut. Det är bra att
vi har en modern IT-utrustn","Fru talman! I Rosenbad har den gamla långbänken
åter kommit till heders. Där sitter de: Göran Persson,
som kommit fram till att valutasamarbetet är bra men
som inte gör något åt det. Bosse Ringholm, som tog
över skattesamtalen och gick från stolta deklarationer
om årtusendets skattereform till vaga samtal om den
tekniska utformningen av energibeska"
HA0921-3,HD0931-3,0.93126,Jimmie Åkesson,SD,2022-11-16,https://data.riksdagen.se/anforande/HA0921-3/html,Magdalena Andersson,S,2025-11-12,https://data.riksdagen.se/anforande/HD0931-3/html,"Herr talman! Vi har, som det konstaterats många gånger i den här talarstolen, en ny regering på plats. Det är en regering som Sverigedemokraterna samarbetar tätt med. Vi är fyra partier som är överens om att Sverige behöver en nystart och ett paradigmskifte inom ett stort antal samhällskritiska områden. Sverigedemokraterna är en del av regeringsund","Herr talman! 30 år har gått sedan Sverige blev medlem av Europeiska unionen. Det var en tid av framtidstro och framtidsoptimism, där världen utvecklades mot mer demokrati, mer frihandel och mer fred. Nu bevittnar vi något annat. 
Herr talman! I vår tid ser svenska folket ett fullskaligt krig på den europeiska kontinenten. Bomber fortsätter att fall"
GT0957-1,GU09125-31,0.93125,Göran Persson,S,2006-01-18,https://data.riksdagen.se/anforande/GT0957-1/html,Maud Olofsson,C,2007-06-13,https://data.riksdagen.se/anforande/GU09125-31/html,Herr talman! Nu börjar valårets politiska debatter. Jag ska inte dölja att jag ser fram mot detta - en uppfriskande och hård ideologisk debatt om Sveriges vägval. Vilket Sverige vill vi ha? I vilken riktning ska vi gå? Hur utvecklas världen runtomkring oss? Ett Sverige som är mer beroende av omvärlden än någonsin har ju anledning att ställa sig den,"Herr talman! Först vill också jag passa på att tacka Lars Leijonborg som nu har sin sista partiledardebatt. Det har varit ett fantastiskt samarbete och den kanske mest intensiva och spännande perioden i svensk politisk historia, alltifrån Högfors och fram till maktskiftet.
Jag vill också säga att det engagemang för skolan som visats av Folkpartiet"
GM0910-10,GO099-46,0.93122,Carl Bildt,M,1998-10-29,https://data.riksdagen.se/anforande/GM0910-10/html,Göran Persson,S,2000-10-11,https://data.riksdagen.se/anforande/GO099-46/html,"Fru talman! Jag vill inte påstå att det är det allde-
les avgörande inslaget i en välfärdspolitik. Men det
är, åtminstone från riksdagens och regeringens ut-
gångspunkt, en hygglig startpunkt att ha en socialmi-
nister. Valrörelsens lockfågel flög hem efter valet,
och den därpå följande kandidaten drömde efter
banktjänsten och grabbarna, medan vi a","Herr talman! Värderade ledamöter av denna
kammare! Det är faktiskt tänkvärt att följa debatten så
som vi har fått göra under några morgontimmar den-
na dag. Det beskriver på något sätt det politiska läget
i vårt land. Vi är i en högkonjunktur. Det märks. Det
är krav på jättelika skattesänkningar, krav på enorma
utgiftsökningar och egentligen bara s"
HD0931-7,HA0921-8,0.93122,Ebba Busch,KD,2025-11-12,https://data.riksdagen.se/anforande/HD0931-7/html,Johan Pehrson,L,2022-11-16,https://data.riksdagen.se/anforande/HA0921-8/html,"Herr talman! Låt oss aldrig glömma att när EU föddes var det ur ruiner i ett Europa sargat av krig, förintelse och politisk extremism.
Visionen var storslagen men egentligen ganska enkel, pådriven av kontinentens kristdemokrater: Aldrig mer krig. Länder som bombat varandra sönder och samman behövde alltså hitta ett sätt att komma förbi det outhärdl","Herr talman! Det är krig i Europa sedan en tid tillbaka. Ukrainare slåss för sina liv, sin demokrati och sin frihet mot den ryska mördarmaskinen. Hela Europa dras in. I går drabbades Polen direkt, men vi ska inte dra några förhastade slutsatser.
 STYLEREF Kantrubrik \* MERGEFORMAT EU-politisk partiledardebatt
Det kommer att bli en lång och tuff vin"
GM0942-22,GK09119-8,0.93113,Lars Leijonborg,L,1999-01-20,https://data.riksdagen.se/anforande/GM0942-22/html,Göran Persson,S,1997-06-12,https://data.riksdagen.se/anforande/GK09119-8/html,"Fru talman! Även jag vill gratulera Göran Pers-
son. Jag tänkte också överlämna en present från
Folkpartiet. Jag har bett mina medarbetare om tips,
men jag tyckte att de var för elaka. Det var sådant
som första hjälpen-låda, spelet Rappakalja eller en
vindflöjel. Men jag fyller ju 50 själv senare i år, så
jag tycker att man skall ge snälla presente","Fru talman! Precis vid samma tillfälle som jag
förberedde debatten inför avslutningen av riksdags-
året kom opinionsmätningen som visade att svenska
barn och ungdomar i förfärande stor utsträckning inte
känner till att förintelsen inträffade under andra
världskriget. Det förtog hela den stämning som jag
försökte arbeta upp inför debatten.
Det är na"
GQ09122-31,GS0961-39,0.93112,Alf Svensson,KD,2003-06-13,https://data.riksdagen.se/anforande/GQ09122-31/html,Lars Leijonborg,L,2005-01-20,https://data.riksdagen.se/anforande/GS0961-39/html,"Herr talman! Under den gångna veckan har vi
runtom i hela Sverige hört sjungas eller - det kanske
vore rättare att säga - skrikas ut: Och den ljusnande
framtid är vår!
Det finns ingen mer angelägen uppgift för Sveri-
ges parlamentariker än att med de medel som står oss
till buds vilja främja just en ljusnande framtid.
Vår miljö, Sveriges ekonomi, d","Herr talman! Jag hade naturligtvis hoppats på några vettigare besked från statsministern än dem jag fick i mitt förra replikskifte. Nu råkar det vara så att Göran Persson har bara 14 sekunders debattid kvar. Det reser ju frågan om jag skulle kunna skänka Göran Persson två minuter av min debattid. Det kanske strider mot någon princip, men då hör det"
GQ09122-18,GL0912-2,0.93112,Lars Leijonborg,L,2003-06-13,https://data.riksdagen.se/anforande/GQ09122-18/html,Olof Johansson,C,1997-10-08,https://data.riksdagen.se/anforande/GL0912-2/html,"Herr talman! Jag tänker tala mycket om föränd-
ring. Min utgångspunkt är att Sverige behöver stora
förändringar. Men det beror förstås på vilken verklig-
hetsbild man har. Vi har redan hört här att statsmi-
nistern har begärt replik och hävdat att statistiken
visar det ena och det andra. Man måste ju också klara
den typen av seminarieövningar och v","Fru talman! Jag vill börja med att rikta en väl-
komsthälsning till Carl Bildt, som är hemma igen
efter att ha haft att hantera ett viktigt internationellt
uppdrag. Vi har alla, tror jag, med spänning följt det
arbetet. Det är också självklart att det inte var avslutat
när Carl Bildt lämnade Bosnien, men vi hoppas att det
skall drivas vidare i samm"
H109128-2,GY09116-86,0.93111,Fredrik Reinfeldt,M,2014-06-18,https://data.riksdagen.se/anforande/H109128-2/html,Maud Olofsson,C,2011-06-15,https://data.riksdagen.se/anforande/GY09116-86/html,"Herr talman! I den lilla belgiska staden Ypres dog nästan en miljon människor under första världskriget. Där samlas Europeiska rådet nästa för att minnas och hedra dem som föll. Det var uppemot 20 miljoner människor som dog i första världskriget, vilket är en ofattbar siffra för oss som har fötts i fredens Europa.
Hundra år senare är krig och våld","Fru talman! Centerpartiet och de andra vännerna i allianspartierna gick till val på tydliga löften. Vi skulle skapa fler jobb i växande företag i Sverige. Vi skulle ta ansvar för ekonomin och vi skulle driva den gröna omställningen. Vi skulle också se till att människor som tidigare stod utanför arbetsmarknaden hade en chans att komma tillbaka.
Vi"
GV0952-35,GZ0957-104,0.93111,Maud Olofsson,C,2008-01-16,https://data.riksdagen.se/anforande/GV0952-35/html,Jonas Sjöstedt,V,2012-01-18,https://data.riksdagen.se/anforande/GZ0957-104/html,"Herr talman! I årtionden har fabrikernas löpandebandsprincip varit ledstjärna för hur den offentliga välfärden har formats. Vi medborgare har fått anpassa oss till de lösningar som har erbjudits av politiker inom den offentliga sektorn.
Men, mina vänner, människor är inte ting, lika lite som moln är fyrkantiga. Alla vill inte ha gröt till frukost ","Fru talman! Jag tycker att debatten har gett en ganska god bild av den svenska politiken. På den ena sidan har vi en regering som är väldigt nöjd, inte minst med sig själv, och tycker att det går bra. Man hanterar de stora frågorna och det går framåt för Sverige. Man föreslår egentligen inga större samhällsförändringar eller reformer på något områd"
GI098-1,GJ0944-12,0.9311,Carl Bildt,M,1994-10-12,https://data.riksdagen.se/anforande/GI098-1/html,Olof Johansson,C,1996-01-24,https://data.riksdagen.se/anforande/GJ0944-12/html,"Fru talman! Jag tycker att dagens debatt på något
sätt verkar hänga i luften. Vi hade i går under några
intensiva timmar här i riksdagen möjlighet att
diskutera det viktiga vägval som Europapolitiken
innebär, och när det gäller inriktningen av den
ekonomiska politiken har vi knappt fått några besked
värda namnet i den regeringsförklaring som
presen","Fru talman! Det grymma kriget i forna Jugoslavi-
en har bringats till ett slut. Men lidande och hat finns
kvar. Massgravarna vittnar om vettlöst dödande. Den
nya IFOR-styrkan skall återställa freden, men det är
viktigt att komma ihåg att kriget lever kvar i form av
hat, lidande, dolt och förrädiskt. Fem svenska soldater
finns bland dem som nyligen "
GM0942-22,GL0912-7,0.93109,Lars Leijonborg,L,1999-01-20,https://data.riksdagen.se/anforande/GM0942-22/html,Göran Persson,S,1997-10-08,https://data.riksdagen.se/anforande/GL0912-7/html,"Fru talman! Även jag vill gratulera Göran Pers-
son. Jag tänkte också överlämna en present från
Folkpartiet. Jag har bett mina medarbetare om tips,
men jag tyckte att de var för elaka. Det var sådant
som första hjälpen-låda, spelet Rappakalja eller en
vindflöjel. Men jag fyller ju 50 själv senare i år, så
jag tycker att man skall ge snälla presente","Fru talman! Till Alf Svensson vill jag säga: Det
dystra med förmatcher är ju att den som går förmat-
chen antingen är på väg uppåt i boxningskarriären
eller på väg ut. Vilken kategori Alf Svensson tillhör
får han själv bedöma.
Annars sade Alf Svensson något som jag tyckte
var bra, och det var mycket annat i hans anförande
som var bra. Han sade att "
GW0913-44,GY09116-2,0.93109,Jan Björklund,L,2008-10-15,https://data.riksdagen.se/anforande/GW0913-44/html,Fredrik Reinfeldt,M,2011-06-15,https://data.riksdagen.se/anforande/GY09116-2/html,"Herr talman! Turbulens är ordet. De senaste veckorna har varit omtumlande. Ändå är det viktigaste budskapet till svenska folket i dag att vi kommer att ta oss igenom även detta. Det kommer en avmattning i konjunkturen. Vi kommer att få utmaningar att lösa. Men vi kommer att klara det.
En ideologisk debatt om krisens orsaker har redan satt i gång. ","Herr talman! I den blomstertid som nu kommer finns anledning att hälsa Håkan Juholt och Gustav Fridolin hjärtligt välkomna till dagens partiledardebatt och det gäller även Åsa Romson som med växelverkan också kommer att ha den rollen.
De som följer riksdagens partiledardebatter vet att det ibland finns en tendens att det i goda tider låter på rege"
GW09134-1,GQ0912-43,0.93107,Fredrik Reinfeldt,M,2009-06-17,https://data.riksdagen.se/anforande/GW09134-1/html,Göran Persson,S,2002-11-06,https://data.riksdagen.se/anforande/GQ0912-43/html,"Herr talman! Ärade ledamöter! Valet i 27 länder är nu avhållet. Vi har fått ett resultat. Den borgerliga dominansen i Europaparlamentet har förstärkts. Det lägger en viktig grund för stabilitet de kommande fem åren. Det skapar förutsättningar för långsiktighet och ansvarstagande i EU:s institutioner. Det möjliggör att isolera extremisterna, de extr","Herr landshövding! Herr talman! Vid årsskiftet
utvecklas välfärden i vårt land. Det gäller barnen, de
äldre och satsningarna på vården och skolan. Det är
omfattande reformer som har blivit möjliga eftersom
vi har lyckats pressa tillbaka arbetslösheten, få ord-
ning på offentliga finanser och fått stöd i valet för en
politik som sätter satsningarna "
H9093-1,GZ0915-86,0.93101,Stefan Löfven,S,2021-09-15,https://data.riksdagen.se/anforande/H9093-1/html,Annie Lööf,C,2011-10-12,https://data.riksdagen.se/anforande/GZ0915-86/html,"Herr talman! Jag vill börja med att citera Vilhelm Moberg från boken Din stund på jorden: ""Tag vara på ditt liv! Akta det väl! Slarva inte bort det! För nu är det din stund på jorden!""
Partiledardebatt
Det är vårt ansvar att ta vara på vår korta stund här på jorden, där vi tar hand om våra medmänniskor, vår natur och vår omvärld. Men vår gemensamma","Herr talman! Mona Sahlin hävdade på sin tid att det skulle vara häftigt att betala skatt. Men det är sannerligen häftigare att ha ordning på statsfinanserna. Det är så man skapar utrymme, utrymme för den möjlighetspolitik som Sverige behöver.
Det finns de som hävdar att Alliansens framgångsrika ekonomiska politik bara är en trist kameral förvaltni"
GV09126-70,GR0913-1,0.93095,Lars Ohly,V,2008-06-11,https://data.riksdagen.se/anforande/GV09126-70/html,Bo Lundgren,M,2003-10-15,https://data.riksdagen.se/anforande/GR0913-1/html,"Herr talman! Vi står inför tre stora utmaningar som måste hanteras.
Den första handlar om klimatproblemen, och det är också den största utmaningen, därför att om vi inte klarar av att bemöta den globala uppvärmningen med en politik för hållbar utveckling kommer alla andra politiska frågor att hamna i slagskugga. För att klara det krävs det storska","Herr talman! Jag har haft förmånen att få företräda de moderata idéerna i riksdagen i nästan 30 år. Det är med stor glädje jag har deltagit i debatterna i utskott och kammare. Men det har också funnits stunder av djup förstämning, senast när Anna Lindh så tragiskt rycktes bort.
De senaste decennierna har varit en tid av omvälvande förändringar i S"
HD0957-62,GQ09122-1,0.93093,Ebba Busch,KD,2026-01-14,https://data.riksdagen.se/anforande/HD0957-62/html,Bo Lundgren,M,2003-06-13,https://data.riksdagen.se/anforande/GQ09122-1/html,"Herr talman! Nu reser sig Sverige. Under den här mandatperioden har vi gjort upp med politiska ideal som tillåtits att lamslå vårt land. 
Alltför länge har svenska folket matats med åsikten att Sverige måste ha världens högsta skattetryck för att ha en bra välfärd. Men ändå har vi tvingats leva med rekordlånga vårdköer. Vi har fått en övertro på by","Herr talman! Sverige är de förlorade möjligheter-
nas land.
För någon vecka sedan meddelade EU-
kommissionen att elva av de 15 medlemsländerna nu
har högre välstånd än Sverige. I förrgår kom ytterli-
gare en bekräftelse. Tidskriften The Economist på-
minde om att Sverige i dag är det fattigaste landet i
Norden.
För bara trettio år sedan var det tvä"
GZ0957-48,GZ09129-18,0.9309,Gustav Fridolin,MP,2012-01-18,https://data.riksdagen.se/anforande/GZ0957-48/html,Mikael Damberg,S,2012-06-13,https://data.riksdagen.se/anforande/GZ09129-18/html,"Herr talman! Den här debatten handlar om tre saker, om jobben, jobben och jobben.
Låt mig börja med att vända mig till läktaren. Där sitter nämligen Charlie, Giv, Linnea och några till av de kloka människor som jag har lärt känna på den folkhögskola där jag jobbar. Tack för att ni kom! Ert engagemang får mitt engagemang att växa. Ni är några av de","Herr talman! I ett junigrönt Sverige kan inbördeskrigets Syrien kännas avlägset, men vi nås av allt värre rapporter. FN:s särskilda sändebud för barn i väpnade konflikter rapporterade i går att hon sällan skådat en sådan brutalitet mot barn som den i Syrien. Grymheten är förfärande. Ansvaret vilar tungt på regimen i Damaskus att avstå från ytterlig"
GI09121-37,GI0947-14,0.9308,Lars Tobisson,M,1995-06-15,https://data.riksdagen.se/anforande/GI09121-37/html,Ingvar Carlsson,S,1994-12-21,https://data.riksdagen.se/anforande/GI0947-14/html,"Herr talman! Att vi moderater är orättvisa är ju ett
slitet tema från Ingvar Carlssons sida. Basen för kriti-
ken är bl.a. vad fyrpartiregeringen gjorde på det socia-
la området. Man kan minnas den indignation som
visades när vi hade förslagit en sänkning av kompen-
sationsnivån i arbetslöshetsförsäkringen till 80 %.
Då är frågan hur situationen är","Herr talman! Alf Svensson talar alltid i en vänlig
och lugn ton. Det gör att man kanske inte alltid obser-
verar ens mycket grova övertramp. Nu måste jag, herr
talman, kraftigt reagera. Alf Svensson sade här att jag
spelade ihop med Wachtmeister och Ny demokrati i
oppositionsställning. Det var precis det jag inte gjor-
de, Alf Svensson. Jag hade i "
GV09126-31,GY09116-19,0.93079,Maud Olofsson,C,2008-06-11,https://data.riksdagen.se/anforande/GV09126-31/html,Håkan Juholt,S,2011-06-15,https://data.riksdagen.se/anforande/GY09116-19/html,"Herr talman! Jag skulle vilja börja med att säga tack, 165 000 tack till alla företagare runt om i hela landet som sedan Allians för Sverige fick väljarnas förtroende har sett till att 165 000 människor har kunnat gå från utanförskap till jobb. Jag vill tacka för er vilja, alla sena timmar och allt ert mod och engagemang för Sverige och jobben. 
T","Herr talman! Ärade ledamöter! Jag har varit partiledare för Socialdemokraterna i ungefär två månader. Det har slagit mig vilka stora förväntningar som ställs på Socialdemokraterna. Jag förstår det, för svenska folket vet vad Sverige har blivit och vad Socialdemokraterna har tagit ansvar för genom historien. Vi är vad vi är, inte för att vi hela tid"
GY0943-1,H30951-93,0.93076,Fredrik Reinfeldt,M,2011-01-19,https://data.riksdagen.se/anforande/GY0943-1/html,Anders W Jonsson,C,2016-01-13,https://data.riksdagen.se/anforande/H30951-93/html,"Herr talman, ärade ledamöter! Med historiska tillväxttal och med en ekonomi i balans lämnar Sverige 2010 och går in i 2011. Den vändning vi har sett i svensk ekonomi från 2009 till 2010 är historisk och avviker från hur det ser ut i andra länder. Det finns flera förklaringar till det, men det handlar om regeringens arbetslinje. Den krispolitik som ","Herr talman! För 13 dagar sedan ringde nyårsklockorna över Sverige. De ringde för ett land som har att hantera fler asylsökande än någonsin tidigare. Klockorna ringde för ett land som har fått omvärdera hotet från terrorism och extremism efter allvarliga händelser i vår omvärld. De ringde för ett land som drabbats av otrygghet, mordbränder, våld oc"
H40913-18,H30951-93,0.93074,Stefan Löfven,S,2016-10-12,https://data.riksdagen.se/anforande/H40913-18/html,Anders W Jonsson,C,2016-01-13,https://data.riksdagen.se/anforande/H30951-93/html,"Herr talman! De bilder som når oss nu från krigets Syrien träffar oss som ett knytnävsslag rakt i magen. Det vi ser är total ödeläggelse. Det liknar den brända jordens taktik nu. Människor är inlåsta i de belägrade områdena, sjukhus bombas, små barn grävs fram ur ruinerna och humanitär hjälp når inte fram. Det är outhärdligt bara att bevittna.
Sver","Herr talman! För 13 dagar sedan ringde nyårsklockorna över Sverige. De ringde för ett land som har att hantera fler asylsökande än någonsin tidigare. Klockorna ringde för ett land som har fått omvärdera hotet från terrorism och extremism efter allvarliga händelser i vår omvärld. De ringde för ett land som drabbats av otrygghet, mordbränder, våld oc"
GP0913-32,GP0913-31,0.93072,Lars Leijonborg,L,2001-10-17,https://data.riksdagen.se/anforande/GP0913-32/html,Lena Ek,C,2001-10-17,https://data.riksdagen.se/anforande/GP0913-31/html,"Fru talman! Det är mycket bra att insikten om ter-
rorismens farlighet har ökat i Sverige. Terrorismen är
den yttersta formen av diktatur. Några få med totalt
förakt för andra människors värde anser sig ha rätt att
med våld tvinga andra till underkastelse.
Terroristerna vill skrämma oss till rädsla. Vi ska
svara med mod. Terroristerna vill skrämma ","Fru talman, ledamöter, åhörare! Jag måste precis
som alla andra börja med det som sker i Afghanistan.
För en del år sedan åkte jag längs gränsen mellan
Pakistan och Afghanistan i en FN-jeep, genom alla de
flyktingläger som ligger utkastade i det som egentli-
gen är det vi i Sverige skulle kalla grustag, med solen
mitt på himlen och ingen skugga någ"
GR0913-48,GM0910-10,0.93071,Maud Olofsson,C,2003-10-15,https://data.riksdagen.se/anforande/GR0913-48/html,Carl Bildt,M,1998-10-29,https://data.riksdagen.se/anforande/GM0910-10/html,Herr talman! För en månad sedan röstade svenska folket nej till euron som valuta. Man kan analysera resultatet på väldigt många olika sätt. Man kan diskutera hur kampanjen fördes och varför det gick som det gick. Jag tänker i dag ta kampanjen och folkomröstningen som utgångspunkt för två viktiga lärdomar inför framtiden. Jag vill diskutera tillväxt,"Fru talman! Jag vill inte påstå att det är det allde-
les avgörande inslaget i en välfärdspolitik. Men det
är, åtminstone från riksdagens och regeringens ut-
gångspunkt, en hygglig startpunkt att ha en socialmi-
nister. Valrörelsens lockfågel flög hem efter valet,
och den därpå följande kandidaten drömde efter
banktjänsten och grabbarna, medan vi a"
HD0957-62,HC0956-2,0.93065,Ebba Busch,KD,2026-01-14,https://data.riksdagen.se/anforande/HD0957-62/html,Magdalena Andersson,S,2025-01-15,https://data.riksdagen.se/anforande/HC0956-2/html,"Herr talman! Nu reser sig Sverige. Under den här mandatperioden har vi gjort upp med politiska ideal som tillåtits att lamslå vårt land. 
Alltför länge har svenska folket matats med åsikten att Sverige måste ha världens högsta skattetryck för att ha en bra välfärd. Men ändå har vi tvingats leva med rekordlånga vårdköer. Vi har fått en övertro på by","Herr talman! I vår omvärld tätnar de mörka molnen. Netanyahus krigföring i Gaza har passerat alla gränser. Gisslan är ännu inte frigiven. I Ukraina fortsätter Rysslands brutala krig. Spänningarna i vårt direkta närområde ökar, med kabelbrott och den ryska skuggflottan.
Samtidigt lever vi i ekonomiskt oroliga tider. Lågkonjunkturen i vårt land är dj"
GV0911-1,GQ0944-26,0.93063,Mona Sahlin,S,2007-10-17,https://data.riksdagen.se/anforande/GV0911-1/html,Bo Lundgren,M,2003-01-22,https://data.riksdagen.se/anforande/GQ0944-26/html,"Herr talman! Det har hänt mycket i svensk politik sedan den förra partiledardebatten. En försvarsminister har avgått för att han inte hade stöd i regeringen. En finansmarknadsminister borde ha avgått för att han bara har stöd i regeringen. Jobben har blivit fler, men det har de långtidsarbetslösa också blivit. Vi som har höga inkomster har blivit r","Herr talman! Jag kan hålla med Maria Wetter-
strand åtminstone i ett avseende, och det är att de
frågor som diskuteras i konventet och som så små-
ningom ska bli föremål för beslut i Europeiska rådet
skulle kunna få en större plats här i riksdagen. Om jag
som riksdagsledamot skulle ge ett råd till talmannen
kunde det vara att man i stället för att "
GH093-2,GJ09110-7,0.93058,Ian Wachtmeister,NYD,1993-10-06,https://data.riksdagen.se/anforande/GH093-2/html,Göran Persson,S,1996-06-12,https://data.riksdagen.se/anforande/GJ09110-7/html,"Fru talman! Till dem som nu traditionsensligt
lämnar lokalen vill jag påpeka att baren inte har
öppnat ännu.

I motsats till Ingvar Carlsson vet jag inte riktigt vad
regeringen i allmänhet kommer att säga så
småningom. Det räcker för min del med vad den
har sagt och gjort.

Jag utgår också från att alla känner till den mycket
allvarliga situationen","Herr talman! Jag hade egentligen planerat att hålla
ett annat anförande än det jag nu skall hålla. Det beror
på att vi har fått bevittna ett sådant totalt sönderfall
och en så total brist på reaktion från de partiers sida
som står utanför den uppgörelse som presenterades i
går om hur vi skall pressa tillbaka den öppna arbets-
lösheten.

Jag har lys"
H40952-5,H409125-2,0.93055,Annie Lööf,C,2017-01-11,https://data.riksdagen.se/anforande/H40952-5/html,Stefan Löfven,S,2017-06-14,https://data.riksdagen.se/anforande/H409125-2/html,"Herr talman! Vi har precis lämnat 2016 bakom oss, ett år av händelser som vi kommer att minnas länge. Det var ett år med mycket mörker och ett år med mycket oro, brutalitet och otrygghet: Aleppo, Istanbul, Nice, Bagdad, Berlin - grova våldsdåd i Malmö, Ronneby och Göteborg och också Husby, där handlare kring årsskiftet i protest mot den ökande krim","Partiledardebatt
Herr talman! En härlig utekväll i ett pulserande London, en vanlig måndag i tunnelbanan i Sankt Petersburg, en efterlängtad konsertkväll i Manchester eller en löftesrik eftermiddag i vårt eget Stockholm - plötsligt ändrar terrorismen på allt. Den sprider död, oro och otrygghet rakt in i våra liv. Kampen mot terrorismen är en kamp f"
